DATE,Gexc
05/01/2010,-0.0069687
06/01/2010,0.0069687
07/01/2010,0
08/01/2010,-0.0069687
11/01/2010,-0.0070176
12/01/2010,0
13/01/2010,0
14/01/2010,0
15/01/2010,-0.0070671
19/01/2010,0.0070671
20/01/2010,0
21/01/2010,0
22/01/2010,0
25/01/2010,0
26/01/2010,0.0070176
27/01/2010,0
28/01/2010,0
29/01/2010,0
02/02/2010,0.0069687
03/02/2010,-0.0069687
04/02/2010,0
05/02/2010,0.0069687
08/02/2010,-0.0069687
09/02/2010,0
10/02/2010,0.0069687
11/02/2010,-0.0069687
12/02/2010,0
16/02/2010,0.0069687
17/02/2010,-0.0139863
18/02/2010,0
19/02/2010,0
22/02/2010,0.0070176
23/02/2010,0
24/02/2010,0
25/02/2010,0
01/03/2010,-0.0070176
02/03/2010,0
03/03/2010,0
04/03/2010,0
05/03/2010,0
09/03/2010,0
10/03/2010,-0.0070671
11/03/2010,0
15/03/2010,0.0070671
17/03/2010,0
18/03/2010,0
19/03/2010,0
22/03/2010,-0.0070671
23/03/2010,0
24/03/2010,0
25/03/2010,0.0070671
26/03/2010,0
29/03/2010,-0.0070671
30/03/2010,0.0140847
31/03/2010,-0.0070176
01/04/2010,0.0070176
06/04/2010,-0.0070176
07/04/2010,0
08/04/2010,-0.0070671
12/04/2010,0.0070671
13/04/2010,0
14/04/2010,0
15/04/2010,0
16/04/2010,-0.0070671
19/04/2010,0.0070671
20/04/2010,0
21/04/2010,0
22/04/2010,0
23/04/2010,0
26/04/2010,0
27/04/2010,0
28/04/2010,0
29/04/2010,0
30/04/2010,-0.0070671
04/05/2010,0.0070671
05/05/2010,0
07/05/2010,0
10/05/2010,0
11/05/2010,0
12/05/2010,0
13/05/2010,0
14/05/2010,0
17/05/2010,0
18/05/2010,0
19/05/2010,0
20/05/2010,0.0070176
21/05/2010,0
24/05/2010,0
26/05/2010,0
27/05/2010,0
28/05/2010,0
02/06/2010,0
03/06/2010,0
04/06/2010,-0.0070176
07/06/2010,0
08/06/2010,0.0070176
09/06/2010,0
10/06/2010,0
11/06/2010,0
14/06/2010,0
15/06/2010,0
16/06/2010,0
17/06/2010,0.0069687
18/06/2010,0
21/06/2010,0
22/06/2010,0
23/06/2010,0
24/06/2010,0
25/06/2010,0
28/06/2010,0
29/06/2010,0
30/06/2010,0
02/07/2010,0
06/07/2010,0.0069204
07/07/2010,0
08/07/2010,0
09/07/2010,0
12/07/2010,0
13/07/2010,0.0068729
14/07/2010,0
15/07/2010,0
16/07/2010,0
19/07/2010,0
20/07/2010,-0.0068729
21/07/2010,0.0068729
22/07/2010,0
23/07/2010,0
26/07/2010,-0.0068729
27/07/2010,0
28/07/2010,0
29/07/2010,0
30/07/2010,-0.0069204
02/08/2010,0
03/08/2010,-0.0069687
05/08/2010,0
06/08/2010,0
09/08/2010,0
10/08/2010,-0.0070176
11/08/2010,0.0070176
12/08/2010,0.0069687
16/08/2010,0.0069687
17/08/2010,0
18/08/2010,0
19/08/2010,-0.0069687
20/08/2010,0
23/08/2010,0
24/08/2010,0.0069687
25/08/2010,0
26/08/2010,0
30/08/2010,0
31/08/2010,0
01/09/2010,0
02/09/2010,0
03/09/2010,0
07/09/2010,0
08/09/2010,0
13/09/2010,0
14/09/2010,0
15/09/2010,0
16/09/2010,0
17/09/2010,0
20/09/2010,0
22/09/2010,0
23/09/2010,0
24/09/2010,-0.0070176
27/09/2010,0
28/09/2010,0
29/09/2010,0
30/09/2010,0.0070176
01/10/2010,0
04/10/2010,-0.0070176
05/10/2010,0.0070176
06/10/2010,-0.0070176
07/10/2010,0
08/10/2010,0.0070176
12/10/2010,0
13/10/2010,-0.0070176
14/10/2010,0
15/10/2010,0
18/10/2010,0
19/10/2010,0
21/10/2010,0
22/10/2010,0
25/10/2010,0
26/10/2010,0
27/10/2010,0
28/10/2010,0
29/10/2010,0
01/11/2010,0
03/11/2010,0
04/11/2010,0
08/11/2010,0
09/11/2010,0
10/11/2010,0
12/11/2010,0
15/11/2010,0
19/11/2010,0
22/11/2010,0
23/11/2010,0.0069204
24/11/2010,0
26/11/2010,0
29/11/2010,0
30/11/2010,0
01/12/2010,0
02/12/2010,0
08/12/2010,0
09/12/2010,0.0068729
10/12/2010,0
14/12/2010,0
15/12/2010,0
16/12/2010,0
17/12/2010,0
20/12/2010,0
21/12/2010,0
22/12/2010,0
23/12/2010,0.0136056
24/12/2010,0
29/12/2010,0
30/12/2010,0.006734
31/12/2010,0
04/01/2011,0
05/01/2011,0
06/01/2011,-0.006734
07/01/2011,0
31/01/2011,0
02/02/2011,0
04/02/2011,-0.0063899
07/02/2011,-0.0129034
08/02/2011,-0.0130721
09/02/2011,0
10/02/2011,-0.0066007
11/02/2011,0
14/02/2011,0
16/02/2011,0
17/02/2011,-0.0133335
18/02/2011,0
22/02/2011,0.0066445
23/02/2011,0
24/02/2011,0
25/02/2011,0
08/03/2011,0
09/03/2011,0
10/03/2011,0
11/03/2011,0
14/03/2011,0
15/03/2011,0.0065574
16/03/2011,0
17/03/2011,0
22/03/2011,0
23/03/2011,0
24/03/2011,0
25/03/2011,0
28/03/2011,0
29/03/2011,0
30/03/2011,-0.0065574
31/03/2011,-0.0066007
01/04/2011,0
05/04/2011,0.0066007
06/04/2011,0
07/04/2011,-0.0066007
08/04/2011,0
11/04/2011,0
12/04/2011,0
13/04/2011,0
14/04/2011,0
15/04/2011,0
18/04/2011,0.0066007
19/04/2011,-0.0066007
20/04/2011,-0.0066445
21/04/2011,0
26/04/2011,0
27/04/2011,0
28/04/2011,0
29/04/2011,0.0066445
03/05/2011,0.0066007
04/05/2011,-0.0066007
05/05/2011,0
06/05/2011,0
09/05/2011,0
10/05/2011,0
11/05/2011,0
12/05/2011,0
13/05/2011,0
16/05/2011,0
17/05/2011,0
18/05/2011,0.0066007
19/05/2011,0
20/05/2011,-0.0066007
23/05/2011,0
24/05/2011,0
26/05/2011,0
27/05/2011,0
31/05/2011,0.0066445
02/06/2011,0
03/06/2011,0
07/06/2011,0.0066007
08/06/2011,0
09/06/2011,0
10/06/2011,0
13/06/2011,0
14/06/2011,0
15/06/2011,0
16/06/2011,0
17/06/2011,0
20/06/2011,0
21/06/2011,0
22/06/2011,0
23/06/2011,0
24/06/2011,0
27/06/2011,0
28/06/2011,0
29/06/2011,0
30/06/2011,0
05/07/2011,-0.0066007
06/07/2011,0
07/07/2011,0
08/07/2011,0.0066007
12/07/2011,0
13/07/2011,0
14/07/2011,0
15/07/2011,-0.0066007
18/07/2011,0
19/07/2011,0
20/07/2011,0
21/07/2011,0
22/07/2011,0
26/07/2011,0
27/07/2011,0
28/07/2011,0
29/07/2011,0
02/08/2011,0
03/08/2011,0
04/08/2011,0.0066007
05/08/2011,0
08/08/2011,0
10/08/2011,0
11/08/2011,0
12/08/2011,0.0065147
15/08/2011,-0.0065147
16/08/2011,0
17/08/2011,0
18/08/2011,0
19/08/2011,0
24/08/2011,0
26/08/2011,0
29/08/2011,0
06/09/2011,0
07/09/2011,0
08/09/2011,0.0065147
09/09/2011,0
13/09/2011,0.0064725
14/09/2011,0.0064309
15/09/2011,0.0063899
16/09/2011,-0.0063899
19/09/2011,0
20/09/2011,0.0063899
22/09/2011,0
23/09/2011,0.0126584
26/09/2011,0
27/09/2011,0
28/09/2011,0
29/09/2011,0.0062696
30/09/2011,0
03/10/2011,0.0062306
04/10/2011,0
05/10/2011,0.006192
06/10/2011,0
07/10/2011,0
11/10/2011,-0.0061539
14/10/2011,0.0122701
19/10/2011,0
21/10/2011,-0.0125002
24/10/2011,0
27/10/2011,0.0062696
28/10/2011,0
31/10/2011,0
03/11/2011,0
04/11/2011,0
08/11/2011,0.0062306
09/11/2011,0
10/11/2011,0
14/11/2011,0.006192
15/11/2011,-0.006192
16/11/2011,0
17/11/2011,0.006192
21/11/2011,0.0061539
22/11/2011,0
23/11/2011,0
25/11/2011,0.0061162
28/11/2011,0.006079
30/11/2011,0
05/12/2011,-0.0242436
06/12/2011,0.0061162
07/12/2011,0
08/12/2011,0
09/12/2011,0.006079
13/12/2011,0
14/12/2011,-0.006079
15/12/2011,0
16/12/2011,0
19/12/2011,0
20/12/2011,0
21/12/2011,0
22/12/2011,0
23/12/2011,0
28/12/2011,0
30/12/2011,0.006079
03/01/2012,0.0060423
04/01/2012,-0.0121213
05/01/2012,0.0121213
06/01/2012,0
10/01/2012,0.0119762
11/01/2012,0.0118345
12/01/2012,0.011696
13/01/2012,0
17/01/2012,0.0114944
18/01/2012,0
19/01/2012,-0.0231224
20/01/2012,0
24/01/2012,-0.0058652
25/01/2012,-0.0058997
26/01/2012,-0.0059348
27/01/2012,0
30/01/2012,0
31/01/2012,0
02/02/2012,0
03/02/2012,0.0059348
06/02/2012,0
08/02/2012,0.0058997
09/02/2012,0.0058652
10/02/2012,0
13/02/2012,0
14/02/2012,0
15/02/2012,0
16/02/2012,-0.0058652
17/02/2012,0
21/02/2012,0
22/02/2012,0
23/02/2012,-0.0058652
24/02/2012,0
28/02/2012,0
29/02/2012,0.0058652
01/03/2012,0
02/03/2012,0
05/03/2012,0
07/03/2012,0
08/03/2012,0.0058309
09/03/2012,0
13/03/2012,0
14/03/2012,0
15/03/2012,0.0114944
16/03/2012,0.005698
19/03/2012,0
21/03/2012,-0.0112996
22/03/2012,0
26/03/2012,0
27/03/2012,0
28/03/2012,0
29/03/2012,0
30/03/2012,0
02/04/2012,0
03/04/2012,0
04/04/2012,0.0056022
05/04/2012,0
10/04/2012,0.005571
11/04/2012,0
12/04/2012,0
13/04/2012,0
16/04/2012,0
17/04/2012,0.0055402
18/04/2012,0.0055097
19/04/2012,0
20/04/2012,0
23/04/2012,0
24/04/2012,0.0163491
25/04/2012,0
26/04/2012,0.0053908
27/04/2012,0
30/04/2012,-0.0053908
02/05/2012,0.0107527
03/05/2012,-0.0053619
04/05/2012,0
07/05/2012,0.0106953
08/05/2012,-0.0053334
09/05/2012,0.0053334
10/05/2012,0
11/05/2012,0.0053051
14/05/2012,0.005277
15/05/2012,0
16/05/2012,0
17/05/2012,-0.005277
18/05/2012,0
21/05/2012,0
22/05/2012,0.005277
23/05/2012,0
24/05/2012,0
29/05/2012,0
30/05/2012,0
31/05/2012,0
05/06/2012,0
06/06/2012,0
07/06/2012,0
08/06/2012,-0.0052494
11/06/2012,0.0104713
12/06/2012,0
13/06/2012,0.0051948
15/06/2012,0
18/06/2012,0
19/06/2012,0
20/06/2012,0
21/06/2012,0
22/06/2012,-0.0051948
25/06/2012,0.0103629
26/06/2012,-0.0103629
27/06/2012,0.0051948
28/06/2012,0.005168
29/06/2012,0
03/07/2012,0
05/07/2012,0.0051151
06/07/2012,-0.0051151
09/07/2012,-0.0051414
10/07/2012,0.0102565
12/07/2012,-0.0051151
13/07/2012,0.0051151
16/07/2012,0
17/07/2012,-0.0051151
18/07/2012,0
19/07/2012,0
20/07/2012,0
24/07/2012,0
26/07/2012,0.0051151
27/07/2012,-0.0051151
30/07/2012,0
31/07/2012,0
01/08/2012,0
02/08/2012,0
03/08/2012,0.0051151
07/08/2012,-0.0051151
08/08/2012,0.0051151
09/08/2012,-0.0051151
14/08/2012,0
16/08/2012,0
17/08/2012,-0.0051414
21/08/2012,0
22/08/2012,0
23/08/2012,-0.005168
24/08/2012,0
27/08/2012,0.005168
28/08/2012,0
29/08/2012,-0.005168
30/08/2012,0
31/08/2012,0
04/09/2012,-0.005168
05/09/2012,0
06/09/2012,-0.0156661
07/09/2012,0
11/09/2012,0
12/09/2012,-0.005277
13/09/2012,0
14/09/2012,0.005277
17/09/2012,0
18/09/2012,0.0052494
19/09/2012,0.0052219
24/09/2012,-0.0052219
25/09/2012,-0.0052494
26/09/2012,-0.005277
27/09/2012,0.005277
28/09/2012,0
01/10/2012,0
02/10/2012,-0.005277
03/10/2012,0
04/10/2012,0.005277
05/10/2012,-0.005277
09/10/2012,0.0053051
10/10/2012,0
11/10/2012,0
12/10/2012,0
16/10/2012,0
17/10/2012,0
18/10/2012,0
19/10/2012,-0.0053051
22/10/2012,0
23/10/2012,0
24/10/2012,-0.0053334
25/10/2012,0.0053334
29/10/2012,0
30/10/2012,0.0053051
01/11/2012,0
05/11/2012,0
06/11/2012,0
07/11/2012,0
08/11/2012,0
09/11/2012,0
14/11/2012,0
20/11/2012,0
21/11/2012,0.005277
23/11/2012,0
26/11/2012,0
27/11/2012,0.0052494
28/11/2012,-0.0052494
30/11/2012,-0.005277
03/12/2012,0
04/12/2012,0
05/12/2012,0
06/12/2012,0
10/12/2012,0.005277
11/12/2012,0
13/12/2012,0
14/12/2012,0
17/12/2012,0
18/12/2012,0.005277
19/12/2012,0
20/12/2012,-0.005277
21/12/2012,0.005277
27/12/2012,0.0052494
28/12/2012,-0.0052494
31/12/2012,0.0052494
03/01/2013,-0.0052494
04/01/2013,0
07/01/2013,-0.005277
09/01/2013,0
10/01/2013,0.005277
11/01/2013,0
15/01/2013,0
16/01/2013,0
17/01/2013,0
18/01/2013,0
22/01/2013,0
23/01/2013,0
25/01/2013,0
29/01/2013,0
30/01/2013,0
31/01/2013,0.0052494
04/02/2013,0
05/02/2013,0
06/02/2013,-0.0052494
07/02/2013,0.0052494
08/02/2013,-0.0052494
11/02/2013,0
12/02/2013,0.0052494
13/02/2013,0
14/02/2013,-0.0052494
15/02/2013,0
19/02/2013,0.0052494
20/02/2013,0
22/02/2013,0.0052219
27/02/2013,0
28/02/2013,0
01/03/2013,0
05/03/2013,-0.0052219
07/03/2013,0.0052219
08/03/2013,0
11/03/2013,0
13/03/2013,0.0051948
14/03/2013,0
15/03/2013,0.005168
18/03/2013,-0.005168
19/03/2013,0
21/03/2013,0
22/03/2013,0
25/03/2013,0
26/03/2013,0
27/03/2013,0
28/03/2013,0
02/04/2013,0
03/04/2013,0
04/04/2013,0
05/04/2013,0
08/04/2013,0
10/04/2013,0.0051414
12/04/2013,0
15/04/2013,0
16/04/2013,0.0051414
17/04/2013,0
18/04/2013,0.0051151
19/04/2013,0.005089
22/04/2013,0
23/04/2013,0
24/04/2013,0
25/04/2013,0
26/04/2013,0.0050633
29/04/2013,-0.0050633
30/04/2013,0
02/05/2013,0.0050633
03/05/2013,0
06/05/2013,0
07/05/2013,-0.0050633
08/05/2013,0.0050633
09/05/2013,0.0050378
10/05/2013,0
13/05/2013,0
14/05/2013,0
15/05/2013,0
16/05/2013,0
17/05/2013,0
20/05/2013,0
21/05/2013,0.0050125
22/05/2013,0
23/05/2013,0
24/05/2013,0
04/06/2013,0
05/06/2013,0
06/06/2013,0
07/06/2013,0
10/06/2013,0.0049875
11/06/2013,0
12/06/2013,0
13/06/2013,0
14/06/2013,0
17/06/2013,0
18/06/2013,0
19/06/2013,0
20/06/2013,0
21/06/2013,0
24/06/2013,0.0049628
25/06/2013,0.0098523
26/06/2013,-0.004914
28/06/2013,-0.0049382
02/07/2013,-0.0049628
03/07/2013,0.009901
05/07/2013,-0.004914
08/07/2013,0.009804
09/07/2013,-0.009804
10/07/2013,0.009804
12/07/2013,0
15/07/2013,0
16/07/2013,0.0048662
17/07/2013,0
18/07/2013,0.0048426
19/07/2013,0
22/07/2013,0
23/07/2013,-0.0048426
24/07/2013,0.0144581
26/07/2013,0
29/07/2013,0
30/07/2013,0
31/07/2013,0
01/08/2013,0
02/08/2013,0
05/08/2013,0
06/08/2013,0.0047961
07/08/2013,-0.0047961
12/08/2013,0.0047733
15/08/2013,0
16/08/2013,0
19/08/2013,0.004662
20/08/2013,0
21/08/2013,0
22/08/2013,0
23/08/2013,0
26/08/2013,0
27/08/2013,0
28/08/2013,0
29/08/2013,0
30/08/2013,0.0046404
03/09/2013,-0.0046404
04/09/2013,0.0092593
05/09/2013,0.0045977
06/09/2013,0
11/09/2013,0
12/09/2013,0
13/09/2013,0
16/09/2013,0
17/09/2013,0
18/09/2013,0
19/09/2013,0
20/09/2013,0
24/09/2013,0
25/09/2013,0
26/09/2013,0
27/09/2013,0
30/09/2013,0
02/10/2013,0
03/10/2013,0
07/10/2013,0
09/10/2013,-0.0045767
10/10/2013,0.0045767
14/10/2013,-0.0045767
18/10/2013,0
23/10/2013,0
24/10/2013,0.0045351
25/10/2013,0
28/10/2013,0
29/10/2013,0.0045147
30/10/2013,0
31/10/2013,0.0044944
06/11/2013,0
07/11/2013,0
08/11/2013,0
12/11/2013,-0.0044543
13/11/2013,0.0133039
14/11/2013,-0.0177782
15/11/2013,0.0089286
19/11/2013,0.0088496
20/11/2013,0
21/11/2013,0
22/11/2013,0
25/11/2013,0
26/11/2013,0.0043956
27/11/2013,-0.0043956
29/11/2013,0
02/12/2013,0.0087337
03/12/2013,0.0043384
04/12/2013,0.0086207
09/12/2013,-0.0086207
10/12/2013,0.0086207
11/12/2013,0
16/12/2013,0.0215062
17/12/2013,-0.0128481
18/12/2013,-0.0043197
19/12/2013,0.0214141
20/12/2013,0
23/12/2013,0.0042283
24/12/2013,0
27/12/2013,0
30/12/2013,0
31/12/2013,-0.012739
03/01/2014,0.012739
06/01/2014,-0.0084746
07/01/2014,0.0210535
15/01/2014,-0.0041754
16/01/2014,0
21/01/2014,0
22/01/2014,0
23/01/2014,0.0082645
24/01/2014,-0.0165979
28/01/2014,0
29/01/2014,-0.0126318
30/01/2014,0.0084389
03/02/2014,0.0040404
04/02/2014,-0.024491
05/02/2014,-0.0041407
07/02/2014,0.0446321
10/02/2014,0
11/02/2014,0
12/02/2014,0.0118344
14/02/2014,-0.0198026
18/02/2014,-0.0079681
19/02/2014,0.0119286
20/02/2014,-0.0039604
21/02/2014,-0.0039762
25/02/2014,0
26/02/2014,0.0236232
27/02/2014,0.0038835
03/03/2014,0.0038987
04/03/2014,-0.0078126
07/03/2014,0.007874
10/03/2014,0
11/03/2014,0.0039139
13/03/2014,-0.0039139
14/03/2014,0.011696
17/03/2014,0
18/03/2014,0.0153849
21/03/2014,0.003795
24/03/2014,0.0112996
25/03/2014,-0.0037524
26/03/2014,0.0037524
27/03/2014,0.0074627
28/03/2014,0
01/04/2014,0.0037106
02/04/2014,0.0036969
03/04/2014,-0.0036969
04/04/2014,0.0073801
07/04/2014,0
08/04/2014,0.021819
10/04/2014,0.0036036
11/04/2014,0.0035907
14/04/2014,-0.0071943
15/04/2014,0.0036036
16/04/2014,-0.0072203
17/04/2014,0.010811
22/04/2014,0.0035778
23/04/2014,0
24/04/2014,0.0106572
25/04/2014,-0.0070922
28/04/2014,0.0035524
29/04/2014,0.0035398
30/04/2014,0
02/05/2014,0.0035274
05/05/2014,0.0070175
06/05/2014,-0.0070175
07/05/2014,0.0174525
08/05/2014,0.0034542
09/05/2014,-0.0069205
12/05/2014,0.0137933
13/05/2014,-0.0137933
14/05/2014,0.0137933
15/05/2014,0.0136056
16/05/2014,0
19/05/2014,0
20/05/2014,0
21/05/2014,0
22/05/2014,0
23/05/2014,0.0167508
27/05/2014,0
28/05/2014,0.0197375
29/05/2014,-0.00982
30/05/2014,0
03/06/2014,0
04/06/2014,-0.0266683
05/06/2014,0.0266683
06/06/2014,0.0163136
09/06/2014,0
10/06/2014,0.0064516
11/06/2014,0.0032103
12/06/2014,-0.0032103
13/06/2014,0.0032103
16/06/2014,0.0190482
17/06/2014,-0.0287101
18/06/2014,0
19/06/2014,0.0318499
20/06/2014,0.0459498
23/06/2014,-0.0777997
24/06/2014,0.0412103
25/06/2014,-0.0031104
26/06/2014,0.0336938
27/06/2014,0.0030075
30/06/2014,-0.0120847
02/07/2014,0.0030348
03/07/2014,0.0269076
07/07/2014,0.057331
08/07/2014,-0.0177521
09/07/2014,-0.0089955
10/07/2014,-0.0243914
14/07/2014,0.0598981
15/07/2014,-0.0175958
16/07/2014,0.0088366
17/07/2014,0.0231894
18/07/2014,-0.0231894
21/07/2014,0.0402353
22/07/2014,-0.0402353
23/07/2014,0.0145563
24/07/2014,0.0561945
31/07/2014,-0.0292419
01/08/2014,0.0234616
04/08/2014,-0.0145987
05/08/2014,0.0346855
06/08/2014,0.0112995
07/08/2014,-0.0313863
08/08/2014,0.099255
11/08/2014,0
12/08/2014,-0.0212209
14/08/2014,-0.040601
18/08/2014,0.002574
19/08/2014,0.0025674
20/08/2014,-0.0207262
21/08/2014,-0.0184945
22/08/2014,0
25/08/2014,0.0158733
26/08/2014,-0.0132103
27/08/2014,0.0132103
28/08/2014,-0.0079052
29/08/2014,-0.0053051
02/09/2014,0.0026489
03/09/2014,-0.0133157
04/09/2014,0.0026773
05/09/2014,-0.0298529
09/09/2014,0
10/09/2014,-0.0027587
11/09/2014,0.0027587
12/09/2014,-0.0222851
15/09/2014,0.0139862
16/09/2014,0.0082989
17/09/2014,-0.0307717
18/09/2014,-0.0615128
19/09/2014,0.0297642
23/09/2014,-0.0327899
24/09/2014,-0.0152674
25/09/2014,-0.0030817
26/09/2014,0.0183491
29/09/2014,-0.0030348
30/09/2014,-0.0122325
01/10/2014,-0.0092736
02/10/2014,-0.0031104
03/10/2014,0
07/10/2014,-0.0031202
08/10/2014,0
09/10/2014,0
10/10/2014,0
14/10/2014,0.0031202
16/10/2014,0
17/10/2014,-0.0031202
21/10/2014,0.0062306
22/10/2014,0
27/10/2014,-0.0031104
28/10/2014,0.0062112
29/10/2014,0
30/10/2014,0
31/10/2014,0
03/11/2014,0
04/11/2014,0
05/11/2014,0
06/11/2014,-0.0031008
07/11/2014,0
10/11/2014,0
12/11/2014,-0.0031008
13/11/2014,0
14/11/2014,0
17/11/2014,-0.0093604
19/11/2014,0
20/11/2014,0
21/11/2014,0.0031298
24/11/2014,0
25/11/2014,0
26/11/2014,-0.0031298
28/11/2014,-0.0031202
01/12/2014,0.0031202
02/12/2014,-0.0031202
03/12/2014,0.0062306
08/12/2014,0
09/12/2014,0
11/12/2014,0
15/12/2014,0
16/12/2014,0
17/12/2014,0
18/12/2014,-0.0031104
19/12/2014,0.0031104
22/12/2014,0
23/12/2014,0
24/12/2014,0
29/12/2014,0
30/12/2014,-0.0093604
31/12/2014,0.0093604
05/01/2015,0
06/01/2015,0.0031008
07/01/2015,0.0030912
09/01/2015,0.0153142
12/01/2015,-0.0153142
13/01/2015,0.0153142
15/01/2015,0.006135
16/01/2015,-0.0030628
20/01/2015,-0.0121582
21/01/2015,0.0091324
22/01/2015,-0.006079
23/01/2015,0.0030441
27/01/2015,0
28/01/2015,0.0060606
29/01/2015,0.0060241
30/01/2015,0.0119404
02/02/2015,-0.0029718
05/02/2015,0
06/02/2015,0
09/02/2015,-0.0149034
10/02/2015,0.0149034
11/02/2015,0.0088366
12/02/2015,0
13/02/2015,0
18/02/2015,0.0174422
20/02/2015,0.0028695
24/02/2015,-0.0057472
25/02/2015,0.0086083
27/02/2015,0
02/03/2015,0
03/03/2015,0.0056981
04/03/2015,0
05/03/2015,0.0084866
09/03/2015,0.0028129
10/03/2015,0.0028051
11/03/2015,0.0083683
13/03/2015,0.0027663
16/03/2015,0.0137177
17/03/2015,-0.0248289
18/03/2015,0.01387
19/03/2015,0.0325232
23/03/2015,0.0132452
24/03/2015,0
25/03/2015,0
26/03/2015,0
27/03/2015,0.0078636
30/03/2015,0
31/03/2015,0
01/04/2015,0.0026076
02/04/2015,-0.0026076
07/04/2015,-0.0026144
08/04/2015,0
10/04/2015,0
13/04/2015,0.0026076
14/04/2015,0.0026008
15/04/2015,0
16/04/2015,-0.0026008
17/04/2015,0.0026008
20/04/2015,0
21/04/2015,0
22/04/2015,0
23/04/2015,0
24/04/2015,0
27/04/2015,0
28/04/2015,0
29/04/2015,0
30/04/2015,0.002594
04/05/2015,0.0025873
05/05/2015,0
06/05/2015,0
07/05/2015,0.0051547
08/05/2015,0
11/05/2015,0.0076826
12/05/2015,0.0101523
13/05/2015,0
14/05/2015,0
15/05/2015,0.0125473
18/05/2015,0.0024905
19/05/2015,0
20/05/2015,0.0024846
21/05/2015,0.0049505
22/05/2015,0
26/05/2015,0.0049261
27/05/2015,0
28/05/2015,0
29/05/2015,0.0146344
03/06/2015,0.0120338
04/06/2015,-0.0120338
05/06/2015,0.0239246
08/06/2015,0.004717
09/06/2015,0.0046948
10/06/2015,0.0116416
11/06/2015,0.004619
12/06/2015,0.0023015
15/06/2015,0.0022962
16/06/2015,-0.0161854
17/06/2015,0.0207621
18/06/2015,0.0045558
19/06/2015,0.0022701
22/06/2015,-0.0045455
23/06/2015,0.0068104
24/06/2015,-0.002265
25/06/2015,0
26/06/2015,-0.0045455
29/06/2015,-0.0068572
30/06/2015,-0.0255531
02/07/2015,-0.0310658
03/07/2015,-0.0370871
06/07/2015,-0.0050504
07/07/2015,-0.0519598
08/07/2015,-0.0548083
09/07/2015,0
10/07/2015,-0.025679
13/07/2015,0.0114943
14/07/2015,-0.0143887
15/07/2015,-0.0294139
16/07/2015,0
21/07/2015,0.0180727
22/07/2015,0
23/07/2015,0.0148152
24/07/2015,0.0543767
27/07/2015,0.0436037
28/07/2015,-0.0134231
29/07/2015,0.0187422
30/07/2015,0.0131754
31/07/2015,0.0130041
04/08/2015,-0.0051813
05/08/2015,0.0051813
06/08/2015,0.010283
07/08/2015,0
10/08/2015,0.0252539
11/08/2015,-0.0075095
12/08/2015,0.0272632
14/08/2015,-0.012092
17/08/2015,0.0048543
18/08/2015,-0.0024242
19/08/2015,0.0192313
20/08/2015,0
21/08/2015,0.0071175
24/08/2015,0.0210534
25/08/2015,-0.0046403
26/08/2015,-0.05007
27/08/2015,-0.0147786
28/08/2015,-0.0327898
31/08/2015,-0.0181118
01/09/2015,-0.0078636
02/09/2015,0.0052493
03/09/2015,-0.0052493
04/09/2015,0.013072
08/09/2015,-0.0025609
09/09/2015,-0.0103095
10/09/2015,0.0128703
11/09/2015,0.030229
15/09/2015,-0.0049751
16/09/2015,-0.0201519
17/09/2015,-0.0076629
22/09/2015,-0.0128703
23/09/2015,-0.0104167
28/09/2015,-0.005291
29/09/2015,-0.0053191
30/09/2015,-0.0053476
01/10/2015,0
02/10/2015,-0.0053763
05/10/2015,0.0160431
06/10/2015,-0.0026561
07/10/2015,-0.002663
08/10/2015,0.002663
09/10/2015,0.0132103
13/10/2015,0.0211089
16/10/2015,0.0155042
21/10/2015,-0.0026144
22/10/2015,-0.0052493
23/10/2015,-0.0026351
26/10/2015,0.0078844
27/10/2015,-0.0052493
28/10/2015,0
29/10/2015,-0.0052772
30/10/2015,0.0261112
02/11/2015,-0.0025808
03/11/2015,-0.0051813
05/11/2015,-0.0052772
06/11/2015,0
09/11/2015,0.0079052
10/11/2015,0.0026212
12/11/2015,0
13/11/2015,0
16/11/2015,0.0026144
17/11/2015,-0.0211089
19/11/2015,0.0184945
20/11/2015,-0.0078844
23/11/2015,0.0104988
24/11/2015,-0.0264565
25/11/2015,0.0106667
27/11/2015,-0.0131754
30/11/2015,0.0026489
01/12/2015,-0.0026489
02/12/2015,0
07/12/2015,0.0105542
08/12/2015,-0.0158733
09/12/2015,0.0132452
10/12/2015,0.0078636
11/12/2015,-0.0078636
14/12/2015,-0.0159155
15/12/2015,0.0185436
16/12/2015,0
17/12/2015,-0.0052632
18/12/2015,0.0026351
21/12/2015,0.0052493
22/12/2015,0
23/12/2015,-0.0026212
29/12/2015,0
30/12/2015,0
31/12/2015,0
04/01/2016,0
05/01/2016,0.0026212
06/01/2016,0
07/01/2016,0
11/01/2016,0.0026144
12/01/2016,0.0052084
13/01/2016,0.002594
15/01/2016,0.0257747
19/01/2016,-0.0077821
20/01/2016,0.0231671
21/01/2016,-0.0205663
22/01/2016,0.0306929
26/01/2016,0.0025158
27/01/2016,-0.0050378
28/01/2016,-0.0025284
29/01/2016,0.0100756
02/02/2016,0.0050125
03/02/2016,0
04/02/2016,-0.0356272
05/02/2016,0.0230485
09/02/2016,-0.0050762
10/02/2016,0.0101266
11/02/2016,0.0025158
12/02/2016,-0.0025158
16/02/2016,0.0050378
17/02/2016,0
18/02/2016,0
19/02/2016,0.0025094
23/02/2016,-0.0126104
24/02/2016,-0.005089
25/02/2016,0
26/02/2016,0.0025477
29/02/2016,0.0025413
01/03/2016,-0.0025413
02/03/2016,-0.0128043
03/03/2016,-0.0051681
04/03/2016,0
08/03/2016,-0.0051948
09/03/2016,0.0051948
11/03/2016,-0.002594
14/03/2016,0.0051813
15/03/2016,-0.0025873
16/03/2016,0
17/03/2016,-0.002594
18/03/2016,-0.0052084
21/03/2016,0.0026076
22/03/2016,0.0051948
23/03/2016,-0.0078024
24/03/2016,0.0078024
29/03/2016,-0.002594
30/03/2016,-0.0052084
31/03/2016,0.0078024
01/04/2016,-0.0051948
04/04/2016,0
05/04/2016,0.0026008
06/04/2016,0
07/04/2016,-0.0052084
11/04/2016,-0.0026144
12/04/2016,0.0078228
13/04/2016,-0.0104439
14/04/2016,0.0078431
15/04/2016,-0.005222
18/04/2016,0
19/04/2016,0.0026144
20/04/2016,0.0026076
21/04/2016,-0.0078431
22/04/2016,0.0052356
25/04/2016,-0.0026144
26/04/2016,0
27/04/2016,-0.0078844
28/04/2016,0.0052632
29/04/2016,-0.0052632
03/05/2016,0
04/05/2016,-0.002642
05/05/2016,0.0131408
06/05/2016,-0.0026144
09/05/2016,-0.0052493
10/05/2016,0.0052493
11/05/2016,-0.0026212
12/05/2016,0.0130379
13/05/2016,0.0025873
16/05/2016,-0.0156252
17/05/2016,0.0078431
18/05/2016,-0.005222
19/05/2016,0.0130041
20/05/2016,-0.0130041
23/05/2016,0.005222
24/05/2016,0.0077821
26/05/2016,-0.0077821
27/05/2016,0.0103629
31/05/2016,0.0026076
02/06/2016,-0.0026076
03/06/2016,0.0103897
08/06/2016,-0.0025873
09/06/2016,0.0025873
10/06/2016,-0.0025873
13/06/2016,0
14/06/2016,0.0051681
15/06/2016,0.0051414
16/06/2016,-0.0077221
17/06/2016,0.010283
20/06/2016,0.0025543
21/06/2016,0
23/06/2016,-0.0051152
24/06/2016,0.0025609
27/06/2016,-0.0077022
28/06/2016,0.0077022
29/06/2016,0.0127066
30/06/2016,-0.0025284
08/07/2016,0.005089
12/07/2016,-0.005089
13/07/2016,0
14/07/2016,0.005089
15/07/2016,-0.005089
18/07/2016,0.0101523
19/07/2016,-0.0101523
20/07/2016,-0.0025543
21/07/2016,0.0076433
22/07/2016,-0.005089
26/07/2016,0.0102042
27/07/2016,-0.0102042
28/07/2016,0
29/07/2016,0.0102042
02/08/2016,0
03/08/2016,0
04/08/2016,0.0050633
05/08/2016,-0.0025284
08/08/2016,-0.0025349
09/08/2016,0
10/08/2016,0
11/08/2016,0
12/08/2016,0
16/08/2016,-0.0076046
17/08/2016,0
18/08/2016,0.0050762
19/08/2016,0
22/08/2016,-0.0127391
23/08/2016,-0.0103095
24/08/2016,0.0179724
25/08/2016,0.0050762
26/08/2016,-0.0050762
29/08/2016,0.0076046
30/08/2016,0.002522
31/08/2016,-0.002522
01/09/2016,-0.0050633
02/09/2016,0.0025349
07/09/2016,0
08/09/2016,0
09/09/2016,0
15/09/2016,0
16/09/2016,0
19/09/2016,0
20/09/2016,-0.0025413
22/09/2016,0.0176549
23/09/2016,-0.0176549
26/09/2016,0.0076046
27/09/2016,0
28/09/2016,0
29/09/2016,0
30/09/2016,0.002522
04/10/2016,0.002522
05/10/2016,0
06/10/2016,0
07/10/2016,0
11/10/2016,0
12/10/2016,0
13/10/2016,0
14/10/2016,0
18/10/2016,0
19/10/2016,0.0050378
21/10/2016,0
24/10/2016,0
25/10/2016,-0.0025158
26/10/2016,0
27/10/2016,0.0025158
28/10/2016,0
31/10/2016,-0.0025158
01/11/2016,0
03/11/2016,0
04/11/2016,0
07/11/2016,0.0025158
08/11/2016,-0.0025158
09/11/2016,0
10/11/2016,0.0075283
14/11/2016,0
15/11/2016,0.0025158
16/11/2016,0
17/11/2016,0.0025094
21/11/2016,0.0124534
22/11/2016,-0.0124534
23/11/2016,0.0271957
25/11/2016,0.0167267
28/11/2016,0.0094341
29/11/2016,0.0046839
30/11/2016,0.004662
05/12/2016,0.0046403
06/12/2016,-0.0046403
07/12/2016,0
08/12/2016,0
09/12/2016,-0.0283039
13/12/2016,-0.0024242
14/12/2016,0.0427619
15/12/2016,0
16/12/2016,0
19/12/2016,-0.0403377
20/12/2016,0.0262859
21/12/2016,0.0140518
22/12/2016,0.0069524
23/12/2016,-0.0069524
28/12/2016,0
29/12/2016,0
30/12/2016,0
03/01/2017,-0.0070013
04/01/2017,0.0023392
05/01/2017,-0.0046839
06/01/2017,0.0093459
10/01/2017,-0.01878
11/01/2017,0.0094341
12/01/2017,0
13/01/2017,0.0023446
17/01/2017,-0.0023284
18/01/2017,0.0023284
19/01/2017,0.0115608
20/01/2017,-0.0138892
24/01/2017,0
25/01/2017,0
26/01/2017,0.0161854
27/01/2017,-0.0045977
30/01/2017,0.0045977
31/01/2017,0
02/02/2017,0
03/02/2017,-0.0022805
06/02/2017,0
07/02/2017,0.0181
08/02/2017,0.0022396
10/02/2017,-0.0090091
13/02/2017,-0.002265
14/02/2017,0.0045248
15/02/2017,0.0089889
16/02/2017,0.0177389
17/02/2017,-0.0022002
21/02/2017,0.0088106
22/02/2017,0
23/02/2017,0.0043763
28/02/2017,0.0063627
02/03/2017,-0.0042194
03/03/2017,-0.0149097
07/03/2017,0
08/03/2017,-0.0021482
09/03/2017,0
10/03/2017,-0.010811
13/03/2017,-0.0021763
14/03/2017,-0.0109529
15/03/2017,0
16/03/2017,-0.002205
17/03/2017,-0.0088694
21/03/2017,-0.0044643
22/03/2017,-0.0249163
23/03/2017,-0.0022962
24/03/2017,0.0022962
27/03/2017,0
28/03/2017,-0.0022962
30/03/2017,0
31/03/2017,-0.0023069
03/04/2017,-0.0139537
04/04/2017,0.0185621
05/04/2017,-0.0374751
06/04/2017,0.0023837
07/04/2017,0.0094788
10/04/2017,0.0023557
11/04/2017,-0.0023557
12/04/2017,-0.0023613
13/04/2017,-0.0023669
19/04/2017,-0.0168476
20/04/2017,0.0096619
21/04/2017,-0.0024067
24/04/2017,0.0119761
25/04/2017,0.0047506
26/04/2017,0
27/04/2017,0
28/04/2017,-0.0047506
02/05/2017,0
03/05/2017,0.0023782
04/05/2017,0.0047393
05/05/2017,-0.0071175
08/05/2017,0
09/05/2017,0.0118345
10/05/2017,-0.004717
11/05/2017,0.0070672
12/05/2017,0.0116687
15/05/2017,-0.0258534
16/05/2017,0.0350914
17/05/2017,0
18/05/2017,0.0045872
19/05/2017,0
22/05/2017,-0.002291
23/05/2017,0
24/05/2017,-0.013857
26/05/2017,-0.004662
30/05/2017,0.0069524
31/05/2017,-0.0023121
02/06/2017,0.0069205
06/06/2017,0.0045872
09/06/2017,0.0022753
12/06/2017,-0.0022753
13/06/2017,0
14/06/2017,0
15/06/2017,0
16/06/2017,0.0022753
19/06/2017,0
20/06/2017,0.0067949
21/06/2017,-0.0090703
22/06/2017,0
23/06/2017,0
28/06/2017,-0.0022548
29/06/2017,-0.0067949
30/06/2017,-0.0091325
05/07/2017,-0.0045558
06/07/2017,0
07/07/2017,0
10/07/2017,0.0022805
12/07/2017,0.0022753
13/07/2017,-0.0045558
14/07/2017,0.0045558
17/07/2017,-0.0045558
18/07/2017,0.0068259
19/07/2017,0.002265
20/07/2017,0.0022599
21/07/2017,-0.0045248
24/07/2017,-0.0022701
26/07/2017,-0.0022753
27/07/2017,-0.0045662
28/07/2017,0.0045662
31/07/2017,-0.0091534
01/08/2017,0
02/08/2017,0.0114287
03/08/2017,0
04/08/2017,0
07/08/2017,0.0022701
09/08/2017,0.002265
10/08/2017,0.0045147
11/08/2017,-0.0067797
14/08/2017,0.0112741
15/08/2017,-0.0112741
16/08/2017,0.002265
17/08/2017,0
18/08/2017,0
21/08/2017,0
22/08/2017,0.0045147
23/08/2017,0
24/08/2017,-0.0045147
25/08/2017,0.0022599
28/08/2017,-0.0022599
29/08/2017,0
30/08/2017,0
31/08/2017,0.0022599
05/09/2017,0.0067797
06/09/2017,-0.0067797
12/09/2017,0.0022599
13/09/2017,-0.0022599
14/09/2017,0
15/09/2017,0.0022599
18/09/2017,-0.0022599
19/09/2017,0.0045147
20/09/2017,-0.0090498
22/09/2017,0
25/09/2017,0
26/09/2017,0
27/09/2017,0
28/09/2017,0
29/09/2017,0.0022701
02/10/2017,-0.0022701
03/10/2017,0
04/10/2017,0
05/10/2017,-0.0045558
06/10/2017,0.0068259
10/10/2017,0.0022805
11/10/2017,0
12/10/2017,0
13/10/2017,0.0022753
17/10/2017,0.0022701
18/10/2017,0
23/10/2017,0.0091116
24/10/2017,-0.0068259
27/10/2017,0
30/10/2017,0
31/10/2017,0.002265
03/11/2017,0
06/11/2017,-0.002265
07/11/2017,0.0045248
08/11/2017,-0.0045248
09/11/2017,0.0090294
10/11/2017,0
13/11/2017,0.0089486
14/11/2017,0.0110744
15/11/2017,0.0065862
16/11/2017,0
17/11/2017,0.0043668
20/11/2017,0.0065147
21/11/2017,0
22/11/2017,0.0043197
24/11/2017,0.0021574
27/11/2017,-0.0021574
29/11/2017,-0.0396528
04/12/2017,0.0022447
05/12/2017,0
06/12/2017,0
07/12/2017,0.0111485
08/12/2017,0
11/12/2017,-0.0111485
13/12/2017,0.0155733
14/12/2017,0
15/12/2017,0
18/12/2017,0
19/12/2017,-0.0044248
20/12/2017,0.0044248
21/12/2017,0
22/12/2017,0
27/12/2017,0.002205
28/12/2017,0
29/12/2017,0
03/01/2018,0.0022002
04/01/2018,0
05/01/2018,0.0021954
09/01/2018,-0.0066006
10/01/2018,0.0066006
11/01/2018,-0.0110254
12/01/2018,0.0022148
16/01/2018,0.0022002
19/01/2018,-0.0022002
23/01/2018,0.0022002
24/01/2018,0
25/01/2018,-0.0066153
26/01/2018,-0.0022148
29/01/2018,0
30/01/2018,-0.0022198
02/02/2018,-0.0022296
05/02/2018,0
06/02/2018,-0.0112236
07/02/2018,0
08/02/2018,0.0089889
09/02/2018,0.0044643
12/02/2018,-0.0067039
14/02/2018,-0.0022396
15/02/2018,0.0155733
20/02/2018,0
21/02/2018,0.0022396
22/02/2018,0.0044643
27/02/2018,0
28/02/2018,-0.0044743
01/03/2018,0.0022396
02/03/2018,-0.0044843
05/03/2018,0
07/03/2018,0
08/03/2018,0
09/03/2018,-0.0045046
13/03/2018,0
14/03/2018,0
15/03/2018,0
16/03/2018,0.0090091
19/03/2018,-0.0090091
21/03/2018,0
22/03/2018,-0.002265
23/03/2018,0.002265
26/03/2018,0
27/03/2018,0
28/03/2018,0
29/03/2018,0
03/04/2018,0.0022599
04/04/2018,0.0045046
05/04/2018,0
06/04/2018,-0.0022497
10/04/2018,0
11/04/2018,0
12/04/2018,0
13/04/2018,0
16/04/2018,0.0022497
17/04/2018,0
18/04/2018,0
19/04/2018,0
20/04/2018,0
23/04/2018,0
24/04/2018,0
25/04/2018,0.0044843
26/04/2018,0.0044643
27/04/2018,0.0022248
30/04/2018,0.0022198
02/05/2018,-0.0022198
03/05/2018,0
04/05/2018,0.0022198
07/05/2018,0
08/05/2018,0.0066298
09/05/2018,0.0022002
10/05/2018,-0.0022002
11/05/2018,0
14/05/2018,0.0087719
15/05/2018,0.0043573
16/05/2018,0.0065006
17/05/2018,0
18/05/2018,0.0021574
21/05/2018,0.0021529
22/05/2018,0.0021482
23/05/2018,0
24/05/2018,0.0021436
29/05/2018,0.0021299
30/05/2018,0.0063627
31/05/2018,0.0021119
05/06/2018,-0.0084567
06/06/2018,0
07/06/2018,0.0021209
08/06/2018,-0.0021209
11/06/2018,0
12/06/2018,0
13/06/2018,0.0042373
14/06/2018,-0.0063627
18/06/2018,0.0042284
19/06/2018,0
21/06/2018,0.0104933
22/06/2018,0.0020856
25/06/2018,-0.0020856
26/06/2018,-0.0020897
27/06/2018,0
28/06/2018,0.0020897
29/06/2018,0.0041667
03/07/2018,-0.0020812
05/07/2018,0.0083162
06/07/2018,-0.0062306
09/07/2018,-0.0041753
10/07/2018,0.0020897
12/07/2018,0.0041667
13/07/2018,-0.0041667
16/07/2018,0.0020856
17/07/2018,0
18/07/2018,0
19/07/2018,0
20/07/2018,0.0020812
23/07/2018,-0.01466
24/07/2018,0
25/07/2018,0
26/07/2018,-0.0042284
27/07/2018,0.0021164
01/08/2018,-0.0146908
06/08/2018,0.0126052
07/08/2018,0.0041667
08/08/2018,-0.0020812
09/08/2018,-0.0146908
10/08/2018,0.0021119
14/08/2018,0.0082474
16/08/2018,-0.0291082
17/08/2018,0.0250014
20/08/2018,-0.0250014
23/08/2018,-0.0271133
24/08/2018,0
27/08/2018,0
28/08/2018,0.0021119
29/08/2018,-0.0021119
30/08/2018,0.0021119
31/08/2018,0
04/09/2018,-0.0021119
05/09/2018,0.0021119
06/09/2018,0
07/09/2018,0.0042106
13/09/2018,-0.0021031
17/09/2018,-0.0062565
18/09/2018,0.014538
19/09/2018,-0.0208341
20/09/2018,0.0392208
24/09/2018,-0.0183867
25/09/2018,-0.014538
26/09/2018,0.0165979
27/09/2018,-0.0165979
28/09/2018,0
01/10/2018,0.0020897
02/10/2018,0
03/10/2018,0.0348754
04/10/2018,-0.0183119
05/10/2018,-0.014478
09/10/2018,0
11/10/2018,0.0246927
12/10/2018,-0.0184621
16/10/2018,0
17/10/2018,0
18/10/2018,0.0020683
19/10/2018,0.0020639
22/10/2018,-0.0041322
23/10/2018,0
24/10/2018,0.006192
25/10/2018,-0.0041237
26/10/2018,-0.0041409
29/10/2018,0.0286318
30/10/2018,-0.0265592
31/10/2018,0.0041322
01/11/2018,-0.0062047
05/11/2018,0.0082645
06/11/2018,-0.0020598
08/11/2018,-0.0041068
09/11/2018,-0.0103414
13/11/2018,0.0122451
14/11/2018,-0.0143005
15/11/2018,-0.0082645
16/11/2018,0.0103199
21/11/2018,0
23/11/2018,0.0082136
26/11/2018,-0.0040984
27/11/2018,0.0203259
28/11/2018,-0.0141846
30/11/2018,0
03/12/2018,-0.0143887
04/12/2018,0
05/12/2018,0.0325893
06/12/2018,-0.0100704
10/12/2018,-0.0204506
11/12/2018,0.0143591
13/12/2018,-0.0182376
14/12/2018,-0.0061538
17/12/2018,0.0081967
18/12/2018,-0.0143887
19/12/2018,0
20/12/2018,0
21/12/2018,0
24/12/2018,0.0143887
27/12/2018,-0.0143887
28/12/2018,0
31/12/2018,0.006192
03/01/2019,0.00409
04/01/2019,-0.00409
09/01/2019,-0.0061666
10/01/2019,0.0102565
11/01/2019,0
15/01/2019,0.0020387
16/01/2019,-0.0020387
17/01/2019,0.0040734
18/01/2019,-0.0020347
22/01/2019,-0.0020264
23/01/2019,0.0100909
24/01/2019,0.0020059
25/01/2019,-0.0060301
29/01/2019,0
30/01/2019,0.002014
31/01/2019,0.0020101
04/02/2019,-0.0040241
06/02/2019,0.0413853
07/02/2019,-0.0077521
08/02/2019,-0.0058535
11/02/2019,0.0289316
12/02/2019,-0.0486951
13/02/2019,0.0333691
14/02/2019,-0.0333691
15/02/2019,0.0178045
19/02/2019,0
20/02/2019,0.0346856
21/02/2019,0.0037807
22/02/2019,0.040671
26/02/2019,-0.0219789
27/02/2019,0.0237889
28/02/2019,0
01/03/2019,0
05/03/2019,0.0072333
07/03/2019,-0.0090499
08/03/2019,0.025136
11/03/2019,-0.0215062
13/03/2019,-0.0017937
14/03/2019,0.0107144
15/03/2019,-0.0454211
18/03/2019,0.001857
19/03/2019,-0.028224
21/03/2019,-0.0174932
22/03/2019,0.001959
25/03/2019,-0.0058882
26/03/2019,0.0271862
27/03/2019,-0.0135007
28/03/2019,0.0621084
29/03/2019,-0.0757939
01/04/2019,0.0423956
02/04/2019,-0.0152094
03/04/2019,0
04/04/2019,-0.0173917
05/04/2019,0.0058308
08/04/2019,0.0115609
10/04/2019,0
11/04/2019,0.0019287
12/04/2019,-0.0096807
15/04/2019,-0.0019473
16/04/2019,0.0096993
17/04/2019,-0.0116507
18/04/2019,0.0019513
23/04/2019,0
24/04/2019,0.0058308
25/04/2019,0.0057973
26/04/2019,-0.0135794
29/04/2019,0.0038986
30/04/2019,-0.0058535
02/05/2019,0.0019549
06/05/2019,0.0038986
07/05/2019,-0.0078125
08/05/2019,0.0039139
09/05/2019,0.0155042
10/05/2019,0.0057527
13/05/2019,-0.0134748
15/05/2019,0.0153849
16/05/2019,-0.003824
17/05/2019,0.0057306
20/05/2019,-0.0019066
21/05/2019,-0.003824
22/05/2019,0
23/05/2019,0.0133208
28/05/2019,-0.0037665
29/05/2019,0.0168386
30/05/2019,0
31/05/2019,-0.001857
10/06/2019,0.0037175
11/06/2019,-0.0037175
12/06/2019,0.0074213
13/06/2019,-0.0037037
14/06/2019,0
17/06/2019,0.0037037
18/06/2019,0.00369
19/06/2019,-0.0073937
20/06/2019,0.0055504
21/06/2019,-0.0018467
24/06/2019,0.00369
25/06/2019,0.0073395
26/06/2019,-0.0128796
27/06/2019,0.0055401
28/06/2019,-0.00369
01/07/2019,-0.0018501
02/07/2019,0
03/07/2019,-0.007435
05/07/2019,0.0074074
08/07/2019,-0.0092679
09/07/2019,0.0037175
10/07/2019,-0.0168386
12/07/2019,0.0093896
15/07/2019,-0.0056231
16/07/2019,0.0056231
17/07/2019,-0.0018708
18/07/2019,0.0037383
19/07/2019,0.0018638
22/07/2019,0.0018605
23/07/2019,0.001857
24/07/2019,-0.013072
26/07/2019,0.0018605
29/07/2019,-0.0018605
30/07/2019,0.0018605
31/07/2019,0
01/08/2019,0
02/08/2019,0
06/08/2019,-0.0018605
07/08/2019,0.0018605
08/08/2019,0.0055608
09/08/2019,-0.0018501
14/08/2019,0.0092165
15/08/2019,-0.0036764
16/08/2019,0.0036764
19/08/2019,-0.0018364
20/08/2019,0.0018364
21/08/2019,-0.0036764
22/08/2019,0
23/08/2019,0
26/08/2019,0.0036764
27/08/2019,0
28/08/2019,0
29/08/2019,0
30/08/2019,0
04/09/2019,0
05/09/2019,0
06/09/2019,-0.0018333
10/09/2019,0
11/09/2019,0.0054896
12/09/2019,-0.0036563
16/09/2019,0
17/09/2019,0.0054793
18/09/2019,0.0018198
19/09/2019,0
20/09/2019,-0.0036429
24/09/2019,-0.0054896
25/09/2019,0
26/09/2019,0.0018333
02/10/2019,0
03/10/2019,0.0036968
04/10/2019,0.0073531
08/10/2019,-0.0110499
09/10/2019,0.0018501
11/10/2019,0
16/10/2019,-0.0073801
17/10/2019,0.0073801
18/10/2019,0
22/10/2019,0.0018364
23/10/2019,-0.0018364
24/10/2019,0
25/10/2019,0
28/10/2019,0.0091491
29/10/2019,-0.0036496
30/10/2019,-0.0036631
31/10/2019,0.0036631
04/11/2019,0.0018231
05/11/2019,0.0054497
06/11/2019,-0.0054497
08/11/2019,-0.0018198
12/11/2019,-0.0036429
13/11/2019,0.0108894
14/11/2019,-0.0072465
15/11/2019,0.0054399
19/11/2019,0.0018066
20/11/2019,0.0036036
21/11/2019,-0.0108501
22/11/2019,0.0072465
25/11/2019,0.0018034
26/11/2019,0.0018002
27/11/2019,0.0035907
29/11/2019,0.0125787
02/12/2019,0.0141846
03/12/2019,-0.0070672
04/12/2019,0
09/12/2019,-0.0160861
10/12/2019,0.0266682
11/12/2019,0.0208342
13/12/2019,-0.0086282
16/12/2019,-0.0017346
17/12/2019,-0.0017376
18/12/2019,-0.0087337
19/12/2019,0.0017529
20/12/2019,0.0034965
23/12/2019,-0.0017468
27/12/2019,0
30/12/2019,-0.0070423
03/01/2020,0
06/01/2020,-0.0017591
09/01/2020,-0.0035274
10/01/2020,0
14/01/2020,-0.0017682
15/01/2020,-0.0017716
17/01/2020,0
21/01/2020,-0.0070796
22/01/2020,-0.0143116
23/01/2020,0.0035971
24/01/2020,-0.0054005
28/01/2020,-0.0036167
29/01/2020,-0.0072727
30/01/2020,0.0018231
31/01/2020,-0.0165292
03/02/2020,-0.0093025
04/02/2020,0.0074489
05/02/2020,0.0018536
06/02/2020,0.0018501
07/02/2020,-0.0055608
12/02/2020,0
13/02/2020,-0.0018886
14/02/2020,0.0037736
18/02/2020,0.0056231
19/02/2020,-0.0093896
20/02/2020,0
25/02/2020,0.0111732
26/02/2020,0.0018501
27/02/2020,0.0110295
28/02/2020,-0.0147332
02/03/2020,0.0092337
03/03/2020,-0.0073801
04/03/2020,0
05/03/2020,0.0128796
09/03/2020,0.0109093
10/03/2020,-0.0018101
11/03/2020,0.0197316
13/03/2020,0.0143888
16/03/2020,-0.0017873
17/03/2020,0.0071301
18/03/2020,-0.0035588
19/03/2020,0.0071049
23/03/2020,0.0105449
24/03/2020,-0.0158592
26/03/2020,-0.0052311
27/03/2020,0.0052311
30/03/2020,0.0034722
31/03/2020,-0.0139618
01/04/2020,0.0139618
02/04/2020,-0.0034722
03/04/2020,0.0121005
06/04/2020,0.0068493
07/04/2020,-0.0137459
08/04/2020,0.0086132
14/04/2020,0.0227481
15/04/2020,-0.0034662
16/04/2020,-0.0104713
17/04/2020,0
20/04/2020,0.0035026
21/04/2020,0.0121635
22/04/2020,-0.0051948
23/04/2020,0.0017346
24/04/2020,0.0034602
27/04/2020,-0.0069324
28/04/2020,-0.0069809
29/04/2020,0.0121847
30/04/2020,0
04/05/2020,-0.0034662
05/05/2020,0.0034662
06/05/2020,-0.0034662
07/05/2020,0.0017346
08/05/2020,0.0034602
11/05/2020,0.0017257
12/05/2020,-0.0173918
13/05/2020,0.0191145
14/05/2020,-0.0086432
15/05/2020,0.0034662
18/05/2020,0.0034542
19/05/2020,-0.0086581
20/05/2020,-0.0017407
21/05/2020,0.0069445
22/05/2020,-0.0034662
26/05/2020,0.0051948
27/05/2020,-0.0017285
28/05/2020,0.0017285
29/05/2020,-0.0017285
02/06/2020,-0.0017316
03/06/2020,0.0034602
04/06/2020,-0.0034602
05/06/2020,0.0034602
08/06/2020,-0.0017285
09/06/2020,0
10/06/2020,-0.0017316
11/06/2020,0.0034602
12/06/2020,0
15/06/2020,0
16/06/2020,0
17/06/2020,0.0017257
18/06/2020,-0.0069205
19/06/2020,0.0069205
22/06/2020,-0.0017257
24/06/2020,0
25/06/2020,0
26/06/2020,0
29/06/2020,0
30/06/2020,-0.0034602
01/07/2020,0
02/07/2020,0.0051858
03/07/2020,-0.0034542
06/07/2020,0
07/07/2020,0
08/07/2020,-0.0017316
09/07/2020,0
10/07/2020,0
13/07/2020,-0.0017346
14/07/2020,-0.0017376
15/07/2020,0.0034722
16/07/2020,-0.0034722
17/07/2020,0
20/07/2020,0.0017376
21/07/2020,0.0069205
22/07/2020,0
23/07/2020,-0.0017257
24/07/2020,0
27/07/2020,-0.0017285
28/07/2020,-0.0017316
29/07/2020,-0.0034722
03/08/2020,0
05/08/2020,0
06/08/2020,0
07/08/2020,-0.0034662
10/08/2020,0
11/08/2020,0
12/08/2020,0
14/08/2020,0
17/08/2020,0
18/08/2020,0.0017346
19/08/2020,0
21/08/2020,0
24/08/2020,-0.0017316
25/08/2020,0
26/08/2020,0
27/08/2020,0.0034602
28/08/2020,-0.0017285
31/08/2020,0
01/09/2020,0
02/09/2020,-0.0017316
03/09/2020,-0.0017346
04/09/2020,0.0034662
08/09/2020,0.0069445
09/09/2020,0
10/09/2020,-0.0052038
11/09/2020,0.0052038
15/09/2020,0.0017285
16/09/2020,-0.0017285
17/09/2020,0
18/09/2020,-0.0017316
22/09/2020,0.0034602
23/09/2020,0
24/09/2020,0
25/09/2020,0
28/09/2020,0
29/09/2020,0
30/09/2020,0.0017257
01/10/2020,-0.0069205
02/10/2020,0.0069205
05/10/2020,0
06/10/2020,0.005159
07/10/2020,-0.005159
08/10/2020,0
09/10/2020,0
13/10/2020,0
14/10/2020,0
15/10/2020,-0.0034542
21/10/2020,0
22/10/2020,0.0068966
23/10/2020,0.0017166
26/10/2020,0
27/10/2020,0
28/10/2020,0
30/10/2020,0.0034248
03/11/2020,-0.0017109
05/11/2020,0
06/11/2020,0
09/11/2020,-0.0017166
10/11/2020,0.0017166
12/11/2020,-0.0017139
13/11/2020,0
16/11/2020,-0.0017166
17/11/2020,0.0017166
19/11/2020,0
20/11/2020,0
23/11/2020,0
24/11/2020,0.0034248
25/11/2020,0.0017079
27/11/2020,0.003413
30/11/2020,-0.0017051
01/12/2020,0
02/12/2020,-0.0034188
08/12/2020,0.0034188
09/12/2020,0
10/12/2020,-0.0017079
11/12/2020,0.0017079
14/12/2020,0
15/12/2020,0
16/12/2020,0
17/12/2020,0
18/12/2020,0.0118746
21/12/2020,-0.0084674
22/12/2020,-0.005115
23/12/2020,0.003413
24/12/2020,0.0017021
29/12/2020,0
30/12/2020,-0.0068259
31/12/2020,0.0051239
04/01/2021,0
05/01/2021,-0.0085543
06/01/2021,0.0068493
11/01/2021,0
12/01/2021,-0.0051327
13/01/2021,0
15/01/2021,-0.0034248
19/01/2021,0
20/01/2021,0.0034248
21/01/2021,-0.0034248
22/01/2021,0
26/01/2021,0
27/01/2021,-0.0017166
29/01/2021,0
02/02/2021,-0.0086282
03/02/2021,0.0017316
04/02/2021,0
05/02/2021,-0.0017316
08/02/2021,0
09/02/2021,0.0069085
10/02/2021,-0.0069085
11/02/2021,0.0086282
16/02/2021,0
17/02/2021,-0.0034722
18/02/2021,0
19/02/2021,-0.0034844
23/02/2021,0
24/02/2021,0
25/02/2021,0
26/02/2021,-0.0017468
01/03/2021,0
02/03/2021,-0.0017498
03/03/2021,0
04/03/2021,-0.0017529
05/03/2021,0.0035026
09/03/2021,0
10/03/2021,0
15/03/2021,0.0035026
16/03/2021,0
17/03/2021,0
18/03/2021,0
19/03/2021,-0.0017498
22/03/2021,0.0017498
23/03/2021,0.0017468
24/03/2021,0.0017437
25/03/2021,0
26/03/2021,0.0017407
29/03/2021,0
30/03/2021,0
31/03/2021,0.0017376
01/04/2021,0
06/04/2021,-0.0017376
07/04/2021,0
08/04/2021,0
09/04/2021,-0.0017407
12/04/2021,0
14/04/2021,0.0017376
15/04/2021,-0.0017376
16/04/2021,-0.0017407
19/04/2021,0.0017407
20/04/2021,-0.0017407
21/04/2021,0.0017407
22/04/2021,0
23/04/2021,0
26/04/2021,-0.0017407
27/04/2021,0
29/04/2021,0.0034783
30/04/2021,-0.0034783
04/05/2021,0
05/05/2021,0
06/05/2021,0
07/05/2021,0
10/05/2021,0
11/05/2021,0
17/05/2021,0
18/05/2021,0
19/05/2021,0
20/05/2021,0.0034783
21/05/2021,0
24/05/2021,-0.0017376
25/05/2021,0
26/05/2021,0.0034722
27/05/2021,-0.0034722
28/05/2021,0.0017376
01/06/2021,0.0017346
04/06/2021,0.0069324
08/06/2021,0
09/06/2021,0
10/06/2021,-0.0051948
11/06/2021,0.0017346
14/06/2021,0
15/06/2021,0
16/06/2021,0
17/06/2021,0.0017316
18/06/2021,0.0034542
21/06/2021,0
22/06/2021,0
23/06/2021,0
24/06/2021,0
25/06/2021,0.0034424
28/06/2021,0
29/06/2021,0.0051414
30/06/2021,0
01/07/2021,0.0102041
02/07/2021,-0.0016934
06/07/2021,0
07/07/2021,0
08/07/2021,0.0050805
09/07/2021,0.0016878
13/07/2021,-0.0067682
14/07/2021,0.0033898
15/07/2021,0.0016906
16/07/2021,0.0016878
19/07/2021,0.001685
22/07/2021,-0.0118947
23/07/2021,0.0135825
26/07/2021,0
27/07/2021,0.0083964
28/07/2021,0
29/07/2021,0
30/07/2021,0.0033389
03/08/2021,0
05/08/2021,0.0016654
06/08/2021,0
09/08/2021,0.0016624
11/08/2021,0
12/08/2021,0
16/08/2021,0.0016599
17/08/2021,0.0016569
18/08/2021,-0.0066445
19/08/2021,0.0016654
20/08/2021,0.0049791
23/08/2021,0
24/08/2021,0
25/08/2021,0
26/08/2021,-0.0066445
27/08/2021,0.0066445
30/08/2021,0
31/08/2021,0.0016543
01/09/2021,-0.016667
02/09/2021,0.0183185
03/09/2021,0
07/09/2021,0.0099669
08/09/2021,-0.0016543
09/09/2021,0
10/09/2021,-0.0016569
14/09/2021,-0.0049876
15/09/2021,-0.0016681
16/09/2021,0
17/09/2021,0.0083126
20/09/2021,-0.0083126
22/09/2021,0.0083126
23/09/2021,-0.0066445
24/09/2021,0.0066445
27/09/2021,-0.0049791
28/09/2021,0.0066334
29/09/2021,0
30/09/2021,0
01/10/2021,0
05/10/2021,0
06/10/2021,0
07/10/2021,-0.0033004
08/10/2021,0.0033004
12/10/2021,0
13/10/2021,0
14/10/2021,0
19/10/2021,-0.0033168
21/10/2021,0.0016434
22/10/2021,0.0016407
25/10/2021,0.0016379
26/10/2021,-0.004922
27/10/2021,0
28/10/2021,0.004922
29/10/2021,0
03/11/2021,-0.0016379
05/11/2021,0.0049059
09/11/2021,0
10/11/2021,0
12/11/2021,0.0032574
15/11/2021,0
16/11/2021,0
17/11/2021,0
19/11/2021,-0.0016274
22/11/2021,0.0016274
23/11/2021,-0.0032574
24/11/2021,0
26/11/2021,0.0081766
29/11/2021,0
30/11/2021,0
01/12/2021,0.0064936
06/12/2021,-0.0146701
07/12/2021,0.0065466
08/12/2021,0
09/12/2021,0
10/12/2021,0
14/12/2021,0
15/12/2021,0.0097562
16/12/2021,0
20/12/2021,0
21/12/2021,0
22/12/2021,-0.0097562
23/12/2021,0.0048901
24/12/2021,0
29/12/2021,0
30/12/2021,0
31/12/2021,0.0048661
04/01/2022,0
05/01/2022,0
06/01/2022,-0.0016195
10/01/2022,0
11/01/2022,0.0016195
13/01/2022,0.0096619
14/01/2022,0.0047961
19/01/2022,0
20/01/2022,-0.0031948
21/01/2022,0
25/01/2022,-0.0016013
26/01/2022,0.0095695
27/01/2022,0
28/01/2022,-0.0031797
31/01/2022,0
04/02/2022,-0.0189279
07/02/2022,0.0189279
08/02/2022,0
09/02/2022,0.0015613
10/02/2022,-0.0015613
11/02/2022,0.0216392
14/02/2022,0.0076162
15/02/2022,-0.0137511
16/02/2022,0.0076629
17/02/2022,0
18/02/2022,0.0076045
22/02/2022,0.0150379
23/02/2022,0
24/02/2022,0.0059524
25/02/2022,-0.013443
02/03/2022,0.0043509
03/03/2022,0.020058
04/03/2022,0
08/03/2022,0
09/03/2022,0.0070672
10/03/2022,0
11/03/2022,0.0070176
14/03/2022,0
15/03/2022,0.020762
16/03/2022,0
17/03/2022,0.0203396
18/03/2022,0
21/03/2022,0.0066891
22/03/2022,0.0106101
23/03/2022,-0.0280955
24/03/2022,0.0148151
25/03/2022,0.0132804
28/03/2022,0.002635
29/03/2022,-0.009253
30/03/2022,0
31/03/2022,0
01/04/2022,-0.0106812
04/04/2022,-0.004035
05/04/2022,0.0173686
06/04/2022,0
07/04/2022,0.0039656
08/04/2022,-0.0172992
11/04/2022,0.0199342
12/04/2022,-0.0066006
13/04/2022,0.0066006
14/04/2022,0
19/04/2022,-0.007926
20/04/2022,-0.001327
21/04/2022,0.009253
22/04/2022,-0.009253
25/04/2022,0
26/04/2022,0
27/04/2022,0
04/05/2022,0
05/05/2022,0.0026524
06/05/2022,-0.0026524
09/05/2022,0
10/05/2022,0
11/05/2022,0
12/05/2022,0.0026524
13/05/2022,0.0196726
16/05/2022,0
17/05/2022,0
18/05/2022,0
19/05/2022,0.0038886
20/05/2022,0
23/05/2022,0.0064476
24/05/2022,0
25/05/2022,0
26/05/2022,0
27/05/2022,0
31/05/2022,0.0038388
02/06/2022,0.0089004
03/06/2022,-0.0025349
09/06/2022,0.0088439
10/06/2022,0
13/06/2022,-0.0126584
14/06/2022,0.0126584
15/06/2022,0
16/06/2022,0.0037665
17/06/2022,-0.0037665
21/06/2022,0
22/06/2022,0
23/06/2022,0.0012572
24/06/2022,-0.0012572
28/06/2022,0.0100126
29/06/2022,0
30/06/2022,0
01/07/2022,-0.0100126
05/07/2022,0.001246
06/07/2022,0
07/07/2022,0.0123765
08/07/2022,-0.0249081
12/07/2022,0.0212111
13/07/2022,0.00738
14/07/2022,-0.0036831
15/07/2022,0.0036831
18/07/2022,-0.0387306
19/07/2022,0.0375044
20/07/2022,0
21/07/2022,-0.00492
22/07/2022,0.020745
26/07/2022,0.0361052
27/07/2022,-0.0071175
28/07/2022,0.0059347
29/07/2022,0.0058997
01/08/2022,0.0093677
02/08/2022,-0.0117235
03/08/2022,0.0233111
05/08/2022,0.0057437
08/08/2022,0.0159097
10/08/2022,0
11/08/2022,0
12/08/2022,0.0350144
16/08/2022,0.0433505
17/08/2022,-0.0020223
18/08/2022,-0.0132453
19/08/2022,0.0102043
22/08/2022,0.0050633
23/08/2022,0
24/08/2022,0.0050378
25/08/2022,0.0030105
26/08/2022,0
29/08/2022,0
30/08/2022,0.0119524
31/08/2022,-0.0049629
02/09/2022,0.002012
06/09/2022,0.0050125
07/09/2022,-0.0050125
08/09/2022,0.0129807
09/09/2022,-0.0029807
14/09/2022,-0.0019882
15/09/2022,0.0049629
16/09/2022,0
19/09/2022,0
20/09/2022,0.0147421
22/09/2022,0
23/09/2022,0.0097089
26/09/2022,0
27/09/2022,0.0048192
28/09/2022,-0.0048192
29/09/2022,0.0028944
30/09/2022,0.0095878
03/10/2022,-0.007663
04/10/2022,0.0095696
05/10/2022,0.0123048
06/10/2022,-0.0047147
07/10/2022,-0.0028396
11/10/2022,0
12/10/2022,0.0074143
13/10/2022,0.0246251
14/10/2022,0.0569081
18/10/2022,0.0658674
19/10/2022,0.0451789
21/10/2022,0.0267842
25/10/2022,0
26/10/2022,0
27/10/2022,0
28/10/2022,0
31/10/2022,0
01/11/2022,-0.0216615
03/11/2022,0.039361
09/11/2022,0.0170946
10/11/2022,-0.0170946
14/11/2022,0
15/11/2022,0
16/11/2022,0
17/11/2022,0
21/11/2022,0
22/11/2022,0
23/11/2022,0
25/11/2022,0
28/11/2022,-0.0069203
29/11/2022,0
30/11/2022,-0.0608416
05/12/2022,-0.0375986
06/12/2022,-0.0038388
08/12/2022,-0.0077219
09/12/2022,-0.0723207
13/12/2022,-0.1583524
14/12/2022,-0.1290302
15/12/2022,0.0805032
16/12/2022,-0.0055401
19/12/2022,-0.0111735
20/12/2022,0.0652406
21/12/2022,0
22/12/2022,0.0512934
23/12/2022,0
28/12/2022,0.0198026
29/12/2022,-0.0218046
30/12/2022,0.0315609
04/01/2023,-0.0097563
05/01/2023,0.0289876
06/01/2023,-0.0192313
10/01/2023,0.1527627
11/01/2023,0
12/01/2023,0
13/01/2023,0
17/01/2023,0
18/01/2023,0.0327897
19/01/2023,-0.0327897
20/01/2023,0.0327897
24/01/2023,0
25/01/2023,0
26/01/2023,0
30/01/2023,0
31/01/2023,-0.0081303
02/02/2023,0
03/02/2023,0
06/02/2023,-0.0040898
07/02/2023,-0.0016408
08/02/2023,0.0016408
09/02/2023,0
10/02/2023,0.0040898
13/02/2023,0.0081303
14/02/2023,0.0024261
15/02/2023,0
16/02/2023,0
17/02/2023,0.029449
21/02/2023,0.0038836
22/02/2023,0
23/02/2023,-0.0015516
24/02/2023,-0.002332
28/02/2023,0
01/03/2023,0
02/03/2023,-0.023623
03/03/2023,-0.0080001
07/03/2023,-0.0161948
08/03/2023,0
09/03/2023,0.0081303
10/03/2023,-0.0040569
13/03/2023,-0.01227
14/03/2023,0.0243914
15/03/2023,0
16/03/2023,0
17/03/2023,-0.0080645
21/03/2023,0.0040569
23/03/2023,-0.0081632
24/03/2023,-0.0207047
29/03/2023,-0.0152676
30/03/2023,-0.0129032
