DATE,Gse
05/01/2010,0
06/01/2010,0.0004663
07/01/2010,0.0011082
08/01/2010,0
11/01/2010,-0.0010958
12/01/2010,0
13/01/2010,0.0004644
14/01/2010,-0.0198641
15/01/2010,0.001483
19/01/2010,-0.0011644
20/01/2010,0
21/01/2010,0.0016747
22/01/2010,0
25/01/2010,0.0207214
26/01/2010,0.0007296
27/01/2010,-0.0008478
28/01/2010,0.0049515
29/01/2010,0.0013199
02/02/2010,-0.0011501
03/02/2010,0.000495
04/02/2010,0.0008698
05/02/2010,0
08/02/2010,0.0006685
09/02/2010,0.0043869
10/02/2010,-0.0150566
11/02/2010,0.0060759
12/02/2010,-0.002408
16/02/2010,0.0029402
17/02/2010,0.0006828
18/02/2010,0.0001268
19/02/2010,0.0008926
22/02/2010,0.0007696
23/02/2010,-0.0005589
24/02/2010,0.0006752
25/02/2010,0.0018606
01/03/2010,0.0030622
02/03/2010,0.0066414
03/03/2010,0.0193567
04/03/2010,0.0006084
05/03/2010,0.0226288
09/03/2010,-0.0158176
10/03/2010,0.0046434
11/03/2010,0.0010929
15/03/2010,0.0014706
17/03/2010,0.0034008
18/03/2010,0.0031452
19/03/2010,-0.0015163
22/03/2010,0.0026846
23/03/2010,-0.0001478
24/03/2010,0.001174
25/03/2010,0.0021267
26/03/2010,0.003684
29/03/2010,0.0012836
30/03/2010,0.0231514
31/03/2010,-0.0021496
01/04/2010,0.0044537
06/04/2010,0
07/04/2010,0.0383911
08/04/2010,-0.0259571
12/04/2010,0.0007143
13/04/2010,0.0035334
14/04/2010,0.0019245
15/04/2010,0.0024519
16/04/2010,-0.0029411
19/04/2010,-0.0001268
20/04/2010,0.0022335
21/04/2010,0.0049076
22/04/2010,0.0058441
23/04/2010,0.0324202
26/04/2010,0.0012398
27/04/2010,0.0018539
28/04/2010,-0.0010748
29/04/2010,0.0047665
30/04/2010,0.0039339
04/05/2010,0.0075989
05/05/2010,0.0212498
07/05/2010,0.0026817
10/05/2010,0.0025215
11/05/2010,0.019908
12/05/2010,0.0030251
13/05/2010,0.0051374
14/05/2010,0.002964
17/05/2010,-0.0018463
18/05/2010,-0.0049686
19/05/2010,-0.0059929
20/05/2010,0.0124969
21/05/2010,0.0043564
24/05/2010,0.0027781
26/05/2010,0.0013208
27/05/2010,-0.0102615
28/05/2010,0.008359
02/06/2010,-0.0128918
03/06/2010,0.00035
04/06/2010,-0.0139437
07/06/2010,-0.0042
08/06/2010,-0.0241327
09/06/2010,-0.0229149
10/06/2010,-0.0018854
11/06/2010,-0.0054703
14/06/2010,-0.0130444
15/06/2010,-0.0056829
16/06/2010,-0.0066042
17/06/2010,0.0148478
18/06/2010,0.0130911
21/06/2010,0.0245838
22/06/2010,-0.0105419
23/06/2010,-0.0006351
24/06/2010,0.0005417
25/06/2010,-0.0163107
28/06/2010,-0.0008307
29/06/2010,-0.0005989
30/06/2010,-9.54E-06
02/07/2010,0
06/07/2010,-0.0069418
07/07/2010,-0.002635
08/07/2010,-0.0128279
09/07/2010,0.0118675
12/07/2010,-0.0167341
13/07/2010,-0.0212383
14/07/2010,-0.0178432
15/07/2010,0.0008345
16/07/2010,0.0190268
19/07/2010,-0.0003881
20/07/2010,-0.003809
21/07/2010,-0.0007553
22/07/2010,-0.0023718
23/07/2010,0.0001831
26/07/2010,0.0065098
27/07/2010,0.0124073
28/07/2010,0.0031853
29/07/2010,0.0003242
30/07/2010,0.0008497
02/08/2010,-0.0162859
03/08/2010,-0.0014143
05/08/2010,-0.0084295
06/08/2010,0.0017233
09/08/2010,0.000226
10/08/2010,0.0015774
11/08/2010,0.019702
12/08/2010,-0.0006275
16/08/2010,0.0042629
17/08/2010,-0.0001888
18/08/2010,0.0066538
19/08/2010,0.020009
20/08/2010,0.003336
23/08/2010,-0.015481
24/08/2010,0.0164223
25/08/2010,0.0029383
26/08/2010,-0.0151901
30/08/2010,0.0010748
31/08/2010,0.0038319
01/09/2010,-0.0123978
02/09/2010,0.0044279
03/09/2010,-0.0152302
07/09/2010,0.0187759
08/09/2010,-0.001832
13/09/2010,-0.0029745
14/09/2010,0.0034494
15/09/2010,-0.0151978
16/09/2010,0.0149536
17/09/2010,0.0019207
20/09/2010,0.002471
22/09/2010,-0.0004549
23/09/2010,0.0053387
24/09/2010,-0.0259457
27/09/2010,-0.0025387
28/09/2010,0.0002642
29/09/2010,0.0190344
30/09/2010,0.0079727
01/10/2010,0.0162487
04/10/2010,-0.0215797
05/10/2010,0.0017548
06/10/2010,0.0009623
07/10/2010,-0.0181532
08/10/2010,-0.0007648
12/10/2010,0.0268135
13/10/2010,-0.0013351
14/10/2010,-0.0156212
15/10/2010,-0.0037766
18/10/2010,0.0004835
19/10/2010,0.0191984
21/10/2010,0.0005217
22/10/2010,-0.0162086
25/10/2010,0.000535
26/10/2010,-0.0004005
27/10/2010,0.0176315
28/10/2010,-0.0082521
29/10/2010,0.0096684
01/11/2010,-0.0207844
03/11/2010,0.0210686
04/11/2010,0.0016088
08/11/2010,-0.0198278
09/11/2010,0.0177326
10/11/2010,-0.0135622
12/11/2010,-0.000185
15/11/2010,0.0003223
19/11/2010,0.0076694
22/11/2010,-0.0012331
23/11/2010,0.0041332
24/11/2010,-0.000309
26/11/2010,-0.0104952
29/11/2010,0.0157003
30/11/2010,0.0061045
01/12/2010,-0.0014572
02/12/2010,-0.0142584
08/12/2010,0.0056486
09/12/2010,0.0018559
10/12/2010,0.0141697
14/12/2010,-0.0111399
15/12/2010,-0.0053148
16/12/2010,0.0282936
17/12/2010,0.0007582
20/12/2010,-0.0094557
21/12/2010,-0.0044622
22/12/2010,-0.0014076
23/12/2010,-0.0001411
24/12/2010,-0.0028038
29/12/2010,0.00634
30/12/2010,0.0031834
31/12/2010,0.0199337
04/01/2011,-2.00509
05/01/2011,-0.0011802
06/01/2011,0.0028315
07/01/2011,0.0016184
31/01/2011,0.003943
02/02/2011,0.0015135
04/02/2011,0.0000944
07/02/2011,-0.0085607
08/02/2011,-0.0011811
09/02/2011,0.0028839
10/02/2011,0.0036812
11/02/2011,0.0010219
14/02/2011,-0.0024056
16/02/2011,-0.0028353
17/02/2011,-0.0008197
18/02/2011,0.0031228
22/02/2011,0.0001726
23/02/2011,-0.0021372
24/02/2011,0.0032468
25/02/2011,-0.0002294
08/03/2011,0.0044489
09/03/2011,0.0010195
10/03/2011,-0.0064268
11/03/2011,-0.0012355
14/03/2011,0.010489
15/03/2011,0.0031371
16/03/2011,0.0042586
17/03/2011,0.006321
22/03/2011,0.0005913
23/03/2011,0.0080953
24/03/2011,-0.0154238
25/03/2011,0.0011716
28/03/2011,0.0094833
29/03/2011,9.54E-06
30/03/2011,-0.0093513
31/03/2011,0.0116682
01/04/2011,-0.003356
05/04/2011,-0.0044003
06/04/2011,-0.0004325
07/04/2011,0.0010438
08/04/2011,-0.0001316
11/04/2011,-0.0131974
12/04/2011,0.0029287
13/04/2011,-0.0067358
14/04/2011,0.0121622
15/04/2011,0.0028477
18/04/2011,0.0015435
19/04/2011,0.01161
20/04/2011,-0.0017023
21/04/2011,0.007319
26/04/2011,0.0071917
27/04/2011,0.0008531
28/04/2011,0.0074167
29/04/2011,0.0013642
03/05/2011,0.0130644
04/05/2011,0.0219836
05/05/2011,0.0013332
06/05/2011,0.0055838
09/05/2011,0.0112219
10/05/2011,-0.0076032
11/05/2011,-0.0005474
12/05/2011,0.0007901
13/05/2011,0.0031376
16/05/2011,0.0106649
17/05/2011,0.0070386
18/05/2011,0.0114369
19/05/2011,-0.0094919
20/05/2011,0.0000591
23/05/2011,0.000865
24/05/2011,-0.0005765
26/05/2011,-0.0086379
27/05/2011,-0.0052586
31/05/2011,0.0000429
02/06/2011,0.000206
03/06/2011,0.0023103
07/06/2011,0.0040145
08/06/2011,-0.0010767
09/06/2011,0.0007606
10/06/2011,0.0074158
13/06/2011,0.001966
14/06/2011,-0.0053477
15/06/2011,0.0008512
16/06/2011,-0.0005021
17/06/2011,0.0041351
20/06/2011,-0.0009155
21/06/2011,0.0077219
22/06/2011,-0.0013981
23/06/2011,-0.0006914
24/06/2011,-0.0057173
27/06/2011,0.000339
28/06/2011,-0.000288
29/06/2011,0.0017371
30/06/2011,0.0065908
05/07/2011,-0.0005307
06/07/2011,0.0005307
07/07/2011,-0.0005307
08/07/2011,0.0001683
12/07/2011,-0.0040007
13/07/2011,-0.0008631
14/07/2011,-0.0053725
15/07/2011,-0.0008087
18/07/2011,0.0021186
19/07/2011,0.0006456
20/07/2011,-0.0008245
21/07/2011,0.005671
22/07/2011,-0.004159
26/07/2011,-0.0074687
27/07/2011,0.0022645
28/07/2011,-0.0122042
29/07/2011,0.0039449
02/08/2011,0.0022449
03/08/2011,0
04/08/2011,0.0028434
05/08/2011,0.0076985
08/08/2011,-0.0077662
10/08/2011,-0.0061355
11/08/2011,0.0013781
12/08/2011,-0.0004759
15/08/2011,0.0001869
16/08/2011,0.0018349
17/08/2011,0.0001187
18/08/2011,-0.000433
19/08/2011,0.0060859
24/08/2011,-0.0184121
26/08/2011,-0.0002155
29/08/2011,-0.0153317
06/09/2011,-0.0030441
07/09/2011,0.0002661
08/09/2011,-0.0008512
09/09/2011,-0.0088992
13/09/2011,-0.0031724
14/09/2011,0.0000358
15/09/2011,0.0040936
16/09/2011,-0.0036898
19/09/2011,-0.0032172
20/09/2011,-0.0009456
22/09/2011,0.004118
23/09/2011,-0.005723
26/09/2011,-0.0081272
27/09/2011,-0.0052447
28/09/2011,-0.0066071
29/09/2011,-0.0084867
30/09/2011,0.0196104
03/10/2011,-0.0022879
04/10/2011,-0.0270538
05/10/2011,-0.0245628
06/10/2011,-0.0173783
07/10/2011,-0.0085025
11/10/2011,-0.0103235
14/10/2011,-0.0048203
19/10/2011,0.0013227
21/10/2011,0.0001607
24/10/2011,0.0024171
27/10/2011,-0.0010128
28/10/2011,-0.0031638
31/10/2011,0.0043254
03/11/2011,0.0038877
04/11/2011,0.0003662
08/11/2011,-0.0022287
09/11/2011,-0.0005159
10/11/2011,-0.0096002
14/11/2011,-0.0019569
15/11/2011,-0.0014577
16/11/2011,-0.0011072
17/11/2011,-0.0036321
21/11/2011,-0.000071
22/11/2011,-0.004549
23/11/2011,0.0002842
25/11/2011,-0.0007124
28/11/2011,0.0014753
30/11/2011,0.0014491
05/12/2011,-0.0013375
06/12/2011,-0.0072174
07/12/2011,-0.0034795
08/12/2011,-0.0000715
09/12/2011,-0.0029573
13/12/2011,-0.0004668
14/12/2011,0.0000625
15/12/2011,0.0000105
16/12/2011,-0.0253868
19/12/2011,0.0001063
20/12/2011,0.0005102
21/12/2011,0.0005212
22/12/2011,0.0265179
23/12/2011,0.0006309
28/12/2011,0
30/12/2011,-0.0010314
03/01/2012,0.000227
04/01/2012,-0.0000105
05/01/2012,-0.0011973
06/01/2012,0.0125132
10/01/2012,-0.0098
11/01/2012,0.0048404
12/01/2012,-0.000277
13/01/2012,-0.0005331
17/01/2012,0.0011854
18/01/2012,-0.000474
19/01/2012,0.0010095
20/01/2012,0.0057893
24/01/2012,-0.0026031
25/01/2012,-0.0048351
26/01/2012,0.0048866
27/01/2012,-0.0015097
30/01/2012,0.0011196
31/01/2012,0.0004411
02/02/2012,-0.003572
03/02/2012,0.0020323
06/02/2012,-0.0004182
08/02/2012,0.0021253
09/02/2012,0.0005431
10/02/2012,0.0013571
13/02/2012,-0.0011859
14/02/2012,0.0024905
15/02/2012,0.0014634
16/02/2012,0.00001
17/02/2012,0.0079603
21/02/2012,0.0018039
22/02/2012,-0.0003767
23/02/2012,0.0008121
24/02/2012,0.001019
28/02/2012,0.0041933
29/02/2012,0.0008464
01/03/2012,0.0113864
02/03/2012,0.0025744
05/03/2012,-0.0038104
07/03/2012,0.0004287
08/03/2012,0.0013714
09/03/2012,0.0006804
13/03/2012,-0.0020385
14/03/2012,-0.0007777
15/03/2012,0.0072289
16/03/2012,-0.0026007
19/03/2012,0.0063882
21/03/2012,-0.0021739
22/03/2012,-0.0005584
26/03/2012,-0.0004234
27/03/2012,0.0013375
28/03/2012,0.0052261
29/03/2012,0.0000381
30/03/2012,0.0012712
02/04/2012,0.0017562
03/04/2012,0.0065107
04/04/2012,-0.0003033
05/04/2012,0.0049157
10/04/2012,-0.0001321
11/04/2012,0
12/04/2012,-0.0004625
13/04/2012,0.0013108
16/04/2012,0
17/04/2012,-0.0004902
18/04/2012,-0.0040431
19/04/2012,-0.0062575
20/04/2012,-0.0015254
23/04/2012,0.0067315
24/04/2012,0.0013638
25/04/2012,0.0083213
26/04/2012,-0.0091262
27/04/2012,-0.0000944
30/04/2012,0.0002933
02/05/2012,-0.000824
03/05/2012,-0.0070658
04/05/2012,0
07/05/2012,0.0044847
08/05/2012,0.0067515
09/05/2012,-0.0057068
10/05/2012,0.0000381
11/05/2012,-0.0031466
14/05/2012,-0.0018678
15/05/2012,0.0001144
16/05/2012,-0.0057292
17/05/2012,-0.0011616
18/05/2012,0.0054016
21/05/2012,-0.0086527
22/05/2012,0.0013094
23/05/2012,-0.0009527
24/05/2012,-0.0028167
29/05/2012,0.0017662
30/05/2012,-0.0076795
31/05/2012,-0.0005279
05/06/2012,0.0006156
06/06/2012,0.0000687
07/06/2012,-0.0031219
08/06/2012,-0.0014415
11/06/2012,0.0040646
12/06/2012,0.0067325
13/06/2012,-0.0025182
15/06/2012,0.0040607
18/06/2012,0.0006781
19/06/2012,-0.007937
20/06/2012,0.0017271
21/06/2012,0.0085325
22/06/2012,-0.0017028
25/06/2012,0.000155
26/06/2012,0.0002613
27/06/2012,0.001924
28/06/2012,0.0061536
29/06/2012,0.0036798
03/07/2012,-0.0067949
05/07/2012,-0.0096941
06/07/2012,0.0014248
09/07/2012,-0.0039997
10/07/2012,0.0055008
12/07/2012,-0.0076818
13/07/2012,-0.0030661
16/07/2012,-0.0017128
17/07/2012,0.000627
18/07/2012,0.0032449
19/07/2012,-0.0057149
20/07/2012,-0.0022597
24/07/2012,0.0011892
26/07/2012,0.0038037
27/07/2012,-0.0008516
30/07/2012,0.0006266
31/07/2012,0.0058255
01/08/2012,0.0030212
02/08/2012,0.0032153
03/08/2012,0.0019517
07/08/2012,-0.0037761
08/08/2012,-0.0064545
09/08/2012,-0.0002141
14/08/2012,0.0009913
16/08/2012,-0.0001068
17/08/2012,0.0000291
21/08/2012,-0.006865
22/08/2012,0.0009575
23/08/2012,0.0037022
24/08/2012,-0.0002527
27/08/2012,0.0042419
28/08/2012,-0.0069599
29/08/2012,0.0021148
30/08/2012,0.0072446
31/08/2012,-0.008657
04/09/2012,0.006762
05/09/2012,0.0003762
06/09/2012,0.0066657
07/09/2012,-0.0068879
11/09/2012,-0.0006371
12/09/2012,0.0014186
13/09/2012,-0.0003762
14/09/2012,0
17/09/2012,0.0031023
18/09/2012,0.0030255
19/09/2012,-0.0022178
24/09/2012,0.00243
25/09/2012,-0.0023527
26/09/2012,0.0015278
27/09/2012,0.0021386
28/09/2012,0.0037098
01/10/2012,-0.0032983
02/10/2012,-0.0000286
03/10/2012,-0.0010157
04/10/2012,-0.0047083
05/10/2012,-0.0035214
09/10/2012,0.0001726
10/10/2012,0.0015049
11/10/2012,-0.0093236
12/10/2012,0.0016708
16/10/2012,0.0019765
17/10/2012,0.0031543
18/10/2012,0.0078616
19/10/2012,-0.0034833
22/10/2012,0.0145111
23/10/2012,-0.0071297
24/10/2012,0.0125418
25/10/2012,0.0026579
29/10/2012,0.0092754
30/10/2012,0.0270224
01/11/2012,0
05/11/2012,0.0120735
06/11/2012,0.00178
07/11/2012,0.0016642
08/11/2012,0.0059013
09/11/2012,-0.0023999
14/11/2012,0.0023208
20/11/2012,-0.0000691
21/11/2012,-0.0057249
23/11/2012,-0.0043688
26/11/2012,0.0000615
27/11/2012,-0.0006762
28/11/2012,0.0001931
30/11/2012,-0.0050335
03/12/2012,0.0080314
04/12/2012,-0.0016117
05/12/2012,0.0002718
06/12/2012,-0.0012188
10/12/2012,0
11/12/2012,-0.0006232
13/12/2012,0.0001841
14/12/2012,0.0039792
17/12/2012,0.0214753
18/12/2012,0.0174456
19/12/2012,0.003695
20/12/2012,-0.0046444
21/12/2012,0.0060821
27/12/2012,0.0009856
28/12/2012,0.0003281
31/12/2012,0.0095811
03/01/2013,-0.000042
04/01/2013,0.0008593
07/01/2013,-0.0003085
09/01/2013,0.0084467
10/01/2013,0.002635
11/01/2013,0.003828
15/01/2013,0.0023494
16/01/2013,0.0026455
17/01/2013,0.0009127
18/01/2013,0.0036106
22/01/2013,0.0013843
23/01/2013,0.0037069
25/01/2013,0.0127659
29/01/2013,0.0092349
30/01/2013,0.0006237
31/01/2013,-0.0099216
04/02/2013,0.0083008
05/02/2013,0.0156655
06/02/2013,0.0001221
07/02/2013,0.0055537
08/02/2013,0.0059752
11/02/2013,0.0040283
12/02/2013,0.0207558
13/02/2013,-0.0014997
14/02/2013,0.0191808
15/02/2013,0.0082879
19/02/2013,0.0086455
20/02/2013,0.0088453
22/02/2013,0.0101919
27/02/2013,0.0021348
28/02/2013,0.0160909
01/03/2013,0.0208168
05/03/2013,0.0147033
07/03/2013,0.008152
08/03/2013,-0.0016274
11/03/2013,0.0085998
13/03/2013,0.0052404
14/03/2013,0.0068183
15/03/2013,0.0200286
18/03/2013,0.0019479
19/03/2013,0.0111103
21/03/2013,0.0222239
22/03/2013,0.0105762
25/03/2013,0.0006886
26/03/2013,-0.0012226
27/03/2013,-0.0078692
28/03/2013,0.0033455
02/04/2013,0.0021262
03/04/2013,0.0013752
04/04/2013,0.0094347
05/04/2013,-0.0013504
08/04/2013,-0.0073605
10/04/2013,0.0089722
12/04/2013,0.0007544
15/04/2013,0.0033741
16/04/2013,0.0006213
17/04/2013,0.0011458
18/04/2013,-0.0024629
19/04/2013,0.0055494
22/04/2013,-0.0004721
23/04/2013,0.0058627
24/04/2013,-0.0026326
25/04/2013,0.0067353
26/04/2013,0.0011139
29/04/2013,0.0021954
30/04/2013,-0.0001774
02/05/2013,-0.0004168
03/05/2013,0.0050044
06/05/2013,0.0132837
07/05/2013,0.0034962
08/05/2013,-0.0066652
09/05/2013,0.0006018
10/05/2013,0.0011206
13/05/2013,0.0010977
14/05/2013,-0.0002131
15/05/2013,0.001996
16/05/2013,0.001986
17/05/2013,0.0019283
20/05/2013,-0.0026407
21/05/2013,0.0054364
22/05/2013,0.0015788
23/05/2013,0.0007129
24/05/2013,0.0037556
04/06/2013,0.0098157
05/06/2013,-0.0015402
06/06/2013,-0.0035963
07/06/2013,0.0084381
10/06/2013,-0.0009398
11/06/2013,0.0055685
12/06/2013,0.003355
13/06/2013,0.0052834
14/06/2013,-0.0001936
17/06/2013,0.0000525
18/06/2013,-0.0021348
19/06/2013,0.0011072
20/06/2013,-0.0072579
21/06/2013,-0.0002642
24/06/2013,0.0039968
25/06/2013,-0.0043035
26/06/2013,-0.0091701
28/06/2013,0.001389
02/07/2013,0.0039067
03/07/2013,-0.0018134
05/07/2013,-0.0015745
08/07/2013,-0.0006156
09/07/2013,-0.0014982
10/07/2013,0.0038733
12/07/2013,0.0119658
15/07/2013,-0.0023575
16/07/2013,0.0006871
17/07/2013,-0.0037551
18/07/2013,0.001966
19/07/2013,0.0020089
22/07/2013,-0.0025816
23/07/2013,0.0012341
24/07/2013,0.0007133
26/07/2013,0.0073524
29/07/2013,0.0015626
30/07/2013,0.0052748
31/07/2013,0.0026221
01/08/2013,0.0030475
02/08/2013,0.0013995
05/08/2013,0.0042944
06/08/2013,0.0033474
07/08/2013,0.0029097
12/08/2013,-4.77E-06
15/08/2013,-0.0025663
16/08/2013,0.0014615
19/08/2013,-0.00069
20/08/2013,-0.0000358
21/08/2013,0.0013337
22/08/2013,-0.0000558
23/08/2013,0.0015903
26/08/2013,0.0002832
27/08/2013,0.0019507
28/08/2013,0.0002875
29/08/2013,0.0032101
30/08/2013,0.0009356
03/09/2013,-0.0001664
04/09/2013,-0.001399
05/09/2013,0.0017066
06/09/2013,0.0038114
11/09/2013,0.0020413
12/09/2013,0.0140228
13/09/2013,-0.0031257
16/09/2013,-0.0004125
17/09/2013,-0.003386
18/09/2013,0.000628
19/09/2013,0.0005684
20/09/2013,-0.0001993
24/09/2013,0.0040183
25/09/2013,-0.0010824
26/09/2013,0.0009336
27/09/2013,0.00284
30/09/2013,0.0052824
02/10/2013,0.000237
03/10/2013,-0.0044055
07/10/2013,0.0033321
09/10/2013,0.002666
10/10/2013,0.0009065
14/10/2013,0.0028505
18/10/2013,0.0015235
23/10/2013,-0.001307
24/10/2013,0.0081968
25/10/2013,-0.0046721
28/10/2013,-0.0001578
29/10/2013,0.0004344
30/10/2013,-0.0008593
31/10/2013,0.0030522
06/11/2013,-0.0014577
07/11/2013,-0.0003796
08/11/2013,-0.0023532
12/11/2013,-0.0013108
13/11/2013,0.0022588
14/11/2013,0.0001688
15/11/2013,-0.0020232
19/11/2013,-0.0048528
20/11/2013,0.0019016
21/11/2013,0.0038247
22/11/2013,0.0011077
25/11/2013,-0.0031619
26/11/2013,0.0005269
27/11/2013,-0.0012846
29/11/2013,-0.0007577
02/12/2013,-0.0000329
03/12/2013,-0.0000992
04/12/2013,0.0004191
09/12/2013,0.0006351
10/12/2013,0
11/12/2013,0.0001411
16/12/2013,-0.0000987
17/12/2013,0.0019274
18/12/2013,9.06E-06
19/12/2013,0.0001826
20/12/2013,0.0054789
23/12/2013,-0.0040417
24/12/2013,0.0036268
27/12/2013,-0.0015059
30/12/2013,0.0001631
31/12/2013,0.0009608
03/01/2014,0.0034156
06/01/2014,0.003284
07/01/2014,0.0100713
15/01/2014,0.0051465
16/01/2014,0.0011454
21/01/2014,0.0013418
22/01/2014,0.0041714
23/01/2014,0.0004287
24/01/2014,0.0000811
28/01/2014,0.0052423
29/01/2014,0.0015864
30/01/2014,0.0039368
03/02/2014,0.0272121
04/02/2014,0.0171957
05/02/2014,0.0245404
07/02/2014,0.0029321
10/02/2014,-0.002254
11/02/2014,-0.0009842
12/02/2014,0.0057173
14/02/2014,0.0025954
18/02/2014,-0.0007453
19/02/2014,0.0023613
20/02/2014,0.0015273
21/02/2014,0.0007796
25/02/2014,-0.0047669
26/02/2014,-0.0016699
27/02/2014,0
03/03/2014,0.0002232
04/03/2014,-0.0007272
07/03/2014,-0.0005126
10/03/2014,-0.0009675
11/03/2014,-0.0003972
13/03/2014,-0.0062113
14/03/2014,0.0029421
17/03/2014,-0.0003328
18/03/2014,-0.0045557
21/03/2014,0.0012865
24/03/2014,-0.0008087
25/03/2014,0.0009971
26/03/2014,-0.0007038
27/03/2014,0.001298
28/03/2014,-0.0017672
01/04/2014,0.000628
02/04/2014,-0.0010557
03/04/2014,-0.0039783
04/04/2014,0.0025311
07/04/2014,-0.0044017
08/04/2014,-0.0090179
10/04/2014,-0.0010095
11/04/2014,-0.0016913
14/04/2014,-0.0096564
15/04/2014,-0.0114956
16/04/2014,8.58E-06
17/04/2014,-0.0051966
22/04/2014,0.0007739
23/04/2014,0.0052981
24/04/2014,-0.0027289
25/04/2014,-0.0017076
28/04/2014,-0.0071473
29/04/2014,-0.0017848
30/04/2014,-0.0002704
02/05/2014,-0.000031
05/05/2014,0.0002971
06/05/2014,-0.0002084
07/05/2014,-0.0034332
08/05/2014,0.0003824
09/05/2014,-0.0006762
12/05/2014,-0.0025444
13/05/2014,-0.0034819
14/05/2014,-0.0047121
15/05/2014,0.0080199
16/05/2014,0.0022912
19/05/2014,0.0006986
20/05/2014,-0.0015674
21/05/2014,-8.58E-06
22/05/2014,0.0024343
23/05/2014,-0.002604
27/05/2014,0.0102477
28/05/2014,0.0036941
29/05/2014,0.0147295
30/05/2014,0.0043907
03/06/2014,0.0019383
04/06/2014,0.0018187
05/06/2014,0.002861
06/06/2014,0.0040441
09/06/2014,0.0079422
10/06/2014,-0.0004616
11/06/2014,-0.0029049
12/06/2014,0.0022058
13/06/2014,-0.0005083
16/06/2014,0.0003901
17/06/2014,0.0007496
18/06/2014,-0.0030789
19/06/2014,0.0001402
20/06/2014,0.0009804
23/06/2014,0.0050917
24/06/2014,-0.0004053
25/06/2014,0.0010381
26/06/2014,-0.0103087
27/06/2014,0.002737
30/06/2014,0.0088577
02/07/2014,-0.0001769
03/07/2014,0.0019493
07/07/2014,-0.0041046
08/07/2014,0.0018868
09/07/2014,0.0000715
10/07/2014,-0.0062437
14/07/2014,-0.0009193
15/07/2014,-0.0054398
16/07/2014,-0.0082154
17/07/2014,0.0016193
18/07/2014,-0.004077
21/07/2014,-0.0043912
22/07/2014,-0.0018101
23/07/2014,-0.0035
24/07/2014,-0.0063968
31/07/2014,0.0001912
01/08/2014,0.0003042
04/08/2014,-0.0066056
05/08/2014,-0.0001707
06/08/2014,-0.002861
07/08/2014,-0.0014186
08/08/2014,-0.0040817
11/08/2014,0.000741
12/08/2014,-0.0037589
14/08/2014,-0.0001206
18/08/2014,0.0023117
19/08/2014,-0.000545
20/08/2014,-0.005496
21/08/2014,0.0013533
22/08/2014,0.0004611
25/08/2014,-0.0044079
26/08/2014,-0.0004587
27/08/2014,-0.0002542
28/08/2014,-0.0013185
29/08/2014,0.0009546
02/09/2014,0.0027251
03/09/2014,0.0004354
04/09/2014,-0.0017786
05/09/2014,0.0069423
09/09/2014,-0.006856
10/09/2014,0.0026212
11/09/2014,0.0040407
12/09/2014,0.007586
15/09/2014,0.0036373
16/09/2014,0.0071783
17/09/2014,0.0055251
18/09/2014,0.0076513
19/09/2014,-0.000555
23/09/2014,-0.0013475
24/09/2014,-0.0035052
25/09/2014,-0.005146
26/09/2014,-0.0043025
29/09/2014,-0.0022383
30/09/2014,-0.0042238
01/10/2014,-0.0090284
02/10/2014,-0.0036426
03/10/2014,0.0049839
07/10/2014,0
08/10/2014,-0.0003057
09/10/2014,-0.0000544
10/10/2014,0.0006299
14/10/2014,0.0004754
16/10/2014,0.0032601
17/10/2014,-0.0088782
21/10/2014,0.0025678
22/10/2014,-0.0004096
27/10/2014,-0.000463
28/10/2014,-0.0012589
29/10/2014,0.009676
30/10/2014,0.0022788
31/10/2014,0
03/11/2014,-0.0062613
04/11/2014,-0.0019212
05/11/2014,-0.0008116
06/11/2014,-0.0003324
07/11/2014,0.0002065
10/11/2014,0.0012913
12/11/2014,0.0069184
13/11/2014,0.0039735
14/11/2014,0.0013943
17/11/2014,0.0008717
19/11/2014,0.0043888
20/11/2014,0.0029969
21/11/2014,0.0026555
24/11/2014,-0.0079789
25/11/2014,0.0024672
26/11/2014,0.0025182
28/11/2014,-0.0056524
01/12/2014,0.0011992
02/12/2014,0.0052209
03/12/2014,0.0021191
08/12/2014,0.0089045
09/12/2014,0.0019751
11/12/2014,0.0018954
15/12/2014,-0.0005417
16/12/2014,-0.0000176
17/12/2014,0.0007501
18/12/2014,0.0002775
19/12/2014,-0.0043817
22/12/2014,0.0001349
23/12/2014,0.0016046
24/12/2014,-0.0068049
29/12/2014,0
30/12/2014,-0.0112262
31/12/2014,0.0001903
05/01/2015,-0.0021272
06/01/2015,-0.003634
07/01/2015,-0.0007744
09/01/2015,-0.0049982
12/01/2015,-0.0004201
13/01/2015,-0.0001593
15/01/2015,0.0000224
16/01/2015,0.0022011
20/01/2015,-0.0024338
21/01/2015,-0.0019341
22/01/2015,-0.0036211
23/01/2015,-0.0112863
27/01/2015,-0.0088239
28/01/2015,0.0012469
29/01/2015,-0.0025973
30/01/2015,0.0059099
02/02/2015,-0.0084486
05/02/2015,0.0000839
06/02/2015,0.002851
09/02/2015,0.0028567
10/02/2015,-0.004817
11/02/2015,0.0023603
12/02/2015,-0.0005302
13/02/2015,-0.0001907
18/02/2015,0.0013285
20/02/2015,0.0022078
24/02/2015,0.0025773
25/02/2015,-0.0005827
27/02/2015,0.0070219
02/03/2015,0.0004821
03/03/2015,-0.000505
04/03/2015,-0.0004315
05/03/2015,-0.0016088
09/03/2015,0.0026236
10/03/2015,-0.0007806
11/03/2015,0.0006428
13/03/2015,0.0033536
16/03/2015,0.0007715
17/03/2015,0.0014229
18/03/2015,-0.0041237
19/03/2015,0.0045886
23/03/2015,0.0014825
24/03/2015,0.0006285
25/03/2015,0.0049572
26/03/2015,-0.0001225
27/03/2015,0.0027657
30/03/2015,0.0013962
31/03/2015,0.0022812
01/04/2015,0.0033092
02/04/2015,0.0012608
07/04/2015,-0.0027432
08/04/2015,0.0058408
10/04/2015,0.0020447
13/04/2015,-0.0000901
14/04/2015,0.0049195
15/04/2015,-0.0003495
16/04/2015,0.0135117
17/04/2015,0.003304
20/04/2015,-0.0092654
21/04/2015,0.0003467
22/04/2015,0.000422
23/04/2015,0.0036182
24/04/2015,0.0014858
27/04/2015,-0.0016408
28/04/2015,0.0020962
29/04/2015,0.0020914
30/04/2015,0.0018673
04/05/2015,-0.0002241
05/05/2015,0
06/05/2015,0.0080342
07/05/2015,-0.0076957
08/05/2015,-0.0079503
11/05/2015,0.0092649
12/05/2015,0.0022469
13/05/2015,0.0086775
14/05/2015,0
15/05/2015,0.002903
18/05/2015,0.0053201
19/05/2015,-0.0016608
20/05/2015,0.0005007
21/05/2015,0.0087137
22/05/2015,0.0098543
26/05/2015,0.0005422
27/05/2015,-0.000432
28/05/2015,0.0005336
29/05/2015,0.0001478
03/06/2015,0.010057
04/06/2015,-0.0053821
05/06/2015,-0.0017962
08/06/2015,-0.0018377
09/06/2015,0
10/06/2015,0.0066123
11/06/2015,-0.0085845
12/06/2015,-0.0004239
15/06/2015,0.0018549
16/06/2015,-0.0013337
17/06/2015,0.0090289
18/06/2015,-0.0018535
19/06/2015,-0.0037122
22/06/2015,-0.0011697
23/06/2015,0.0023384
24/06/2015,-0.0008225
25/06/2015,0.000401
26/06/2015,-0.0005569
29/06/2015,0.0007801
30/06/2015,-0.0080109
02/07/2015,-0.0040212
03/07/2015,-0.0005126
06/07/2015,0.0030189
07/07/2015,-0.0008006
08/07/2015,-0.0039191
09/07/2015,-0.0024929
10/07/2015,0.0029674
13/07/2015,-0.0015574
14/07/2015,-0.006156
15/07/2015,-0.0115671
16/07/2015,0.000658
21/07/2015,-0.0069132
22/07/2015,-0.0103765
23/07/2015,0.0100641
24/07/2015,0.0006285
27/07/2015,-0.0052438
28/07/2015,-0.0038023
29/07/2015,-0.0037055
30/07/2015,-0.0124879
31/07/2015,-0.009192
04/08/2015,-0.0076942
05/08/2015,-0.0007157
06/08/2015,-0.0019698
07/08/2015,-0.0001516
10/08/2015,-0.0022917
11/08/2015,-0.0009775
12/08/2015,0.0015531
14/08/2015,-0.00914
17/08/2015,0.0036745
18/08/2015,-0.0005522
19/08/2015,0.0000744
20/08/2015,-0.0012999
21/08/2015,0.0052676
24/08/2015,0.0025105
25/08/2015,-0.0078988
26/08/2015,-0.0021486
27/08/2015,-0.0018125
28/08/2015,0.0052795
31/08/2015,-0.0003061
01/09/2015,-0.0011191
02/09/2015,-0.0200806
03/09/2015,-0.0038567
04/09/2015,-0.0004907
08/09/2015,0.004745
09/09/2015,-0.0044537
10/09/2015,-0.0027108
11/09/2015,-0.0003061
15/09/2015,-0.0071893
16/09/2015,-0.0014191
17/09/2015,-0.0041285
22/09/2015,-0.0048676
23/09/2015,-0.0000782
28/09/2015,-0.0008979
29/09/2015,-0.0199795
30/09/2015,0.0062551
01/10/2015,-0.0046887
02/10/2015,-0.0001001
05/10/2015,-0.000545
06/10/2015,0.0006948
07/10/2015,-0.0041881
08/10/2015,0.0017304
09/10/2015,-0.0056291
13/10/2015,0.0040116
16/10/2015,0.0005136
21/10/2015,0.0004525
22/10/2015,-0.0009708
23/10/2015,-0.0002565
26/10/2015,-0.0005336
27/10/2015,-0.0001054
28/10/2015,0
29/10/2015,0.0006342
30/10/2015,0.012928
02/11/2015,0.0005317
03/11/2015,0
05/11/2015,-0.0006604
06/11/2015,0.0002422
09/11/2015,-0.0001011
10/11/2015,-0.0025535
12/11/2015,-0.0004702
13/11/2015,-0.0021553
16/11/2015,-0.0054607
17/11/2015,0.0025334
19/11/2015,0.0006399
20/11/2015,0.0015526
23/11/2015,0.0002484
24/11/2015,-0.0016079
25/11/2015,0.0028892
27/11/2015,-0.0002279
30/11/2015,-0.0006027
01/12/2015,0.0005064
02/12/2015,-0.0005317
07/12/2015,-0.0056596
08/12/2015,0.0003467
09/12/2015,-0.0033669
10/12/2015,-0.0012321
11/12/2015,-0.0001488
14/12/2015,0.0042996
15/12/2015,0.0030675
16/12/2015,-0.00032
17/12/2015,0.0003452
18/12/2015,0.0002189
21/12/2015,0.0024042
22/12/2015,0.0009265
23/12/2015,0.0008955
29/12/2015,-0.0001106
30/12/2015,-0.0003471
31/12/2015,0.0035253
04/01/2016,-0.0001607
05/01/2016,0.0009675
06/01/2016,-0.0006814
07/01/2016,0.0023627
11/01/2016,-0.0004101
12/01/2016,0.0048852
13/01/2016,0.0022821
15/01/2016,-0.0031385
19/01/2016,-0.0028296
20/01/2016,0.0016813
21/01/2016,0.0024848
22/01/2016,0.0006704
26/01/2016,-0.0009155
27/01/2016,0.0038662
28/01/2016,0.0001793
29/01/2016,-0.0010824
02/02/2016,-0.0023417
03/02/2016,-0.0016518
04/02/2016,-0.0015988
05/02/2016,-0.0044928
09/02/2016,0.0004897
10/02/2016,0.0078969
11/02/2016,0.0003152
12/02/2016,0.0007801
16/02/2016,-0.0016103
17/02/2016,0.0007777
18/02/2016,-0.0003462
19/02/2016,0.000176
23/02/2016,0.0002408
24/02/2016,-0.0000854
25/02/2016,-0.0055704
26/02/2016,-0.0008783
29/02/2016,-0.0040226
01/03/2016,-0.0016241
02/03/2016,0.0009594
03/03/2016,-0.0004821
04/03/2016,0.0004721
08/03/2016,0
09/03/2016,-0.0001168
11/03/2016,-0.0047112
14/03/2016,0.000854
15/03/2016,-0.0010638
16/03/2016,-0.0064793
17/03/2016,-0.0085821
18/03/2016,0.000021
21/03/2016,-0.0044255
22/03/2016,-0.0046129
23/03/2016,0.0042057
24/03/2016,-0.0000677
29/03/2016,0
30/03/2016,-0.0009818
31/03/2016,-0.0008368
01/04/2016,-0.0013132
04/04/2016,-0.0002255
05/04/2016,0
06/04/2016,-0.0008593
07/04/2016,0.0002832
11/04/2016,0
12/04/2016,-0.0022955
13/04/2016,-0.0022321
14/04/2016,-0.0003691
15/04/2016,-0.0042906
18/04/2016,-0.0051546
19/04/2016,0.0024877
20/04/2016,-0.0056386
21/04/2016,-0.0059605
22/04/2016,-0.0092435
25/04/2016,-0.0025024
26/04/2016,-0.0002661
27/04/2016,-0.0055985
28/04/2016,0.0002952
29/04/2016,-0.0005522
03/05/2016,-0.000175
04/05/2016,-0.00173
05/05/2016,-0.0103474
06/05/2016,-0.0028992
09/05/2016,0.005641
10/05/2016,-0.0028524
11/05/2016,-0.0134659
12/05/2016,0.004138
13/05/2016,-0.0003185
16/05/2016,-0.003006
17/05/2016,-0.003685
18/05/2016,-0.0027218
19/05/2016,0
20/05/2016,0.0027275
23/05/2016,-0.0023999
24/05/2016,-0.0014172
26/05/2016,0.0001187
27/05/2016,0.0014958
31/05/2016,-0.0069876
02/06/2016,0.0001082
03/06/2016,0.0009871
08/06/2016,0.0068879
09/06/2016,-0.000392
10/06/2016,-0.0032911
13/06/2016,0.0016012
14/06/2016,0.0009165
15/06/2016,0.0057125
16/06/2016,0.0020514
17/06/2016,0.0003667
20/06/2016,-0.0012646
21/06/2016,0.0042005
23/06/2016,-0.0002308
24/06/2016,-0.0007601
27/06/2016,0.0012326
28/06/2016,0.0055141
29/06/2016,-0.0002627
30/06/2016,0.0002122
08/07/2016,0.0047784
12/07/2016,-0.0052037
13/07/2016,0.0002632
14/07/2016,0.000196
15/07/2016,-0.0034471
18/07/2016,-0.0021586
19/07/2016,0.0014281
20/07/2016,0.0008035
21/07/2016,-0.0010395
22/07/2016,0.0006127
26/07/2016,0.0046091
27/07/2016,0.0001173
28/07/2016,-0.0004086
29/07/2016,0.0051799
02/08/2016,-0.0036588
03/08/2016,0.0011115
04/08/2016,0.0008645
05/08/2016,0.004601
08/08/2016,0.0006437
09/08/2016,0.0011811
10/08/2016,0.0000606
11/08/2016,0.0007977
12/08/2016,0.0007358
16/08/2016,0.0054069
17/08/2016,0.0072451
18/08/2016,-0.0045009
19/08/2016,-0.0074439
22/08/2016,0.0059299
23/08/2016,-0.0005493
24/08/2016,-0.0024743
25/08/2016,-0.0017915
26/08/2016,-0.0023966
29/08/2016,0.0031524
30/08/2016,-0.0001764
31/08/2016,-0.0047526
01/09/2016,0.0033402
02/09/2016,-0.000751
07/09/2016,-0.0004401
08/09/2016,-0.0015841
09/09/2016,0.0003963
15/09/2016,-0.0002251
16/09/2016,0.0037212
19/09/2016,-0.0014634
20/09/2016,-0.0035801
22/09/2016,-0.0013862
23/09/2016,0.000896
26/09/2016,0.0043788
27/09/2016,-0.0049591
28/09/2016,0.0001636
29/09/2016,0
30/09/2016,0.0002928
04/10/2016,-0.0009632
05/10/2016,0.0000901
06/10/2016,-0.0027323
07/10/2016,-0.0005035
11/10/2016,0.0004749
12/10/2016,0.0004578
13/10/2016,0.0005255
14/10/2016,0
18/10/2016,-0.0059481
19/10/2016,-0.0027137
21/10/2016,-0.0001655
24/10/2016,-0.00175
25/10/2016,-0.0022221
26/10/2016,-0.0038619
27/10/2016,-0.0019655
28/10/2016,-0.0161314
31/10/2016,0.0102935
01/11/2016,-0.0002432
03/11/2016,-0.0010977
04/11/2016,-0.0029907
07/11/2016,0.000123
08/11/2016,-0.0013781
09/11/2016,-0.0044932
10/11/2016,-0.0053849
14/11/2016,-0.0018835
15/11/2016,-0.00352
16/11/2016,0.0037227
17/11/2016,-0.0055804
21/11/2016,0.0089984
22/11/2016,-0.0201139
23/11/2016,-0.0132604
25/11/2016,0.021471
28/11/2016,-0.0275817
29/11/2016,0.0036998
30/11/2016,-0.0069757
05/12/2016,-0.020174
06/12/2016,0.0001359
07/12/2016,-0.0107474
08/12/2016,0.0105209
09/12/2016,0.017736
13/12/2016,0.0069804
14/12/2016,-0.0030246
15/12/2016,0.0007348
16/12/2016,0
19/12/2016,0.0166984
20/12/2016,0.0160131
21/12/2016,0.0013905
22/12/2016,0.0178156
23/12/2016,-0.0001864
28/12/2016,-0.0008421
29/12/2016,0.0004153
30/12/2016,0.0160179
03/01/2017,0.0053787
04/01/2017,0.0030222
05/01/2017,0.0002527
06/01/2017,-0.0025568
10/01/2017,0.0046382
11/01/2017,0.0089097
12/01/2017,0.0036621
13/01/2017,0.0038967
17/01/2017,0.0009751
18/01/2017,0.002131
19/01/2017,0.0072699
20/01/2017,0.0049748
24/01/2017,0.0033479
25/01/2017,0.0008383
26/01/2017,0.0002317
27/01/2017,0.0004697
30/01/2017,0.0014696
31/01/2017,0.0033326
02/02/2017,0.005198
03/02/2017,0.0196314
06/02/2017,-0.0170431
07/02/2017,-0.0040197
08/02/2017,0.006135
10/02/2017,0.0048761
13/02/2017,0.0010352
14/02/2017,0.0035963
15/02/2017,-0.0027442
16/02/2017,0.0003314
17/02/2017,0.0002046
21/02/2017,0.0006628
22/02/2017,0.0156093
23/02/2017,-0.0036054
28/02/2017,-0.0013847
02/03/2017,0.000535
03/03/2017,-0.0002942
07/03/2017,-0.0000963
08/03/2017,0.0005512
09/03/2017,0.0013208
10/03/2017,0.0017347
13/03/2017,0.000432
14/03/2017,0.0010657
15/03/2017,0.001102
16/03/2017,-0.0008144
17/03/2017,0.000793
21/03/2017,0.0055313
22/03/2017,-0.0013084
23/03/2017,0.0007262
24/03/2017,0.0013814
27/03/2017,0.0061383
28/03/2017,-0.0034814
30/03/2017,-0.0051432
31/03/2017,-0.0076065
03/04/2017,0
04/04/2017,0.0050278
05/04/2017,0.00352
06/04/2017,0.0079956
07/04/2017,0.0011702
10/04/2017,-0.006506
11/04/2017,-0.0016131
12/04/2017,-0.0005684
13/04/2017,0.0000854
19/04/2017,-0.0068402
20/04/2017,0.0011449
21/04/2017,0.008462
24/04/2017,-0.0034475
25/04/2017,0.0022802
26/04/2017,0.003942
27/04/2017,-0.0029602
28/04/2017,0.0056696
02/05/2017,-0.0001845
03/05/2017,0.0017972
04/05/2017,-0.0074787
05/05/2017,-0.0000901
08/05/2017,-2.297489
09/05/2017,2.307714
10/05/2017,0.0006456
11/05/2017,-0.0003781
12/05/2017,-0.002665
15/05/2017,0.0034103
16/05/2017,0.00108
17/05/2017,0.002758
18/05/2017,-0.0001254
19/05/2017,0.001379
22/05/2017,0.0035586
23/05/2017,-0.000895
24/05/2017,-0.0000782
26/05/2017,0.001389
30/05/2017,-0.0027275
31/05/2017,0.0005107
02/06/2017,-0.0000415
06/06/2017,-0.0011263
09/06/2017,-0.002667
12/06/2017,-0.0023761
13/06/2017,0.0008779
14/06/2017,0.0043316
15/06/2017,0.0030847
16/06/2017,0.0028319
19/06/2017,0.0003619
20/06/2017,0.0011621
21/06/2017,0.0011249
22/06/2017,0.0011239
23/06/2017,0.0041375
28/06/2017,0.0019183
29/06/2017,0.0001178
30/06/2017,0.0065265
05/07/2017,0.0053234
06/07/2017,0.0014176
07/07/2017,0.0071878
10/07/2017,-0.0003262
12/07/2017,0.0219936
13/07/2017,0.0013456
14/07/2017,0.0237803
17/07/2017,0.0185766
18/07/2017,0.0049329
19/07/2017,0.0096302
20/07/2017,0.020628
21/07/2017,0.0073133
24/07/2017,0.0052123
26/07/2017,0.0068917
27/07/2017,-0.0015898
28/07/2017,0.000567
31/07/2017,-0.0002966
01/08/2017,-0.0021605
02/08/2017,0.0009189
03/08/2017,0.0001063
04/08/2017,0.0062928
07/08/2017,-0.0025067
09/08/2017,0.0035877
10/08/2017,0.0008388
11/08/2017,-0.0027871
14/08/2017,0.0007524
15/08/2017,-0.0029831
16/08/2017,-0.0001898
17/08/2017,0.0037842
18/08/2017,0.0046101
21/08/2017,0.009058
22/08/2017,0.0022612
23/08/2017,0.0039563
24/08/2017,0.007865
25/08/2017,0.0017304
28/08/2017,0.0009089
29/08/2017,0.0032492
30/08/2017,0.0081291
31/08/2017,0.0073905
05/09/2017,0.0012774
06/09/2017,0.0025744
12/09/2017,-0.014833
13/09/2017,-0.0051336
14/09/2017,-0.0051823
15/09/2017,-0.0022483
18/09/2017,-0.0039377
19/09/2017,0.000617
20/09/2017,0.0011935
22/09/2017,-0.005991
25/09/2017,-0.0024424
26/09/2017,-0.0016727
27/09/2017,0.0010161
28/09/2017,-0.000092
29/09/2017,0.0181293
02/10/2017,0.0039816
03/10/2017,-0.0155787
04/10/2017,-0.0026259
05/10/2017,-0.0027027
06/10/2017,0.0003624
10/10/2017,0.000061
11/10/2017,0.0002275
12/10/2017,-0.0011945
13/10/2017,0.000731
17/10/2017,0.0132585
18/10/2017,-0.0001988
23/10/2017,0
24/10/2017,0.0041685
27/10/2017,0.0014467
30/10/2017,0.0030308
31/10/2017,0.0009446
03/11/2017,0.0019703
06/11/2017,0.0068412
07/11/2017,0.0007839
08/11/2017,0.0007544
09/11/2017,0.000896
10/11/2017,0.007771
13/11/2017,0.0004902
14/11/2017,0.0201468
15/11/2017,0.0148277
16/11/2017,0.0090971
17/11/2017,0.0012541
20/11/2017,0.0103593
21/11/2017,-0.0000706
22/11/2017,0.0040474
24/11/2017,0.0012288
27/11/2017,-0.0046935
29/11/2017,-0.0068588
04/12/2017,0.0027213
05/12/2017,-0.0041547
06/12/2017,0.0018034
07/12/2017,-0.0023851
08/12/2017,0.0048714
11/12/2017,0.0012569
13/12/2017,0.0005884
14/12/2017,0.0000868
15/12/2017,0.0001655
18/12/2017,0.0032859
19/12/2017,0.0017962
20/12/2017,0.000165
21/12/2017,0.0037146
22/12/2017,0.0075827
27/12/2017,-0.0026317
28/12/2017,0.0027132
29/12/2017,0.0012918
03/01/2018,0.0023966
04/01/2018,0.0029731
05/01/2018,0.0160866
09/01/2018,0.0116968
10/01/2018,0.0115061
11/01/2018,0.0104365
12/01/2018,0.0124211
16/01/2018,0.0128698
19/01/2018,2.307477
23/01/2018,0.0145311
24/01/2018,0.0267062
25/01/2018,0.0043631
26/01/2018,0.0104809
29/01/2018,-0.0007505
30/01/2018,0.0087185
02/02/2018,0.0020103
05/02/2018,0.0096388
06/02/2018,0.0049944
07/02/2018,0.0123081
08/02/2018,0.0049181
09/02/2018,-0.0001545
12/02/2018,0.0040464
14/02/2018,0.0004034
15/02/2018,0.0058041
20/02/2018,-0.0013342
21/02/2018,0.0000448
22/02/2018,-0.0019655
27/02/2018,-0.0004826
28/02/2018,0.0006533
01/03/2018,0.0017395
02/03/2018,-0.0099449
05/03/2018,-0.0043993
07/03/2018,-0.0023603
08/03/2018,-0.0079365
09/03/2018,-0.0046196
13/03/2018,-0.0026484
14/03/2018,-0.003171
15/03/2018,0.0047188
16/03/2018,0.0020981
19/03/2018,-0.0023146
21/03/2018,0.0045395
22/03/2018,0.0037413
23/03/2018,0.0007353
26/03/2018,0.0015421
27/03/2018,0.0032797
28/03/2018,0.0076752
29/03/2018,0.0102129
03/04/2018,0
04/04/2018,0.0013981
05/04/2018,0.0050735
06/04/2018,0.0012474
10/04/2018,0.0014706
11/04/2018,0.0004616
12/04/2018,0.0026331
13/04/2018,0.0053501
16/04/2018,-0.0001135
17/04/2018,0.0003586
18/04/2018,0.0020647
19/04/2018,-0.0001364
20/04/2018,0.0005875
23/04/2018,0.0035467
24/04/2018,0.0044174
25/04/2018,-0.0009785
26/04/2018,0.0002165
27/04/2018,0.0021429
30/04/2018,0.0051889
02/05/2018,-0.0010862
03/05/2018,-0.0018148
04/05/2018,-0.0003767
07/05/2018,0.0022402
08/05/2018,-0.0016947
09/05/2018,0.0001726
10/05/2018,-0.0050983
11/05/2018,-0.0019827
14/05/2018,-0.0093584
15/05/2018,-0.0048132
16/05/2018,-0.0044174
17/05/2018,0.0008221
18/05/2018,-0.0032721
21/05/2018,-0.0172462
22/05/2018,-0.001564
23/05/2018,-0.0033875
24/05/2018,-0.0042725
29/05/2018,-0.0051003
30/05/2018,-0.0257597
31/05/2018,-0.0084
05/06/2018,-0.0242233
06/06/2018,-0.0034752
07/06/2018,-0.0092564
08/06/2018,-0.0124521
11/06/2018,-0.0088434
12/06/2018,-0.006669
13/06/2018,-0.0024195
14/06/2018,0.0017643
18/06/2018,-0.0147576
19/06/2018,0.000423
21/06/2018,-0.0121331
22/06/2018,0.0077024
25/06/2018,-0.0111995
26/06/2018,-0.0036035
27/06/2018,0.0011716
28/06/2018,0.000649
29/06/2018,-0.0004163
03/07/2018,0.0005555
05/07/2018,-0.0017948
06/07/2018,0.0286188
09/07/2018,0.0015287
10/07/2018,0.0057893
12/07/2018,0.0052834
13/07/2018,-0.0042305
16/07/2018,-0.000061
17/07/2018,0.0004549
18/07/2018,-0.0045977
19/07/2018,0.0028076
20/07/2018,-0.0004654
23/07/2018,0.0001497
24/07/2018,0.0005574
25/07/2018,-0.0015407
26/07/2018,-0.003211
27/07/2018,0.0013204
01/08/2018,-0.0002184
06/08/2018,0.0003266
07/08/2018,0.0014534
08/08/2018,0.0006218
09/08/2018,0.0008049
10/08/2018,-0.0002713
14/08/2018,0.0027227
16/08/2018,0.0001364
17/08/2018,0.0028925
20/08/2018,-0.0006323
23/08/2018,-0.0000849
24/08/2018,-0.0016179
27/08/2018,0.0012951
28/08/2018,-0.0059252
29/08/2018,-0.002861
30/08/2018,-0.0053711
31/08/2018,-0.0016413
04/09/2018,-0.0035644
05/09/2018,-0.0002294
06/09/2018,0.0030632
07/09/2018,-0.0055676
13/09/2018,0.0039701
17/09/2018,0.009007
18/09/2018,-0.0000691
19/09/2018,-0.0014725
20/09/2018,-0.0018134
24/09/2018,0.0011334
25/09/2018,0.0147929
26/09/2018,0.0054841
27/09/2018,0.0038848
28/09/2018,0.0116673
01/10/2018,0.0129547
02/10/2018,0.0041723
03/10/2018,-0.0081873
04/10/2018,-0.0022974
05/10/2018,0.0103073
09/10/2018,0.0002623
11/10/2018,0.0028744
12/10/2018,-0.0139141
16/10/2018,-0.0153017
17/10/2018,0.0123177
18/10/2018,-0.0075741
19/10/2018,-0.0004239
22/10/2018,-0.0073705
23/10/2018,-0.0093656
24/10/2018,-0.0013995
25/10/2018,0.005218
26/10/2018,-0.0026536
29/10/2018,-0.0151234
30/10/2018,-0.0109086
31/10/2018,-0.0028257
01/11/2018,-0.0024743
05/11/2018,0.0023899
06/11/2018,-0.0105634
08/11/2018,-0.0006018
09/11/2018,0.0016623
13/11/2018,0.0104432
14/11/2018,-0.0012169
15/11/2018,-0.0021033
16/11/2018,-0.0207548
21/11/2018,-0.0009379
23/11/2018,-0.0003371
26/11/2018,0.0104012
27/11/2018,-0.0001945
28/11/2018,-0.0082955
30/11/2018,-0.0057788
03/12/2018,0.0059943
04/12/2018,-0.0143118
05/12/2018,0.0094008
06/12/2018,-0.0091476
10/12/2018,0.0015326
11/12/2018,-0.0015364
13/12/2018,-0.0070605
14/12/2018,-0.0022697
17/12/2018,-0.0103846
18/12/2018,-0.0053144
19/12/2018,-0.003365
20/12/2018,0.0016208
21/12/2018,0.0053506
24/12/2018,0.0038052
27/12/2018,0.0150547
28/12/2018,-0.0046487
31/12/2018,-0.0012355
03/01/2019,-0.0070534
04/01/2019,0.0040755
09/01/2019,0.000329
10/01/2019,-0.0032654
11/01/2019,-0.0003343
15/01/2019,0.0024366
16/01/2019,0.0031533
17/01/2019,-0.0044079
18/01/2019,-0.003273
22/01/2019,-0.0186429
23/01/2019,-0.003212
24/01/2019,0.0053291
25/01/2019,-0.0015359
29/01/2019,-0.0060415
30/01/2019,0.0006127
31/01/2019,0.002243
04/02/2019,-0.0013428
06/02/2019,-0.0010343
07/02/2019,0.0072479
08/02/2019,-0.00666
11/02/2019,0.0022902
12/02/2019,-0.0010481
13/02/2019,-0.0003414
14/02/2019,-0.0009131
15/02/2019,0.0029688
19/02/2019,-0.006434
20/02/2019,0.0056648
21/02/2019,-0.0011144
22/02/2019,0
26/02/2019,-0.0009551
27/02/2019,-0.0121617
28/02/2019,0.0074091
01/03/2019,0.0012336
05/03/2019,-0.005754
07/03/2019,0.0002422
08/03/2019,-0.0016179
11/03/2019,0.0006819
13/03/2019,-0.0012865
14/03/2019,-0.0012112
15/03/2019,-0.0021367
18/03/2019,-0.0013046
19/03/2019,0.0039048
21/03/2019,0.0006943
22/03/2019,0.001895
25/03/2019,0.0028191
26/03/2019,0.0054803
27/03/2019,-0.0041862
28/03/2019,-0.012784
29/03/2019,0.0143704
01/04/2019,-0.0019536
02/04/2019,-0.0030746
03/04/2019,-0.0009627
04/04/2019,0.0001354
05/04/2019,0.00174
08/04/2019,-0.0122204
10/04/2019,-0.0001574
11/04/2019,0.0013919
12/04/2019,-0.0038996
15/04/2019,-0.0022802
16/04/2019,-0.001739
17/04/2019,0.0020556
18/04/2019,-0.0038142
23/04/2019,0
24/04/2019,0.0014205
25/04/2019,-0.0045104
26/04/2019,0
29/04/2019,0.0016465
30/04/2019,-0.0186782
02/05/2019,-0.0031147
06/05/2019,-0.0015717
07/05/2019,0.0018797
08/05/2019,-0.0196724
09/05/2019,0.0245199
10/05/2019,-0.0035524
13/05/2019,-0.0050664
15/05/2019,0
16/05/2019,0.0363727
17/05/2019,0
20/05/2019,0.0078034
21/05/2019,-0.0050044
22/05/2019,0.0108781
23/05/2019,0.0043974
28/05/2019,-0.0046797
29/05/2019,-0.0004334
30/05/2019,0.0074024
31/05/2019,-0.0005121
10/06/2019,-0.0131598
11/06/2019,-0.0039515
12/06/2019,0.0002685
13/06/2019,-0.0035439
14/06/2019,-0.0050454
17/06/2019,-0.0029602
18/06/2019,0.0012894
19/06/2019,0.0000458
20/06/2019,-0.0035591
21/06/2019,-0.0023718
24/06/2019,0.0011992
25/06/2019,-0.0024457
26/06/2019,-0.0041838
27/06/2019,0.0008516
28/06/2019,0.0091577
01/07/2019,-0.011085
02/07/2019,-0.0036249
03/07/2019,-0.0150461
05/07/2019,0.0022511
08/07/2019,-0.0019631
09/07/2019,-0.0000172
10/07/2019,0.003314
12/07/2019,-0.0062852
15/07/2019,-0.0060215
16/07/2019,0.0075941
17/07/2019,0.0033832
18/07/2019,-0.0006266
19/07/2019,0.0103803
22/07/2019,-0.0051765
23/07/2019,0.0023336
24/07/2019,-0.0049901
26/07/2019,0.0102267
29/07/2019,-0.0057158
30/07/2019,-0.0000648
31/07/2019,0.0106039
01/08/2019,-0.0012965
02/08/2019,-0.0045805
06/08/2019,-0.010788
07/08/2019,0.0042248
08/08/2019,-0.0007858
09/08/2019,0.0002766
14/08/2019,-0.0013328
15/08/2019,-0.0022616
16/08/2019,-0.0128012
19/08/2019,-0.0090828
20/08/2019,0.0005064
21/08/2019,0.0021443
22/08/2019,-0.0047574
23/08/2019,-0.0070109
26/08/2019,0.0040975
27/08/2019,0.0131769
28/08/2019,0.0051913
29/08/2019,-0.0055594
30/08/2019,-0.0020337
04/09/2019,0.0102034
05/09/2019,-0.0128984
06/09/2019,-0.0032959
10/09/2019,0.0016251
11/09/2019,-0.002583
12/09/2019,0.0010552
16/09/2019,-0.0096755
17/09/2019,0.0047359
18/09/2019,-0.000432
19/09/2019,-0.0097957
20/09/2019,0.0007467
24/09/2019,-0.0044518
25/09/2019,-0.0018573
26/09/2019,0.0032926
02/10/2019,-0.0030155
03/10/2019,0.0045314
04/10/2019,-0.0017929
08/10/2019,0.0036321
09/10/2019,-0.0091667
11/10/2019,0
16/10/2019,-0.0002813
17/10/2019,-0.0009141
18/10/2019,-0.0016179
22/10/2019,-0.0011663
23/10/2019,-0.0014505
24/10/2019,0
25/10/2019,-0.0002508
28/10/2019,-0.0010676
29/10/2019,-0.00178
30/10/2019,0.0011625
31/10/2019,-0.0005441
04/11/2019,0.0036864
05/11/2019,-0.0004635
06/11/2019,0.0015473
08/11/2019,0.0037546
12/11/2019,-0.0004191
13/11/2019,0
14/11/2019,0.0000782
15/11/2019,-0.0089531
19/11/2019,-0.0062947
20/11/2019,-0.0003085
21/11/2019,-0.000248
22/11/2019,0.005167
25/11/2019,-0.0039043
26/11/2019,0.000813
27/11/2019,-0.0004625
29/11/2019,-0.0010939
02/12/2019,0.0006032
03/12/2019,0.0021343
04/12/2019,0.0003963
09/12/2019,0.0201945
10/12/2019,0.0217419
11/12/2019,0.0075636
13/12/2019,2.246964
16/12/2019,0.0024376
17/12/2019,0.0011115
18/12/2019,0.0010972
19/12/2019,0.0010247
20/12/2019,-0.0102983
23/12/2019,0.012073
27/12/2019,0.0021091
30/12/2019,-0.0071487
03/01/2020,0.0006776
06/01/2020,-0.0081482
09/01/2020,0.0003572
10/01/2020,0.0048871
14/01/2020,0.0016813
15/01/2020,-0.005311
17/01/2020,-0.0075727
21/01/2020,-0.0105376
22/01/2020,0.0028505
23/01/2020,0.019134
24/01/2020,-0.0126472
28/01/2020,0.0011468
29/01/2020,-0.0031853
30/01/2020,-0.012939
31/01/2020,-0.0014048
03/02/2020,0
04/02/2020,-0.0004611
05/02/2020,-0.0053735
06/02/2020,0.0053234
07/02/2020,-0.0065155
12/02/2020,-0.0002131
13/02/2020,0.0044188
14/02/2020,-0.0055618
18/02/2020,-0.0050259
19/02/2020,0
20/02/2020,0
25/02/2020,-0.0104651
26/02/2020,-0.0005546
27/02/2020,-0.0014687
28/02/2020,0.0158486
02/03/2020,-0.0111198
03/03/2020,0.0107718
04/03/2020,-0.0162039
05/03/2020,0.0057154
09/03/2020,-0.000288
10/03/2020,0
11/03/2020,0.0121865
13/03/2020,-0.0115943
16/03/2020,0
17/03/2020,0.0054207
18/03/2020,-0.0068626
19/03/2020,-0.0008068
23/03/2020,0
24/03/2020,-0.0002804
26/03/2020,-0.007823
27/03/2020,-0.0001755
30/03/2020,-0.0007734
31/03/2020,0.0003519
01/04/2020,-0.0001063
02/04/2020,-0.012423
03/04/2020,0.0048504
06/04/2020,-0.0111156
07/04/2020,0
08/04/2020,-0.0058918
14/04/2020,-0.0005622
15/04/2020,-0.0081396
16/04/2020,-0.0014372
17/04/2020,-0.0033741
20/04/2020,0.0085273
21/04/2020,0
22/04/2020,-0.0130186
23/04/2020,0.0269566
24/04/2020,-0.0008407
27/04/2020,0.0015178
28/04/2020,-0.0382905
29/04/2020,0.0460529
30/04/2020,-0.0336809
04/05/2020,0.0203371
05/05/2020,-0.0284719
06/05/2020,0.0090866
07/05/2020,-0.0293312
08/05/2020,0.0000439
11/05/2020,0.0007586
12/05/2020,0.0143852
13/05/2020,-0.0146246
14/05/2020,-0.0325742
15/05/2020,0.00313
18/05/2020,0.0085182
19/05/2020,-0.0020065
20/05/2020,-0.0074697
21/05/2020,0.018868
22/05/2020,-0.0038247
26/05/2020,-0.0059071
27/05/2020,-0.012229
28/05/2020,-0.0120625
29/05/2020,-0.0056973
02/06/2020,0
03/06/2020,0.0026293
04/06/2020,0.0007191
05/06/2020,0.0066991
08/06/2020,-0.004714
09/06/2020,0.0047035
10/06/2020,-0.0013013
11/06/2020,-0.0104785
12/06/2020,-0.0046501
15/06/2020,0
16/06/2020,-0.0033188
17/06/2020,0.01231
18/06/2020,-0.0064073
19/06/2020,-0.006413
22/06/2020,-0.0007496
24/06/2020,-0.0081639
25/06/2020,-0.0185728
26/06/2020,0.0019188
29/06/2020,0.0143723
30/06/2020,-0.0175223
01/07/2020,0.0172272
02/07/2020,-0.0061736
03/07/2020,0
06/07/2020,-0.0019197
07/07/2020,-0.0034556
08/07/2020,-0.0063262
09/07/2020,0.0037875
10/07/2020,0
13/07/2020,0.0046239
14/07/2020,0
15/07/2020,0
16/07/2020,-0.0038552
17/07/2020,-0.0069442
20/07/2020,0.007163
21/07/2020,0
22/07/2020,-0.0063415
23/07/2020,0
24/07/2020,0
27/07/2020,0
28/07/2020,0.0016198
29/07/2020,0.006331
03/08/2020,0.0062914
05/08/2020,0
06/08/2020,-0.0009637
07/08/2020,-0.0006728
10/08/2020,-0.001565
11/08/2020,-0.0053558
12/08/2020,0.0016108
14/08/2020,0
17/08/2020,-0.0018988
18/08/2020,-0.001256
19/08/2020,-0.0160704
21/08/2020,0.0064034
24/08/2020,0.0033636
25/08/2020,-0.0117764
26/08/2020,0
27/08/2020,0.0077224
28/08/2020,-0.0027604
31/08/2020,-0.0008168
01/09/2020,-0.0046072
02/09/2020,-0.0067072
03/09/2020,0.0064678
04/09/2020,0.0010657
08/09/2020,-0.0078182
09/09/2020,-0.0002522
10/09/2020,0.00138
11/09/2020,0
15/09/2020,0.0070329
16/09/2020,0
17/09/2020,0.0003691
18/09/2020,-0.0005431
22/09/2020,0.0005431
23/09/2020,0
24/09/2020,-0.0037594
25/09/2020,0
28/09/2020,0.0119696
29/09/2020,0
30/09/2020,0
01/10/2020,-0.0058885
02/10/2020,0
05/10/2020,-0.0000162
06/10/2020,-0.0031691
07/10/2020,0.0069494
08/10/2020,0
09/10/2020,0.0062952
13/10/2020,-0.0115938
14/10/2020,0.0044022
15/10/2020,-0.0024614
21/10/2020,-0.0077186
22/10/2020,0.0020642
23/10/2020,0
26/10/2020,-0.006391
27/10/2020,0
28/10/2020,0
30/10/2020,0
03/11/2020,-0.005414
05/11/2020,-0.0074482
06/11/2020,0
09/11/2020,-0.0001822
10/11/2020,0
12/11/2020,0.0046492
13/11/2020,0
16/11/2020,0.0000606
17/11/2020,0
19/11/2020,-0.006465
20/11/2020,0.006465
23/11/2020,0.0001426
24/11/2020,0.000071
25/11/2020,-0.0016146
27/11/2020,0
30/11/2020,0.0064759
01/12/2020,0
02/12/2020,0.0008464
08/12/2020,0
09/12/2020,0.0153036
10/12/2020,-0.0063772
11/12/2020,0.0096345
14/12/2020,0.0063114
15/12/2020,0.0092015
16/12/2020,0.001883
17/12/2020,0.0033016
18/12/2020,0
21/12/2020,0.0012937
22/12/2020,-0.0012937
23/12/2020,0
24/12/2020,0.0088196
29/12/2020,0
30/12/2020,0.0033612
31/12/2020,0.0131106
04/01/2021,0
05/01/2021,0.001256
06/01/2021,0
11/01/2021,0.0060263
12/01/2021,0.0059843
13/01/2021,0.0008793
15/01/2021,0
19/01/2021,0
20/01/2021,0.0079589
21/01/2021,0.0059032
22/01/2021,0.003798
26/01/2021,0.0108485
27/01/2021,0.0005922
29/01/2021,0
02/02/2021,0.0005918
03/02/2021,0.0115099
04/02/2021,0
05/02/2021,0.0015678
08/02/2021,0
09/02/2021,0.0116882
10/02/2021,0.0066104
11/02/2021,0.0122328
16/02/2021,-0.0016499
17/02/2021,0
18/02/2021,0.0013742
19/02/2021,0
23/02/2021,0
24/02/2021,0
25/02/2021,0
26/02/2021,0.0107298
01/03/2021,0.0053201
02/03/2021,-0.0032544
03/03/2021,0.0008154
04/03/2021,0
05/03/2021,0.000308
09/03/2021,0
10/03/2021,-0.0021715
15/03/2021,0
16/03/2021,0.0053358
17/03/2021,-0.0016131
18/03/2021,-0.0128527
19/03/2021,0.0001507
22/03/2021,0.0088348
23/03/2021,0
24/03/2021,0
25/03/2021,0
26/03/2021,0
29/03/2021,-0.000813
30/03/2021,0.0002303
31/03/2021,0
01/04/2021,0
06/04/2021,-0.0010262
07/04/2021,0.0207157
08/04/2021,-0.0013657
09/04/2021,0.0206919
12/04/2021,0
14/04/2021,0.0002785
15/04/2021,0.0013499
16/04/2021,-0.0014372
19/04/2021,0.0042095
20/04/2021,0.0043259
21/04/2021,0.0063291
22/04/2021,0.0004921
23/04/2021,0.0027771
26/04/2021,-0.0007558
27/04/2021,0
29/04/2021,0.0399818
30/04/2021,0.0495267
04/05/2021,0.0423775
05/05/2021,0.0118814
06/05/2021,0.0055203
07/05/2021,-0.0086722
10/05/2021,-0.0000114
11/05/2021,-0.0226908
17/05/2021,0.0012765
18/05/2021,-0.0045671
19/05/2021,-0.0316863
20/05/2021,-0.0190682
21/05/2021,-0.0096741
24/05/2021,0.0008354
25/05/2021,0.0000496
26/05/2021,-0.0011125
27/05/2021,0.0007405
28/05/2021,0.0014505
01/06/2021,0.0001321
04/06/2021,0.0236254
08/06/2021,0.0407338
09/06/2021,0.000092
10/06/2021,0.0004501
11/06/2021,0.000258
14/06/2021,-0.0066786
15/06/2021,-0.0175443
16/06/2021,-0.0004115
17/06/2021,0
18/06/2021,-0.0004687
21/06/2021,-0.0002265
22/06/2021,-0.0011387
23/06/2021,0.0004654
24/06/2021,0.0000381
25/06/2021,0
28/06/2021,0
29/06/2021,0
30/06/2021,0.0038018
01/07/2021,-0.0005503
02/07/2021,0
06/07/2021,-0.0004907
07/07/2021,0
08/07/2021,0.000102
09/07/2021,0.0005131
13/07/2021,0.004446
14/07/2021,-0.0006495
15/07/2021,-0.0004282
16/07/2021,-0.0049644
19/07/2021,-0.0004306
22/07/2021,0
23/07/2021,0.010325
26/07/2021,0
27/07/2021,0.0230083
28/07/2021,-0.000092
29/07/2021,0
30/07/2021,0.0018158
03/08/2021,-0.0002308
05/08/2021,0.0014615
06/08/2021,0.0033793
09/08/2021,0.0008349
11/08/2021,0
12/08/2021,0
16/08/2021,0.0006924
17/08/2021,0.0006952
18/08/2021,0.0007601
19/08/2021,0.0008249
20/08/2021,0.0009079
23/08/2021,0.0014329
24/08/2021,0.0004749
25/08/2021,-0.0075097
26/08/2021,-0.0041809
27/08/2021,0.0042939
30/08/2021,0.0034323
31/08/2021,0.0004039
01/09/2021,0.0001998
02/09/2021,0.0001202
03/09/2021,0
07/09/2021,0.0004888
08/09/2021,0.0141296
09/09/2021,0
10/09/2021,0.0002394
14/09/2021,-0.0042191
15/09/2021,0
16/09/2021,-0.0005527
17/09/2021,0.0031886
20/09/2021,0.0031314
22/09/2021,0.0034456
23/09/2021,-0.0504975
24/09/2021,0.0007811
27/09/2021,0.009459
28/09/2021,0.0396819
29/09/2021,0.0091763
30/09/2021,0.0058308
01/10/2021,0.001008
05/10/2021,0.0014706
06/10/2021,0.0013924
07/10/2021,0.0017757
08/10/2021,-0.0039587
12/10/2021,-0.0061011
13/10/2021,-0.0030909
14/10/2021,0.0004811
19/10/2021,-0.1367078
21/10/2021,0
22/10/2021,0.0004668
25/10/2021,0.0008559
26/10/2021,0.0014825
27/10/2021,-0.0014405
28/10/2021,-0.0013647
29/10/2021,0.0004668
03/11/2021,0
05/11/2021,0.0006247
09/11/2021,0.0024905
10/11/2021,0.0062308
12/11/2021,0.00067
15/11/2021,0.007875
16/11/2021,0.0054121
17/11/2021,-0.0035639
19/11/2021,-0.0271888
22/11/2021,-0.0042772
23/11/2021,-0.0162888
24/11/2021,0
26/11/2021,-0.0000806
29/11/2021,0
30/11/2021,0.0025115
01/12/2021,-0.0082278
06/12/2021,-0.000422
07/12/2021,-0.008296
08/12/2021,-0.0055466
09/12/2021,-0.001689
10/12/2021,0.0041866
14/12/2021,0
15/12/2021,0
16/12/2021,-0.0035434
20/12/2021,0.0025148
21/12/2021,0.0025439
22/12/2021,-0.009975
23/12/2021,0.0038061
24/12/2021,0.0032167
29/12/2021,0
30/12/2021,-0.0059299
31/12/2021,-0.0042
04/01/2022,-0.0212765
05/01/2022,0.0042901
06/01/2022,0
10/01/2022,-0.0172758
11/01/2022,-0.0001445
13/01/2022,0.0085669
14/01/2022,0.0030389
19/01/2022,0.0085249
20/01/2022,0
21/01/2022,0
25/01/2022,-0.001514
26/01/2022,-0.0013938
27/01/2022,-0.0026751
28/01/2022,-0.0025954
31/01/2022,0
04/02/2022,-0.0002198
07/02/2022,-0.0017791
08/02/2022,0.0019403
09/02/2022,0
10/02/2022,-0.000865
11/02/2022,0.0012937
14/02/2022,0
15/02/2022,-0.0127683
16/02/2022,0.0000668
17/02/2022,0
18/02/2022,-0.001039
22/02/2022,-0.0004263
23/02/2022,0
24/02/2022,0.0000706
25/02/2022,-0.0006495
02/03/2022,0
03/03/2022,0
04/03/2022,-0.0003991
08/03/2022,0.0000696
09/03/2022,0.0026951
10/03/2022,0.0024042
11/03/2022,-0.0001788
14/03/2022,0.0036812
15/03/2022,-0.0056143
16/03/2022,-0.0000949
17/03/2022,-0.0000916
18/03/2022,0.0000696
21/03/2022,0.0002189
22/03/2022,0.0000658
23/03/2022,0.001153
24/03/2022,-0.000186
25/03/2022,0
28/03/2022,0.000288
29/03/2022,0
30/03/2022,0
31/03/2022,0
01/04/2022,0
04/04/2022,-0.0233412
05/04/2022,0.0024524
06/04/2022,0.0029812
07/04/2022,-0.0004416
08/04/2022,0.0002489
11/04/2022,0.0013723
12/04/2022,0
13/04/2022,-0.0002518
14/04/2022,0
19/04/2022,0
20/04/2022,0
21/04/2022,0
22/04/2022,0
25/04/2022,0.0008893
26/04/2022,0
27/04/2022,-0.0000701
04/05/2022,0
05/05/2022,0
06/05/2022,-0.000093
09/05/2022,0
10/05/2022,-0.0019493
11/05/2022,-0.0381656
12/05/2022,-0.0091281
13/05/2022,0.0000744
16/05/2022,0.0000739
17/05/2022,0.0098615
18/05/2022,0.0090718
19/05/2022,-0.0180826
20/05/2022,0
23/05/2022,-0.0002341
24/05/2022,-0.0028124
25/05/2022,0.0001721
26/05/2022,-0.0007005
27/05/2022,-0.0001016
31/05/2022,0
02/06/2022,0.0001493
03/06/2022,0
09/06/2022,0.0002975
10/06/2022,0
13/06/2022,-0.0033445
14/06/2022,0
15/06/2022,0
16/06/2022,0
17/06/2022,-0.0186453
21/06/2022,-0.0002685
22/06/2022,0
23/06/2022,0.0046935
24/06/2022,0
28/06/2022,0.0138073
29/06/2022,0
30/06/2022,0.0013013
01/07/2022,0
05/07/2022,0.0000668
06/07/2022,0
07/07/2022,-0.0028005
08/07/2022,0
12/07/2022,0
13/07/2022,-0.0126381
14/07/2022,-0.0171084
15/07/2022,0
18/07/2022,0
19/07/2022,0
20/07/2022,-0.0085263
21/07/2022,-0.0011096
22/07/2022,0
26/07/2022,-0.0003605
27/07/2022,0.0345335
28/07/2022,-0.0026884
29/07/2022,0.0001187
01/08/2022,-0.0380821
02/08/2022,-0.0355434
03/08/2022,0.023211
05/08/2022,0.0006261
08/08/2022,-0.0029421
10/08/2022,0.0354033
11/08/2022,0
12/08/2022,0.0337195
16/08/2022,-0.0029712
17/08/2022,-0.0005002
18/08/2022,0
19/08/2022,-0.0024328
22/08/2022,0
23/08/2022,-0.0188942
24/08/2022,0
25/08/2022,0
26/08/2022,-0.0036879
29/08/2022,-0.0014062
30/08/2022,0.0115747
31/08/2022,0.0028739
02/09/2022,0
06/09/2022,0
07/09/2022,0
08/09/2022,0
09/09/2022,-0.0002394
14/09/2022,-0.0005116
15/09/2022,0
16/09/2022,-0.0002041
19/09/2022,0
20/09/2022,0.0019979
22/09/2022,-0.0023742
23/09/2022,-0.0043111
26/09/2022,0.0039868
27/09/2022,-0.014544
28/09/2022,-0.0002518
29/09/2022,-0.0005445
30/09/2022,-0.0040731
03/10/2022,0.0040731
04/10/2022,0.0005689
05/10/2022,0
06/10/2022,-0.0000768
07/10/2022,0
11/10/2022,0
12/10/2022,0
13/10/2022,0
14/10/2022,-0.0005159
18/10/2022,0
19/10/2022,0
21/10/2022,0
25/10/2022,0.0394378
26/10/2022,-0.000154
27/10/2022,-0.0001507
28/10/2022,0
31/10/2022,0
01/11/2022,0
03/11/2022,0
09/11/2022,0
10/11/2022,0.0003901
14/11/2022,0.0004692
15/11/2022,0
16/11/2022,0.00495
17/11/2022,0
21/11/2022,0.0003123
22/11/2022,-0.0011373
23/11/2022,0.0009384
25/11/2022,0
28/11/2022,0
29/11/2022,0
30/11/2022,0
05/12/2022,0.0000687
06/12/2022,-0.0011449
08/12/2022,0
09/12/2022,0
13/12/2022,-0.001049
14/12/2022,-0.0019541
15/12/2022,-0.0001507
16/12/2022,-0.0017171
19/12/2022,0
20/12/2022,-0.0019984
21/12/2022,0
22/12/2022,0
23/12/2022,-0.0001554
28/12/2022,0
29/12/2022,0
30/12/2022,-0.0001025
04/01/2023,0
05/01/2023,0
06/01/2023,0
10/01/2023,-0.0009332
11/01/2023,-0.0012298
12/01/2023,0.0000453
13/01/2023,0
17/01/2023,0
18/01/2023,-0.0005374
19/01/2023,-0.0007348
20/01/2023,-0.0004926
24/01/2023,-0.0010686
25/01/2023,-0.0002465
26/01/2023,0
30/01/2023,-0.0292859
31/01/2023,-0.0022955
02/02/2023,0.0240831
03/02/2023,-0.0289378
06/02/2023,0.0264215
07/02/2023,0
08/02/2023,-0.000104
09/02/2023,-0.0010734
10/02/2023,-0.0050406
13/02/2023,0.0098944
14/02/2023,-0.001658
15/02/2023,0
16/02/2023,-0.0000706
17/02/2023,0.0018239
21/02/2023,-0.0009241
22/02/2023,0
23/02/2023,0.0067263
24/02/2023,-0.0012813
28/02/2023,-0.007175
01/03/2023,-0.0084033
02/03/2023,0.0045919
03/03/2023,-0.0050359
07/03/2023,0.002243
08/03/2023,0
09/03/2023,0.0118189
10/03/2023,0.0240455
13/03/2023,0.0154195
14/03/2023,0.0343509
15/03/2023,0.0251784
16/03/2023,0.0166945
17/03/2023,-0.0017495
21/03/2023,0.0000811
23/03/2023,0.0429225
24/03/2023,0.0000391
29/03/2023,0
30/03/2023,-0.0337081
