DATE,Kexc
05/01/2010,-0.0072727
06/01/2010,0.0039735
07/01/2010,-0.0006614
08/01/2010,-0.0006614
11/01/2010,-0.0039787
12/01/2010,0.0053015
13/01/2010,-0.0033102
14/01/2010,0.0006628
15/01/2010,0.0052876
19/01/2010,0
20/01/2010,0.0013175
21/01/2010,0.0013156
22/01/2010,-0.0019741
25/01/2010,0.0030255
26/01/2010,0.001575
27/01/2010,0.0006557
28/01/2010,-0.0085554
29/01/2010,0.0032992
02/02/2010,0.0019741
03/02/2010,-0.0013156
04/02/2010,0.0059075
05/02/2010,0.0045705
08/02/2010,0.00455
09/02/2010,-0.0065064
10/02/2010,-0.0032687
11/02/2010,0.0039215
12/02/2010,0.0045557
16/02/2010,0.0045352
17/02/2010,-0.006485
18/02/2010,0.0003901
19/02/2010,0.0022092
22/02/2010,-0.0039015
23/02/2010,0.003252
24/02/2010,0.001687
25/02/2010,-0.0036368
01/03/2010,0
02/03/2010,0.0019498
03/03/2010,0.0006495
04/03/2010,-0.0006495
05/03/2010,-0.0049472
09/03/2010,-0.0006518
10/03/2010,-0.0013056
11/03/2010,0.0019574
15/03/2010,0.0032587
17/03/2010,-0.0036464
18/03/2010,0.0032563
19/03/2010,0.0002599
22/03/2010,0.0010395
23/03/2010,0.0019464
24/03/2010,0.0051713
25/03/2010,-0.0019364
26/03/2010,-0.0012927
29/03/2010,0.0019388
30/03/2010,-0.0012922
31/03/2010,0.0019374
01/04/2010,-0.003231
06/04/2010,0.0019398
07/04/2010,-0.0009046
08/04/2010,-0.0010352
12/04/2010,0.0006471
13/04/2010,-0.0019422
14/04/2010,0
15/04/2010,-0.0038962
16/04/2010,0.0032477
19/04/2010,0.0051746
20/04/2010,-0.0019374
21/04/2010,0.0012922
22/04/2010,-0.0012922
23/04/2010,-0.0012937
26/04/2010,0.0019398
27/04/2010,-0.0006461
28/04/2010,0.0003877
29/04/2010,0.0015497
30/04/2010,-0.0038786
04/05/2010,0.0006475
05/05/2010,0.003231
07/05/2010,0.0038462
10/05/2010,-0.0070629
11/05/2010,0.002574
12/05/2010,-0.0006428
13/05/2010,0.0057712
14/05/2010,0.0012779
17/05/2010,0.0044603
18/05/2010,-0.0038218
19/05/2010,0.0107903
20/05/2010,0.0075474
21/05/2010,-0.0056553
24/05/2010,0
26/05/2010,-0.000627
27/05/2010,-0.0006275
28/05/2010,0.0012546
02/06/2010,0.0037546
03/06/2010,0.0012484
04/06/2010,0.0213552
07/06/2010,0.001708
08/06/2010,-0.0002437
09/06/2010,-0.0020752
10/06/2010,-0.0114303
11/06/2010,-0.000618
14/06/2010,-0.0024772
15/06/2010,0.0016108
16/06/2010,-0.0016108
17/06/2010,0.0012393
18/06/2010,-0.0018592
21/06/2010,-0.0024843
22/06/2010,0.0061994
23/06/2010,0.0012355
24/06/2010,0.0059085
25/06/2010,0.0033083
28/06/2010,-0.0024495
29/06/2010,0.0024495
30/06/2010,0
02/07/2010,-0.0039272
06/07/2010,0.0039272
07/07/2010,-0.0018392
08/07/2010,0
09/07/2010,-0.0008593
12/07/2010,0.0042892
13/07/2010,0.0008554
14/07/2010,-0.0012221
15/07/2010,-0.001224
16/07/2010,-0.0012255
19/07/2010,0.0012255
20/07/2010,0.0018353
21/07/2010,-0.0018353
22/07/2010,-0.0012255
23/07/2010,-0.0030704
26/07/2010,-0.0030799
27/07/2010,-0.0061879
28/07/2010,0.0006204
29/07/2010,-0.005599
30/07/2010,0.0006237
02/08/2010,0
03/08/2010,-0.0031219
05/08/2010,-0.0056443
06/08/2010,-0.0025191
09/08/2010,0.0012603
10/08/2010,0.0031438
11/08/2010,0.0031338
12/08/2010,0.0059896
16/08/2010,0.0006223
17/08/2010,-0.0002489
18/08/2010,0.0027332
19/08/2010,0.0049505
20/08/2010,0.0018501
23/08/2010,0
24/08/2010,0
25/08/2010,-0.0024676
26/08/2010,-0.0016074
30/08/2010,0.0012369
31/08/2010,0.001358
01/09/2010,-0.0059409
02/09/2010,0.0009923
03/09/2010,0.0014873
07/09/2010,0.0030913
08/09/2010,0.0024662
13/09/2010,-0.0012355
14/09/2010,0
15/09/2010,-0.0024753
16/09/2010,-0.0031028
17/09/2010,0.001863
20/09/2010,0.0030971
22/09/2010,-0.0027161
23/09/2010,0.0020995
24/09/2010,-0.0024705
27/09/2010,-0.0006189
28/09/2010,0.0006189
29/09/2010,-0.0018573
30/09/2010,0.0006194
01/10/2010,0.0006189
04/10/2010,0
05/10/2010,0
06/10/2010,-0.0018582
07/10/2010,-0.0018616
08/10/2010,-0.0018649
12/10/2010,0.0049658
13/10/2010,-0.0012393
14/10/2010,-0.0024829
15/10/2010,0.0006213
18/10/2010,0.0031009
19/10/2010,0
21/10/2010,0.0030913
22/10/2010,-0.0024724
25/10/2010,-0.0024781
26/10/2010,0.0018592
27/10/2010,0.0012379
28/10/2010,-0.0037174
29/10/2010,0.0012403
01/11/2010,0.0006199
03/11/2010,0.0031042
04/11/2010,-0.0068426
08/11/2010,0.0056024
09/11/2010,-0.001864
10/11/2010,0.0024843
12/11/2010,-0.0012417
15/11/2010,-0.0006213
19/11/2010,-0.0012474
22/11/2010,0.0018706
23/11/2010,-0.0024953
24/11/2010,0.0037408
26/11/2010,0.0043464
29/11/2010,0.0018573
30/11/2010,0.0024705
01/12/2010,-0.0037084
02/12/2010,-0.0024796
08/12/2010,0.0006213
09/12/2010,0.0024829
10/12/2010,-0.0018616
14/12/2010,0
15/12/2010,-0.0006213
16/12/2010,0.002111
17/12/2010,-0.0014896
20/12/2010,0
21/12/2010,0.0018616
22/12/2010,-0.0006199
23/12/2010,0.0006199
24/12/2010,0.0006199
29/12/2010,0.0006194
30/12/2010,0
31/12/2010,0
04/01/2011,0.0018525
05/01/2011,-0.000617
06/01/2011,0.0030818
07/01/2011,-0.0012317
31/01/2011,0.000617
02/02/2011,-0.0030818
04/02/2011,0.0006156
07/02/2011,-0.0012317
08/02/2011,0.0012317
09/02/2011,0
10/02/2011,-0.0006156
11/02/2011,0.0030737
14/02/2011,-0.0030737
16/02/2011,0
17/02/2011,-0.0006137
18/02/2011,0.0012274
22/02/2011,0.0036745
23/02/2011,0.0012217
24/02/2011,0.0018301
25/02/2011,0.0036492
08/03/2011,0.0018034
09/03/2011,0.0047932
10/03/2011,0.0059595
11/03/2011,0.0129871
14/03/2011,0.0105019
15/03/2011,-0.0034885
16/03/2011,-0.0005822
17/03/2011,-0.00175
22/03/2011,-0.0023532
23/03/2011,0
24/03/2011,0
25/03/2011,-0.0064993
28/03/2011,-0.0017796
29/03/2011,-0.0070319
30/03/2011,-0.005517
31/03/2011,-0.0036144
01/04/2011,0.0048165
05/04/2011,0.002986
06/04/2011,0.0071301
07/04/2011,-0.0023708
08/04/2011,-0.0059528
11/04/2011,0.004765
12/04/2011,-0.0023794
13/04/2011,0.0005951
14/04/2011,0.0017843
15/04/2011,-0.0035715
18/04/2011,-0.0011935
19/04/2011,0
20/04/2011,0.004765
21/04/2011,-0.0011892
26/04/2011,-0.0017862
27/04/2011,-0.0017896
28/04/2011,-0.0047874
29/04/2011,0
03/05/2011,0.0023966
04/05/2011,0
05/05/2011,0.0035844
06/05/2011,-0.0005965
09/05/2011,0.0089102
10/05/2011,0.008245
11/05/2011,0.0064311
12/05/2011,0.0005822
13/05/2011,0.0040689
16/05/2011,0.0011592
17/05/2011,0.005662
18/05/2011,0.0029912
19/05/2011,-0.0103927
20/05/2011,-0.0064049
23/05/2011,0.0144973
24/05/2011,-0.0051947
26/05/2011,-0.0073314
27/05/2011,0.0003505
31/05/2011,0.0040779
02/06/2011,0.0098352
03/06/2011,0
07/06/2011,0.0074434
08/06/2011,0
09/06/2011,0.0004563
10/06/2011,0.0047784
13/06/2011,0.0167689
14/06/2011,-0.0022345
15/06/2011,-0.0118146
16/06/2011,0.0190592
17/06/2011,-0.0033374
20/06/2011,0.0099783
21/06/2011,0.0082393
22/06/2011,-0.0049357
23/06/2011,-0.0105
24/06/2011,0.0027738
27/06/2011,0.008276
28/06/2011,-0.0093846
29/06/2011,-0.0027771
30/06/2011,-0.0063605
05/07/2011,0.0005627
06/07/2011,0.0106354
07/07/2011,-0.0005569
08/07/2011,0.0061097
12/07/2011,-0.0022135
13/07/2011,-0.0089035
14/07/2011,0.0011172
15/07/2011,0.0022306
18/07/2011,0.0055556
19/07/2011,0.0011077
20/07/2011,-0.0038815
21/07/2011,0.0027738
22/07/2011,-0.0033298
26/07/2011,0.0011077
27/07/2011,0.0060687
28/07/2011,0.0038433
29/07/2011,-0.0032935
02/08/2011,0.0076671
03/08/2011,0.0021801
04/08/2011,0.006403
05/08/2011,0.0060396
08/08/2011,0.0064311
10/08/2011,0.0056462
11/08/2011,-0.0077853
12/08/2011,-0.0053678
15/08/2011,-0.0021553
16/08/2011,0.0044131
17/08/2011,0.0025744
18/08/2011,-0.0016084
19/08/2011,-0.0053792
24/08/2011,-0.0084291
26/08/2011,0.0081062
29/08/2011,0.0096412
06/09/2011,-0.0053191
07/09/2011,0.0010662
08/09/2011,0.0015969
09/09/2011,-0.0015969
13/09/2011,-0.0128369
14/09/2011,0.0044379
15/09/2011,0.0021067
16/09/2011,-0.0005264
19/09/2011,0.0068188
20/09/2011,0.0072918
22/09/2011,0.0244784
23/09/2011,-0.0030274
26/09/2011,0.0328064
27/09/2011,0.0071139
28/09/2011,-0.0115247
29/09/2011,-0.0183401
30/09/2011,0.0049901
03/10/2011,0.0103989
04/10/2011,0.0078506
05/10/2011,-0.0044084
06/10/2011,0.0053854
07/10/2011,0
11/10/2011,0.0387888
14/10/2011,-0.0224175
19/10/2011,0.0063114
21/10/2011,-0.0028
24/10/2011,0.0010009
27/10/2011,-0.0093312
28/10/2011,0.0055289
31/10/2011,-0.0025091
03/11/2011,0.0015473
04/11/2011,0.0056543
08/11/2011,-0.003088
09/11/2011,-0.0082817
10/11/2011,-0.0104494
14/11/2011,-0.0196238
15/11/2011,0.0069389
16/11/2011,0
17/11/2011,-0.017168
21/11/2011,-0.002748
22/11/2011,-0.0071802
23/11/2011,0.0011082
25/11/2011,0.0033164
28/11/2011,-0.0027628
30/11/2011,-0.0027819
05/12/2011,-0.0050101
06/12/2011,0
07/12/2011,-0.0011163
08/12/2011,-0.0016775
09/12/2011,0.0039096
13/12/2011,-0.00559
14/12/2011,-0.0215306
15/12/2011,-0.0237622
16/12/2011,-0.0159626
19/12/2011,-0.000596
20/12/2011,-0.0053811
21/12/2011,0.0023952
22/12/2011,0.000598
23/12/2011,-0.0017948
28/12/2011,0.0065498
30/12/2011,0.0088625
03/01/2012,0.00528
04/01/2012,0.0282683
05/01/2012,-0.0102916
06/01/2012,0
10/01/2012,0.0017209
11/01/2012,-0.0005732
12/01/2012,0.0062876
13/01/2012,-0.0057144
17/01/2012,-0.0069008
18/01/2012,-0.0028892
19/01/2012,-0.0075517
20/01/2012,0.0052342
24/01/2012,-0.0029063
25/01/2012,-0.0046673
26/01/2012,-0.0070424
27/01/2012,0.0017653
30/01/2012,-0.0030618
31/01/2012,-0.0105519
02/02/2012,0.0011945
03/02/2012,-0.0014338
06/02/2012,0.0002394
08/02/2012,-0.0096445
09/02/2012,0.0072422
10/02/2012,-0.0036144
13/02/2012,-0.0012078
14/02/2012,0.0036187
15/02/2012,-0.0012045
16/02/2012,0.0018067
17/02/2012,-0.0018067
21/02/2012,0.0030093
22/02/2012,-0.0024071
23/02/2012,-0.0030165
24/02/2012,-0.0012093
28/02/2012,0.001812
29/02/2012,0.0030131
01/03/2012,0.0030036
02/03/2012,-0.0005999
05/03/2012,-0.0018024
07/03/2012,-0.0018134
08/03/2012,0.0006051
09/03/2012,0.0006042
13/03/2012,0
14/03/2012,0.0006065
15/03/2012,-0.0018201
16/03/2012,0.0102692
19/03/2012,-0.0048194
21/03/2012,0.0012093
22/03/2012,0.0054235
26/03/2012,0.0042133
27/03/2012,-0.0012021
28/03/2012,-0.002408
29/03/2012,-0.0012064
30/03/2012,0.0024109
02/04/2012,-0.0006022
03/04/2012,0.0018058
04/04/2012,0.0006013
05/04/2012,0.0006008
10/04/2012,0
11/04/2012,0.0029984
12/04/2012,-0.0017982
13/04/2012,-0.0012002
16/04/2012,-0.0012021
17/04/2012,0.0024023
18/04/2012,-0.0012002
19/04/2012,0.0012002
20/04/2012,-0.0005999
23/04/2012,-0.0018024
24/04/2012,0.003242
25/04/2012,-0.0014396
26/04/2012,-0.0006003
27/04/2012,0
30/04/2012,0
02/05/2012,0.0029984
03/05/2012,-0.0042005
04/05/2012,0
07/05/2012,0.0012021
08/05/2012,0.0006003
09/05/2012,-0.0006003
10/05/2012,0.0059876
11/05/2012,-0.000597
14/05/2012,0.007143
15/05/2012,-0.0005932
16/05/2012,0.0017786
17/05/2012,-0.0008297
18/05/2012,0.0026054
21/05/2012,0.008245
22/05/2012,-0.0011735
23/05/2012,0.0011735
24/05/2012,0
29/05/2012,0.008759
30/05/2012,0.0104108
31/05/2012,-0.0069284
05/06/2012,-0.0017457
06/06/2012,-0.0035005
07/06/2012,-0.0135336
08/06/2012,0.0064955
11/06/2012,-0.0029473
12/06/2012,0.0082307
13/06/2012,-0.0011716
15/06/2012,0.0047169
18/06/2012,-0.0076766
19/06/2012,-0.0011859
20/06/2012,-0.0071473
21/06/2012,-0.000598
22/06/2012,0.004178
25/06/2012,0.0011902
26/06/2012,-0.0023823
27/06/2012,0.0035715
28/06/2012,-0.0029755
29/06/2012,0.0047565
03/07/2012,-0.002377
05/07/2012,0.002377
06/07/2012,-0.0035672
09/07/2012,-0.0011921
10/07/2012,0.0023823
12/07/2012,-0.0023837
13/07/2012,0.0053558
16/07/2012,0
17/07/2012,0
18/07/2012,0
19/07/2012,-0.0029721
20/07/2012,0.0029721
24/07/2012,0.0023708
26/07/2012,0.001781
27/07/2012,0.0005927
30/07/2012,0
31/07/2012,0
01/08/2012,-0.0005927
02/08/2012,0.0011854
03/08/2012,-0.0017786
07/08/2012,-0.0011878
08/08/2012,-0.0002379
09/08/2012,-0.0009513
14/08/2012,0.000596
16/08/2012,-0.0005951
17/08/2012,0
21/08/2012,0
22/08/2012,0
23/08/2012,0
24/08/2012,0.0005951
27/08/2012,0.0005946
28/08/2012,0.0011888
29/08/2012,-0.0002379
30/08/2012,0.0008316
31/08/2012,-0.0005937
04/09/2012,0.0059204
05/09/2012,-0.0041409
06/09/2012,-0.0005927
07/09/2012,0.0005927
11/09/2012,-0.0029721
12/09/2012,0.0035653
13/09/2012,0.0005927
14/09/2012,0.0005927
17/09/2012,0.0047283
18/09/2012,0.0011783
19/09/2012,-0.0005889
24/09/2012,-0.0003533
25/09/2012,0.0011778
26/09/2012,0.0005884
27/09/2012,0.0035233
28/09/2012,0
01/10/2012,-0.001173
02/10/2012,-0.000587
03/10/2012,-0.0023518
04/10/2012,-0.0011778
05/10/2012,0.0023541
09/10/2012,0.004107
10/10/2012,-0.0005856
11/10/2012,0.0003514
12/10/2012,-0.0009375
16/10/2012,0.0035276
17/10/2012,-0.0011744
18/10/2012,0.001761
19/10/2012,0.0003519
22/10/2012,0.0008206
23/10/2012,-0.002346
24/10/2012,0
25/10/2012,0.0011735
29/10/2012,0.00176
30/10/2012,-0.0014081
01/11/2012,0.0019941
05/11/2012,0.0023403
06/11/2012,-0.0005846
07/11/2012,-0.0011702
08/11/2012,-0.0005856
09/11/2012,0.0011706
14/11/2012,0.0011697
20/11/2012,0.0005836
21/11/2012,0.0011663
23/11/2012,0.0009317
26/11/2012,0
27/11/2012,-0.0003495
28/11/2012,0
30/11/2012,-0.0037293
03/12/2012,0.0038457
04/12/2012,-0.0015135
05/12/2012,0.0017457
06/12/2012,-0.0011635
10/12/2012,-0.0011625
11/12/2012,-0.0005822
13/12/2012,0.0029063
14/12/2012,-0.0005808
17/12/2012,0
18/12/2012,-0.0017433
19/12/2012,-0.0005822
20/12/2012,0
21/12/2012,0.0011635
27/12/2012,-0.0017457
28/12/2012,0.0017457
31/12/2012,0
03/01/2013,-0.0011611
04/01/2013,0.0046353
07/01/2013,0.0017323
09/01/2013,0.0005774
10/01/2013,0.0017304
11/01/2013,0
15/01/2013,0
16/01/2013,0.0005765
17/01/2013,0.0023012
18/01/2013,0
22/01/2013,0.0051589
23/01/2013,-0.0011439
25/01/2013,0.0011425
29/01/2013,0
30/01/2013,0
31/01/2013,0
04/02/2013,0.0003433
05/02/2013,0.0028563
06/02/2013,0
07/02/2013,-0.0028563
08/02/2013,0.0028563
11/02/2013,-0.0005703
12/02/2013,-0.0011425
13/02/2013,0
14/02/2013,-0.0017157
15/02/2013,0.0022869
19/02/2013,0.0011415
20/02/2013,0.0005703
22/02/2013,-0.0011406
27/02/2013,-0.0115275
28/02/2013,0
01/03/2013,-0.0040665
05/03/2013,-0.0046673
07/03/2013,-0.0069242
08/03/2013,-0.0028996
11/03/2013,-0.0087485
13/03/2013,-0.000586
14/03/2013,0.003861
15/03/2013,0.0008173
18/03/2013,0
19/03/2013,-0.0005836
21/03/2013,0.00175
22/03/2013,-0.0005832
25/03/2013,0.0011654
26/03/2013,0.0011644
27/03/2013,-0.0040808
28/03/2013,-0.0011687
02/04/2013,-0.0082207
03/04/2013,0.0023556
04/04/2013,-0.0005884
05/04/2013,-0.0035377
08/04/2013,0.0040083
10/04/2013,-0.0040083
12/04/2013,-0.0011878
15/04/2013,-0.0023794
16/04/2013,0.0011902
17/04/2013,0
18/04/2013,-0.0017862
19/04/2013,-0.000596
22/04/2013,-0.0011935
23/04/2013,0.000597
24/04/2013,0.0017886
25/04/2013,0.0005951
26/04/2013,0
29/04/2013,-0.0029807
30/04/2013,0.000597
02/05/2013,0
03/05/2013,-0.000597
06/05/2013,0.0035758
07/05/2013,-0.0029788
08/05/2013,0
09/05/2013,-0.0017915
10/05/2013,0.002388
13/05/2013,-0.0005965
14/05/2013,-0.001194
15/05/2013,0.0023866
16/05/2013,-0.002984
17/05/2013,0.002388
20/05/2013,-0.0008349
21/05/2013,0.0038118
22/05/2013,0.0041533
23/05/2013,-0.0011849
24/05/2013,0.0003557
04/06/2013,0
05/06/2013,-0.000587
06/06/2013,-0.0029407
07/06/2013,-0.0021224
10/06/2013,0.0068231
11/06/2013,-0.001173
12/06/2013,0.0035148
13/06/2013,0
14/06/2013,0
17/06/2013,0.0017529
18/06/2013,0.0004668
19/06/2013,-0.0004668
20/06/2013,0.0005836
21/06/2013,0.0020981
24/06/2013,0.0042992
25/06/2013,-0.0046487
26/06/2013,0.0034885
28/06/2013,-0.0040708
02/07/2013,-0.0005813
03/07/2013,0.002903
05/07/2013,0.002316
08/07/2013,0.0046163
09/07/2013,0
10/07/2013,0.0005755
12/07/2013,-0.0011468
15/07/2013,-0.0011482
16/07/2013,-0.0034523
17/07/2013,0.0017276
18/07/2013,0.0011501
19/07/2013,-0.0034542
22/07/2013,0.0057507
23/07/2013,0.0017185
24/07/2013,0
26/07/2013,-0.0034285
29/07/2013,-0.0005727
30/07/2013,-0.0005727
31/07/2013,0.002861
01/08/2013,-0.0013723
02/08/2013,-0.0003433
05/08/2013,0.0017157
06/08/2013,-0.0005717
07/08/2013,0.0005717
12/08/2013,0.0039968
15/08/2013,-0.0039988
16/08/2013,0
19/08/2013,0.0011439
20/08/2013,0
21/08/2013,0.0017142
22/08/2013,0.0005703
23/08/2013,-0.0011415
26/08/2013,-0.0005713
27/08/2013,-0.0001144
28/08/2013,0.0018272
29/08/2013,0.0005703
30/08/2013,-0.0005703
03/09/2013,-0.0011415
04/09/2013,-0.0004568
05/09/2013,-0.0006862
06/09/2013,0.0005717
11/09/2013,0
12/09/2013,0.0005713
13/09/2013,0.0005703
16/09/2013,-0.0011415
17/09/2013,0
18/09/2013,0
19/09/2013,-0.0017147
20/09/2013,0.0008006
24/09/2013,-0.0011425
25/09/2013,-0.0011435
26/09/2013,-0.0040126
27/09/2013,-0.0051827
30/09/2013,-0.0023122
02/10/2013,0.0051947
03/10/2013,-0.0046163
07/10/2013,-0.013978
09/10/2013,0.0029435
10/10/2013,0.0035214
14/10/2013,-0.0046978
18/10/2013,0.002357
23/10/2013,0.0003533
24/10/2013,-0.0015311
25/10/2013,-0.0005894
28/10/2013,0.006465
29/10/2013,-0.0008206
30/10/2013,-0.0027008
31/10/2013,0.004107
06/11/2013,-0.0017548
07/11/2013,0.0026894
08/11/2013,-0.0015192
12/11/2013,0.0058308
13/11/2013,0.005219
14/11/2013,-0.0017366
15/11/2013,0
19/11/2013,0
20/11/2013,-0.0023189
21/11/2013,0.0011601
22/11/2013,0.0057802
25/11/2013,0
26/11/2013,0.0023026
27/11/2013,0.0005751
29/11/2013,-0.0040312
02/12/2013,0.0034561
03/12/2013,-0.0023026
04/12/2013,-0.0011535
09/12/2013,0.0023079
10/12/2013,0.0028777
11/12/2013,-0.0057635
16/12/2013,-0.002315
17/12/2013,-0.0029011
18/12/2013,0.0011616
19/12/2013,-0.0034885
20/12/2013,0.0011644
23/12/2013,-0.0011644
24/12/2013,-0.0011654
27/12/2013,0.0046539
30/12/2013,0.0017395
31/12/2013,0.0017366
03/01/2014,0
06/01/2014,0
07/01/2014,0.0017247
15/01/2014,-0.0040708
16/01/2014,0.0005822
21/01/2014,0
22/01/2014,-0.0002332
23/01/2014,-0.0044398
24/01/2014,0.0064197
28/01/2014,0.0023279
29/01/2014,0.0009298
30/01/2014,0.000813
03/02/2014,0.0023093
04/02/2014,-0.004045
05/02/2014,-0.0023189
07/02/2014,0.0005813
10/02/2014,0.0017428
11/02/2014,0
12/02/2014,0.0005803
14/02/2014,0
18/02/2014,-0.0011582
19/02/2014,-0.0023203
20/02/2014,0.0005808
21/02/2014,0.0011601
25/02/2014,0.0005784
26/02/2014,0
27/02/2014,-0.0011568
03/03/2014,-0.0005784
04/03/2014,0
07/03/2014,-0.000577
10/03/2014,-0.0005774
11/03/2014,-0.002893
13/03/2014,0.0005784
14/03/2014,0.0005779
17/03/2014,-0.0011563
18/03/2014,0.0023108
21/03/2014,0.0023136
24/03/2014,0
25/03/2014,0.0011544
26/03/2014,0.0026507
27/03/2014,-0.0043831
28/03/2014,0.0011554
01/04/2014,-0.0005789
02/04/2014,0.0017357
03/04/2014,0.0017323
04/04/2014,0.000577
07/04/2014,-0.000577
08/04/2014,-0.0023108
10/04/2014,-0.0005774
11/04/2014,0.0017314
14/04/2014,0.0005765
15/04/2014,0.001152
16/04/2014,-0.0005755
17/04/2014,-0.0005765
22/04/2014,0.0040264
23/04/2014,-0.0022988
24/04/2014,-0.0005755
25/04/2014,-0.0005755
28/04/2014,0
29/04/2014,0.0011511
30/04/2014,0.001265
02/05/2014,-0.0024161
05/05/2014,0.0005755
06/05/2014,0.0040221
07/05/2014,-0.0005736
08/05/2014,-0.0005741
09/05/2014,0.0011477
12/05/2014,-0.0017219
13/05/2014,0.0011482
14/05/2014,0.0017195
15/05/2014,0.0005727
16/05/2014,0.0017157
19/05/2014,0.0017128
20/05/2014,0.0022793
21/05/2014,-0.0005693
22/05/2014,0.0005693
23/05/2014,-0.0005693
27/05/2014,0
28/05/2014,0
29/05/2014,-0.0011396
30/05/2014,0
03/06/2014,-0.0028548
04/06/2014,0.0005717
05/06/2014,0
06/06/2014,-0.0005717
09/06/2014,-0.0011439
10/06/2014,0.0051384
11/06/2014,0
12/06/2014,0
13/06/2014,0.0011382
16/06/2014,0.0005689
17/06/2014,-0.0039873
18/06/2014,-0.0005713
19/06/2014,-0.0017147
20/06/2014,0.0005717
23/06/2014,-0.0005717
24/06/2014,0.0017147
25/06/2014,-0.001143
26/06/2014,0.0022845
27/06/2014,-0.0017128
30/06/2014,0.0017128
02/07/2014,-0.0005693
03/07/2014,0
07/07/2014,0.0005693
08/07/2014,0
09/07/2014,-0.0011396
10/07/2014,-0.0011406
14/07/2014,0.0005703
15/07/2014,0
16/07/2014,0
17/07/2014,0
18/07/2014,0.0011387
21/07/2014,0.0003414
22/07/2014,0.0002275
23/07/2014,0
24/07/2014,-0.0011382
31/07/2014,0.0011396
01/08/2014,0
04/08/2014,-0.0005693
05/08/2014,0.0017076
06/08/2014,0
07/08/2014,-0.0011382
08/08/2014,0.002048
11/08/2014,-0.0009098
12/08/2014,0.0011373
14/08/2014,0
18/08/2014,0.0017009
19/08/2014,0.0011325
20/08/2014,-0.000566
21/08/2014,0.000566
22/08/2014,-0.0011325
25/08/2014,0.0050864
26/08/2014,-0.0039539
27/08/2014,0.000566
28/08/2014,0.0005655
29/08/2014,-0.0005655
02/09/2014,0.0011306
03/09/2014,0.0022573
04/09/2014,-0.0011282
05/09/2014,0.0011282
09/09/2014,0.0005641
10/09/2014,0.0005641
11/09/2014,0.0011268
12/09/2014,-0.0011268
15/09/2014,0.0033765
16/09/2014,0.001123
17/09/2014,0.0016818
18/09/2014,-0.0024681
19/09/2014,-0.0054059
23/09/2014,0.0013485
24/09/2014,0.0016828
25/09/2014,0
26/09/2014,-0.0016828
29/09/2014,0.002243
30/09/2014,0
01/10/2014,0.0005603
02/10/2014,-0.0005603
03/10/2014,0.0005603
07/10/2014,-0.0016813
08/10/2014,-0.0005608
09/10/2014,-0.0005612
10/10/2014,0.0005612
14/10/2014,0.0011215
16/10/2014,-0.0016861
17/10/2014,0.0022473
21/10/2014,0.0005608
22/10/2014,0
27/10/2014,0
28/10/2014,-0.0016785
29/10/2014,-0.0039272
30/10/2014,0.0039272
31/10/2014,0.0016785
03/11/2014,0.0016751
04/11/2014,0.0005579
05/11/2014,0.0005579
06/11/2014,0
07/11/2014,0.0006685
10/11/2014,-0.0001116
12/11/2014,0.0048909
13/11/2014,-0.0009985
14/11/2014,-0.0016665
17/11/2014,0
19/11/2014,0.0005546
20/11/2014,-0.0011096
21/11/2014,0.0016642
24/11/2014,0
25/11/2014,0.0005541
26/11/2014,-0.0011086
28/11/2014,0
01/12/2014,0.0005546
02/12/2014,0.0019937
03/12/2014,-0.0019937
08/12/2014,0.0022135
09/12/2014,0.0005527
11/12/2014,-0.0006623
15/12/2014,-0.0005527
16/12/2014,0.0005527
17/12/2014,-0.001658
18/12/2014,0
19/12/2014,-0.0005531
22/12/2014,0.0005531
23/12/2014,0.001658
24/12/2014,0
29/12/2014,0.0016551
30/12/2014,-0.0005512
31/12/2014,-0.0011039
05/01/2015,0.0005507
06/01/2015,0.0011005
07/01/2015,0.0027466
09/01/2015,-0.0001097
12/01/2015,0.0016441
13/01/2015,-0.0005474
15/01/2015,0.0010948
16/01/2015,0.0024056
20/01/2015,0.0003276
21/01/2015,0.0005455
22/01/2015,0.0016356
23/01/2015,0.0005445
27/01/2015,-0.0010905
28/01/2015,0.0010905
29/01/2015,0
30/01/2015,-0.0010905
02/02/2015,0.0010905
05/02/2015,-0.0032787
06/02/2015,0
09/02/2015,0.0016408
10/02/2015,0.0005465
11/02/2015,0.0010915
12/02/2015,-0.0010915
13/02/2015,0.000546
18/02/2015,-0.0016408
20/02/2015,-0.0005469
24/02/2015,-0.0003281
25/02/2015,-0.0007663
27/02/2015,-0.0010934
02/03/2015,0.0005469
03/03/2015,-0.0010943
04/03/2015,-0.0021915
05/03/2015,0.0005484
09/03/2015,0.0021915
10/03/2015,0.0027332
11/03/2015,0.001091
13/03/2015,0.0021811
16/03/2015,0.0038052
17/03/2015,0.0010848
18/03/2015,-0.0043454
19/03/2015,0.0005441
23/03/2015,-0.0016308
24/03/2015,-0.0005441
25/03/2015,-0.0005445
26/03/2015,0.0038052
27/03/2015,0
30/03/2015,0.0005426
31/03/2015,0.0021667
01/04/2015,0.0005412
02/04/2015,-0.0005412
07/04/2015,0.0027022
08/04/2015,0
10/04/2015,0.0043077
13/04/2015,0.0010743
14/04/2015,0.0021448
15/04/2015,0.0010705
16/04/2015,-0.000535
17/04/2015,0
20/04/2015,0.0048065
21/04/2015,-0.0015998
22/04/2015,0.0015998
23/04/2015,0.0010648
24/04/2015,0.0021267
27/04/2015,0.0008492
28/04/2015,0.0018024
29/04/2015,0.0024333
30/04/2015,-0.0003171
04/05/2015,0.0029554
05/05/2015,0.002316
06/05/2015,0.000526
07/05/2015,0.0020995
08/05/2015,0.0005245
11/05/2015,0.0067902
12/05/2015,0.0036373
13/05/2015,0.0010366
14/05/2015,-0.004674
15/05/2015,-0.0010419
18/05/2015,0.0041604
19/05/2015,0.0025911
20/05/2015,0.0020685
21/05/2015,0.0015483
22/05/2015,0.0020609
26/05/2015,0.0082006
27/05/2015,-0.0005102
28/05/2015,-0.0010219
29/05/2015,-0.0005116
03/06/2015,-0.0012383
04/06/2015,-0.0070477
05/06/2015,0.0075636
08/06/2015,0.0087357
09/06/2015,0.0002046
10/06/2015,-0.0063629
11/06/2015,0.0007205
12/06/2015,0.000514
15/06/2015,0
16/06/2015,0.0015416
17/06/2015,0.0051203
18/06/2015,0.0015306
19/06/2015,0.0045791
22/06/2015,0.0013189
23/06/2015,0.0023293
24/06/2015,-0.002532
25/06/2015,-0.0001016
26/06/2015,-0.00071
29/06/2015,0.00142
30/06/2015,0.0066667
02/07/2015,0.0020108
03/07/2015,0
06/07/2015,0.0065084
07/07/2015,0
08/07/2015,0.002492
09/07/2015,0.0034781
10/07/2015,0.0113444
13/07/2015,0.0019598
14/07/2015,-0.0049067
15/07/2015,0.0039272
16/07/2015,0.0048876
21/07/2015,-0.0122581
22/07/2015,-0.0049458
23/07/2015,0
24/07/2015,0.0039587
27/07/2015,0.0063992
28/07/2015,0.0039177
29/07/2015,-0.0063739
30/07/2015,0.0044169
31/07/2015,0.002934
04/08/2015,-0.0024662
05/08/2015,-0.000494
06/08/2015,-0.0009885
07/08/2015,0.0014825
10/08/2015,-0.0014825
11/08/2015,-0.0014849
12/08/2015,0.0029674
14/08/2015,0.0044107
17/08/2015,0.0043912
18/08/2015,0.0034022
19/08/2015,0.0029068
20/08/2015,0.000967
21/08/2015,0.0004835
24/08/2015,0.0019302
25/08/2015,0.0009642
26/08/2015,-0.002315
27/08/2015,0.001833
28/08/2015,0.0009637
31/08/2015,0
01/09/2015,0.001924
02/09/2015,0.0052719
03/09/2015,0.002387
04/09/2015,0.0071278
08/09/2015,-0.0014215
09/09/2015,-0.0018983
10/09/2015,0.0037932
11/09/2015,-0.001421
15/09/2015,0.002368
16/09/2015,0.0028343
17/09/2015,-0.0042543
22/09/2015,0.0023704
23/09/2015,0.0009465
28/09/2015,-0.0018959
29/09/2015,-0.0004745
30/09/2015,-0.0061889
01/10/2015,-0.0028696
02/10/2015,-0.0009584
05/10/2015,-0.0115719
06/10/2015,0.0004849
07/10/2015,-0.0004849
08/10/2015,0
09/10/2015,0.0004849
13/10/2015,0
16/10/2015,-0.0068059
21/10/2015,-0.0009789
22/10/2015,0.0009789
23/10/2015,0.000978
26/10/2015,-0.006866
27/10/2015,0.0009837
28/10/2015,-0.0019684
29/10/2015,0.0034423
30/10/2015,0.0014715
02/11/2015,0.0004902
03/11/2015,0
05/11/2015,0.0014696
06/11/2015,0.0014672
09/11/2015,0
10/11/2015,-0.0004888
12/11/2015,0.0004888
13/11/2015,0.0024409
16/11/2015,-0.0029297
17/11/2015,-0.0004892
19/11/2015,0
20/11/2015,0
23/11/2015,-0.0014687
24/11/2015,0.0009794
25/11/2015,-0.0004897
27/11/2015,-0.0009799
30/11/2015,0.0019588
01/12/2015,0
02/12/2015,0
07/12/2015,-0.0004892
08/12/2015,-0.0014696
09/12/2015,-0.0009809
10/12/2015,0
11/12/2015,0.001471
14/12/2015,0.0019579
15/12/2015,0
16/12/2015,0.0014658
17/12/2015,0
18/12/2015,-0.000977
21/12/2015,-0.0004888
22/12/2015,-0.0004892
23/12/2015,0.0014668
29/12/2015,0
30/12/2015,0.000977
31/12/2015,-0.000977
04/01/2016,0
05/01/2016,0
06/01/2016,-0.000978
07/01/2016,0
11/01/2016,0.0014658
12/01/2016,0
13/01/2016,0
15/01/2016,0
19/01/2016,0
20/01/2016,0
21/01/2016,-0.000977
22/01/2016,0
26/01/2016,0.0004883
27/01/2016,-0.001955
28/01/2016,0.000978
29/01/2016,0.000977
02/02/2016,-0.0004883
03/02/2016,-0.0004888
04/02/2016,-0.0019569
05/02/2016,0.0009789
09/02/2016,0.0019608
10/02/2016,-0.0029426
11/02/2016,0.0019627
12/02/2016,-0.0019627
16/02/2016,0
17/02/2016,0
18/02/2016,-0.0004911
19/02/2016,0.0004911
23/02/2016,0.0014729
24/02/2016,0
25/02/2016,-0.0014729
26/02/2016,0.0004911
29/02/2016,0.0009818
01/03/2016,-0.0029483
02/03/2016,-0.0014777
03/03/2016,-0.0014796
04/03/2016,0.0004935
08/03/2016,0.0019684
09/03/2016,-0.0009837
11/03/2016,-0.0029545
14/03/2016,0.0019708
15/03/2016,-0.0009847
16/03/2016,0
17/03/2016,0
18/03/2016,0.0009847
21/03/2016,0
22/03/2016,0.0009837
23/03/2016,-0.0019684
24/03/2016,0.0009847
29/03/2016,-0.0019708
30/03/2016,-0.0009866
31/03/2016,0.0014796
01/04/2016,0.0014777
04/04/2016,-0.0009847
05/04/2016,-0.0009861
06/04/2016,0
07/04/2016,-0.0009866
11/04/2016,0
12/04/2016,0
13/04/2016,0.0009885
14/04/2016,0
15/04/2016,0
18/04/2016,0
19/04/2016,0
20/04/2016,0
21/04/2016,-0.0009885
22/04/2016,0.0009885
25/04/2016,0
26/04/2016,0
27/04/2016,0
28/04/2016,0
29/04/2016,-0.0019784
03/05/2016,-0.0029745
04/05/2016,0.0004964
05/05/2016,-0.0014901
06/05/2016,-0.0019898
09/05/2016,0.001493
10/05/2016,0.0014906
11/05/2016,0
12/05/2016,-0.0009937
13/05/2016,0.0009937
16/05/2016,0
17/05/2016,0.0014882
18/05/2016,0.0024762
19/05/2016,-0.003468
20/05/2016,0.0014877
23/05/2016,0
24/05/2016,-0.0009918
26/05/2016,0
27/05/2016,-0.0019841
31/05/2016,0.0009923
02/06/2016,0.0009918
03/06/2016,0.0009904
08/06/2016,0
09/06/2016,0
10/06/2016,0.0009885
13/06/2016,-0.0019784
14/06/2016,0.0019784
15/06/2016,0.0009875
16/06/2016,0
17/06/2016,-0.001976
20/06/2016,0.001976
21/06/2016,-0.001976
23/06/2016,-0.0019784
24/06/2016,0.0009899
27/06/2016,0.001976
28/06/2016,-0.001976
29/06/2016,0
30/06/2016,0
08/07/2016,0.001976
12/07/2016,0.001976
13/07/2016,0.0004935
14/07/2016,0
15/07/2016,-0.0004935
18/07/2016,0.0009866
19/07/2016,0.0014782
20/07/2016,-0.0004921
21/07/2016,0
22/07/2016,0.0009847
26/07/2016,0
27/07/2016,0.0009866
28/07/2016,0
29/07/2016,0
02/08/2016,0.0014796
03/08/2016,-0.000493
04/08/2016,0
05/08/2016,0
08/08/2016,0.0019708
09/08/2016,-0.0009847
10/08/2016,0
11/08/2016,-0.0001974
12/08/2016,-0.0007887
16/08/2016,0.0001974
17/08/2016,0
18/08/2016,-0.0019727
19/08/2016,0
22/08/2016,0.0009866
23/08/2016,0
24/08/2016,0
25/08/2016,0
26/08/2016,-0.000493
29/08/2016,0
30/08/2016,-0.0004935
31/08/2016,-0.0004935
01/09/2016,-0.000494
02/09/2016,0
07/09/2016,0
08/09/2016,0
09/09/2016,0
15/09/2016,0
16/09/2016,0.0009875
19/09/2016,0
20/09/2016,-0.0004935
22/09/2016,-0.0009875
23/09/2016,0
26/09/2016,0.0009875
27/09/2016,0
28/09/2016,0.0009866
29/09/2016,-0.0009866
30/09/2016,0
04/10/2016,0
05/10/2016,0.000494
06/10/2016,0.0004935
07/10/2016,-0.0002961
11/10/2016,0.0002961
12/10/2016,0
13/10/2016,0
14/10/2016,0.0009866
18/10/2016,0
19/10/2016,0.0009866
21/10/2016,0
24/10/2016,0
25/10/2016,0
26/10/2016,-0.000493
27/10/2016,0.0009861
28/10/2016,0.0002956
31/10/2016,0.0011821
01/11/2016,-0.0009847
03/11/2016,0
04/11/2016,0.0009837
07/11/2016,-0.0009837
08/11/2016,0
09/11/2016,0.0004921
10/11/2016,0.0004916
14/11/2016,0
15/11/2016,0
16/11/2016,0.0019646
17/11/2016,-0.0009818
21/11/2016,0.0009818
22/11/2016,0
23/11/2016,0
25/11/2016,-0.0009818
28/11/2016,0.0009818
29/11/2016,-0.0009818
30/11/2016,0
05/12/2016,0
06/12/2016,0.0005884
07/12/2016,0.0008826
08/12/2016,-0.0009804
09/12/2016,0.002449
13/12/2016,-0.0014687
14/12/2016,0.0014687
15/12/2016,0.0004892
16/12/2016,-0.0004892
19/12/2016,0.0004892
20/12/2016,0.0004888
21/12/2016,0.000977
22/12/2016,0
23/12/2016,0
28/12/2016,0.0004883
29/12/2016,0.0004878
30/12/2016,-0.0002928
03/01/2017,0.0032153
04/01/2017,0.0072694
05/01/2017,0.0024114
06/01/2017,-0.0009642
10/01/2017,-0.0009627
11/01/2017,0
12/01/2017,0.0012517
13/01/2017,-0.000289
17/01/2017,0.0009623
18/01/2017,-0.0009623
19/01/2017,-0.0009627
20/01/2017,0.0009627
24/01/2017,0
25/01/2017,0
26/01/2017,0.0009623
27/01/2017,0
30/01/2017,0
31/01/2017,-0.001925
02/02/2017,0
03/02/2017,0
06/02/2017,-0.0009627
07/02/2017,-0.0009642
08/02/2017,0
10/02/2017,0
13/02/2017,0.0019302
14/02/2017,0
15/02/2017,-0.0008678
16/02/2017,0.0008678
17/02/2017,-0.0009646
21/02/2017,0
22/02/2017,0
23/02/2017,0
28/02/2017,-0.0043635
02/03/2017,0.0014586
03/03/2017,-0.0029197
07/03/2017,-0.0004873
08/03/2017,0
09/03/2017,0
10/03/2017,0
13/03/2017,0.0004873
14/03/2017,0.0014601
15/03/2017,0.0015554
16/03/2017,0.0003881
17/03/2017,0
21/03/2017,-0.0009694
22/03/2017,-0.0019417
23/03/2017,0.0009713
24/03/2017,-0.0009713
27/03/2017,-0.0009723
28/03/2017,0.0019436
30/03/2017,-0.0009704
31/03/2017,0.0019398
03/04/2017,0.0004845
04/04/2017,-0.0004845
05/04/2017,0.0000973
06/04/2017,0.0018392
07/04/2017,0
10/04/2017,0
11/04/2017,0.0007734
12/04/2017,-0.0007734
13/04/2017,0
19/04/2017,0
20/04/2017,0
21/04/2017,0
24/04/2017,-0.0011616
25/04/2017,0
26/04/2017,-0.0002904
27/04/2017,0.0004845
28/04/2017,-0.0009689
02/05/2017,-0.0014544
03/05/2017,0.0004849
04/05/2017,0
05/05/2017,0
08/05/2017,0.0009694
09/05/2017,0
10/05/2017,0.0019364
11/05/2017,-0.0009675
12/05/2017,-0.0009689
15/05/2017,0
16/05/2017,0.0019364
17/05/2017,-0.000484
18/05/2017,0.000484
19/05/2017,-0.0009675
22/05/2017,0
23/05/2017,0
24/05/2017,0
26/05/2017,0
30/05/2017,0.0010643
31/05/2017,-0.0000968
02/06/2017,0
06/06/2017,-0.000484
09/06/2017,0
12/06/2017,0
13/06/2017,0
14/06/2017,0.000483
15/06/2017,-0.000483
16/06/2017,0.0014496
19/06/2017,0.0014472
20/06/2017,0
21/06/2017,-0.0007715
22/06/2017,-0.0010619
23/06/2017,0.0018334
28/06/2017,0
29/06/2017,0
30/06/2017,0
05/07/2017,-0.0009642
06/07/2017,0.0014458
07/07/2017,0.0004811
10/07/2017,0
12/07/2017,0.0009623
13/07/2017,0
14/07/2017,0
17/07/2017,-0.0004811
18/07/2017,0
19/07/2017,0.0004811
20/07/2017,-0.0014434
21/07/2017,-0.0004816
24/07/2017,0.0009627
26/07/2017,0.0004811
27/07/2017,-0.0004811
28/07/2017,0.0004811
31/07/2017,0.0004811
01/08/2017,-0.0012507
02/08/2017,0.0002885
03/08/2017,0
04/08/2017,0
07/08/2017,0.0009623
09/08/2017,-0.0009623
10/08/2017,0.0009623
11/08/2017,-0.0014434
14/08/2017,-0.0004816
15/08/2017,-0.0009642
16/08/2017,-0.0009646
17/08/2017,-0.0014491
18/08/2017,-0.0029039
21/08/2017,-0.0004849
22/08/2017,0.0009694
23/08/2017,0.0004845
24/08/2017,-0.0004845
25/08/2017,0.0000973
28/08/2017,-0.0000973
29/08/2017,0.0002909
30/08/2017,-0.0002909
31/08/2017,-0.0029111
05/09/2017,0.0009694
06/09/2017,0
12/09/2017,-0.0014586
13/09/2017,0
14/09/2017,0
15/09/2017,0.0019417
18/09/2017,0.0004849
19/09/2017,0.0014534
20/09/2017,0.0009675
22/09/2017,-0.0004845
25/09/2017,0.0004845
26/09/2017,0
27/09/2017,0.0009675
28/09/2017,-0.001452
29/09/2017,-0.0004845
02/10/2017,0.0009689
03/10/2017,0.0009675
04/10/2017,-0.0009675
05/10/2017,-0.0009689
06/10/2017,0
10/10/2017,0
11/10/2017,0.0014524
12/10/2017,-0.000968
13/10/2017,0.0004845
17/10/2017,0.0011606
18/10/2017,0.0002899
23/10/2017,0.0019302
24/10/2017,0.0004821
27/10/2017,0.0004821
30/10/2017,0
31/10/2017,0
03/11/2017,-0.0004821
06/11/2017,-0.0009646
07/11/2017,0.0004826
08/11/2017,-0.001255
09/11/2017,0.0007725
10/11/2017,0
13/11/2017,0.0009646
14/11/2017,0
15/11/2017,0.0004821
16/11/2017,0.0004821
17/11/2017,-0.0009642
20/11/2017,-0.0014472
21/11/2017,-0.0019336
22/11/2017,0.000967
24/11/2017,-0.0014505
27/11/2017,0.0009675
29/11/2017,-0.001452
04/12/2017,0.0019398
05/12/2017,-0.0009694
06/12/2017,-0.0019417
07/12/2017,0
08/12/2017,0.0029111
11/12/2017,-0.0009694
13/12/2017,0.0009694
14/12/2017,0.0009689
15/12/2017,-0.0009689
18/12/2017,-0.0004845
19/12/2017,-0.0004849
20/12/2017,0
21/12/2017,-0.0004849
22/12/2017,-0.0004854
27/12/2017,0.0024242
28/12/2017,0.0004845
29/12/2017,-0.0009689
03/01/2018,0.0019341
04/01/2018,-0.0009665
05/01/2018,-0.0009675
09/01/2018,0
10/01/2018,-0.0009694
11/01/2018,0
12/01/2018,-0.0004849
16/01/2018,-0.0004854
19/01/2018,-0.0009723
23/01/2018,-0.0024371
24/01/2018,-0.0014653
25/01/2018,0.000977
26/01/2018,-0.000977
29/01/2018,0.000977
30/01/2018,0
02/02/2018,-0.0014729
05/02/2018,-0.00246
06/02/2018,-0.0019727
07/02/2018,-0.0029659
08/02/2018,-0.0019822
09/02/2018,0
12/02/2018,0.0029721
14/02/2018,-0.0004935
15/02/2018,0.0004935
20/02/2018,-0.0009866
21/02/2018,0.0019727
22/02/2018,0.0029511
27/02/2018,-0.0019665
28/02/2018,-0.0019708
01/03/2018,-0.0009866
02/03/2018,0.0009866
05/03/2018,0
07/03/2018,0
08/03/2018,-0.0014815
09/03/2018,0
13/03/2018,0
14/03/2018,0
15/03/2018,0
16/03/2018,0
19/03/2018,-0.0004935
21/03/2018,-0.0009885
22/03/2018,-0.0019803
23/03/2018,0.0004954
26/03/2018,-0.0004954
27/03/2018,-0.0009918
28/03/2018,0.0004959
29/03/2018,0.0009913
03/04/2018,0.0014849
04/04/2018,0
05/04/2018,-0.0009899
06/04/2018,0
10/04/2018,0.000495
11/04/2018,-0.0014849
12/04/2018,-0.0004954
13/04/2018,-0.0019841
16/04/2018,-0.0009937
17/04/2018,-0.0019898
18/04/2018,0
19/04/2018,-0.0009966
20/04/2018,-0.0024958
23/04/2018,-0.0016003
24/04/2018,0.0011005
25/04/2018,0.0009995
26/04/2018,0.0014973
27/04/2018,0.0014954
30/04/2018,-0.0009966
02/05/2018,0.0009966
03/05/2018,-0.0019941
04/05/2018,0.0009975
07/05/2018,0
08/05/2018,0.0019917
09/05/2018,0.0004978
10/05/2018,-0.001493
11/05/2018,0
14/05/2018,-0.0009966
15/05/2018,0.0009966
16/05/2018,-0.0009966
17/05/2018,0.0009966
18/05/2018,0.0004978
21/05/2018,0.0024858
22/05/2018,0.0009923
23/05/2018,0.0014873
24/05/2018,0.0014849
29/05/2018,0.0031571
30/05/2018,-0.001183
31/05/2018,-0.000493
05/06/2018,0.0019803
06/06/2018,-0.0009899
07/06/2018,-0.0009904
08/06/2018,-0.0004959
11/06/2018,0.0014863
12/06/2018,0.0019784
13/06/2018,0
14/06/2018,0
18/06/2018,0
19/06/2018,0
21/06/2018,-0.0014877
22/06/2018,0.0014877
25/06/2018,0.0004954
26/06/2018,0.0014849
27/06/2018,0
28/06/2018,-0.0013862
29/06/2018,-0.0005941
03/07/2018,-0.0009918
05/07/2018,-0.0004959
06/07/2018,0.0014877
09/07/2018,0
10/07/2018,0
12/07/2018,0.0009923
13/07/2018,-0.0009923
16/07/2018,-0.0029836
17/07/2018,0.0019898
18/07/2018,0.0004969
19/07/2018,0.0009933
20/07/2018,-0.0004964
23/07/2018,-0.0009937
24/07/2018,0
25/07/2018,-0.0019898
26/07/2018,0.0009952
27/07/2018,-0.0009952
01/08/2018,-0.0009952
06/08/2018,0.0014944
07/08/2018,0.0004973
08/08/2018,-0.0004973
09/08/2018,-0.0014944
10/08/2018,0.0024896
14/08/2018,0
16/08/2018,0
17/08/2018,0.0002975
20/08/2018,0.0006943
23/08/2018,-0.0006952
24/08/2018,0.0009933
27/08/2018,0.0009918
28/08/2018,-0.0014882
29/08/2018,0
30/08/2018,-0.0004969
31/08/2018,0.0004969
04/09/2018,0.0004964
05/09/2018,0
06/09/2018,-0.000298
07/09/2018,-0.0001984
13/09/2018,0.0034647
17/09/2018,-0.0004954
18/09/2018,-0.0009918
19/09/2018,0
20/09/2018,0
24/09/2018,0.000495
25/09/2018,0
26/09/2018,-0.0009904
27/09/2018,0.0009904
28/09/2018,-0.0019822
01/10/2018,0.0009918
02/10/2018,-0.0004959
03/10/2018,-0.0004959
04/10/2018,0.0014873
05/10/2018,-0.0009913
09/10/2018,0
11/10/2018,0.0004959
12/10/2018,-0.0004959
16/10/2018,0.0009918
17/10/2018,0.0004954
18/10/2018,0.0009899
19/10/2018,-0.000495
22/10/2018,0
23/10/2018,0.0009899
24/10/2018,0.0009885
25/10/2018,0
26/10/2018,0.0009875
29/10/2018,0.0049238
30/10/2018,0.0009818
31/10/2018,0.0019608
01/11/2018,-0.0029426
05/11/2018,0.0019708
06/11/2018,0.0014753
08/11/2018,0.0014729
09/11/2018,0.0029397
13/11/2018,0.0058537
14/11/2018,0
15/11/2018,0.0038834
16/11/2018,-0.0029111
21/11/2018,-0.0048709
23/11/2018,0.0009761
26/11/2018,0
27/11/2018,0.0024362
28/11/2018,-0.001461
30/11/2018,-0.0004873
03/12/2018,0.0014615
04/12/2018,-0.0009742
05/12/2018,0.0009742
06/12/2018,-0.0009742
10/12/2018,0.0004883
11/12/2018,0.0024371
13/12/2018,-0.0024371
14/12/2018,0.0004878
17/12/2018,0
18/12/2018,-0.0009761
19/12/2018,-0.0048947
20/12/2018,-0.0049191
21/12/2018,0.0034461
24/12/2018,0
27/12/2018,0.0004911
28/12/2018,0.0009818
31/12/2018,0
03/01/2019,0
04/01/2019,-0.0014687
09/01/2019,-0.0019636
10/01/2019,-0.0009832
11/01/2019,0.0009832
15/01/2019,0
16/01/2019,-0.0004911
17/01/2019,0
18/01/2019,-0.0004916
22/01/2019,-0.0014763
23/01/2019,-0.0022674
24/01/2019,0.0007892
25/01/2019,-0.0064306
29/01/2019,0.0019841
30/01/2019,0
31/01/2019,-0.0009918
04/02/2019,-0.0029926
06/02/2019,-0.0004997
07/02/2019,0.0014982
08/02/2019,0.0019941
11/02/2019,0.0019898
12/02/2019,-0.0034852
13/02/2019,-0.0007982
14/02/2019,0.0002995
15/02/2019,-0.0009985
19/02/2019,0.0014973
20/02/2019,0
21/02/2019,-0.000998
22/02/2019,-0.0004992
26/02/2019,0
27/02/2019,-0.0014982
28/02/2019,-0.0009999
01/03/2019,0.0009999
05/03/2019,0
07/03/2019,-0.0030046
08/03/2019,-0.0010037
11/03/2019,0.0005021
13/03/2019,-0.0004988
14/03/2019,0
15/03/2019,0.0004988
18/03/2019,0.0039821
19/03/2019,0.0019851
21/03/2019,-0.0019822
22/03/2019,-0.0014892
25/03/2019,0.0034714
26/03/2019,0
27/03/2019,-0.0019822
28/03/2019,-0.0004959
29/03/2019,0.0004959
01/04/2019,0.0004959
02/04/2019,-0.0004959
03/04/2019,-0.0009923
04/04/2019,0.0004964
05/04/2019,-0.0014901
08/04/2019,0.0009937
10/04/2019,0.0019803
11/04/2019,-0.0024762
12/04/2019,0.0014863
15/04/2019,0
16/04/2019,0.0009899
17/04/2019,0
18/04/2019,0.0029626
23/04/2019,0.0009861
24/04/2019,0
25/04/2019,0.0009847
26/04/2019,-0.0009847
29/04/2019,-0.0019727
30/04/2019,-0.0014815
02/05/2019,0
06/05/2019,-0.0019803
07/05/2019,0.0019803
08/05/2019,0.0014825
09/05/2019,0.0019732
10/05/2019,-0.0034556
13/05/2019,0
15/05/2019,-0.000495
16/05/2019,0.000495
17/05/2019,0.0009885
20/05/2019,-0.0009885
21/05/2019,0.0014825
22/05/2019,0.0004935
23/05/2019,0
28/05/2019,0.0004935
29/05/2019,-0.0004935
30/05/2019,0
31/05/2019,-0.0004935
10/06/2019,-0.0009875
11/06/2019,0.0014811
12/06/2019,0
13/06/2019,0.0019712
14/06/2019,0.0029502
17/06/2019,0.0019617
18/06/2019,0.0004897
19/06/2019,-0.002059
20/06/2019,0.0000982
21/06/2019,0
24/06/2019,0
25/06/2019,0.0024505
26/06/2019,0
27/06/2019,0.001956
28/06/2019,0
01/07/2019,0.0039005
02/07/2019,0.00243
03/07/2019,-0.007308
05/07/2019,0.003417
08/07/2019,0.0004873
09/07/2019,0.0019464
10/07/2019,0.0009718
12/07/2019,0.0004859
15/07/2019,0.0014558
16/07/2019,0.0009694
17/07/2019,-0.0014544
18/07/2019,0
19/07/2019,0.0029068
22/07/2019,0.0024161
23/07/2019,0
24/07/2019,0.0048146
26/07/2019,0.0014448
29/07/2019,0.0019231
30/07/2019,0.0019193
31/07/2019,-0.0014391
01/08/2019,-0.0086789
02/08/2019,-0.0019388
06/08/2019,0.002131
07/08/2019,0.0014505
08/08/2019,-0.0009665
09/08/2019,-0.0029058
14/08/2019,-0.0002904
15/08/2019,0.000968
16/08/2019,0.000484
19/08/2019,-0.0009675
20/08/2019,-0.0029087
21/08/2019,0
22/08/2019,0.0009704
23/08/2019,0.0014539
26/08/2019,-0.000483
27/08/2019,0.001935
28/08/2019,0.000483
29/08/2019,0.0014491
30/08/2019,-0.0009656
04/09/2019,0
05/09/2019,-0.0004811
06/09/2019,0.0004811
10/09/2019,-0.0004821
11/09/2019,0.0014462
12/09/2019,0
16/09/2019,0.0014458
17/09/2019,-0.0009637
18/09/2019,0.0014448
19/09/2019,0
20/09/2019,-0.002409
24/09/2019,-0.0009627
25/09/2019,0.0009627
26/09/2019,-0.0009627
02/10/2019,0.0004811
03/10/2019,-0.0009627
04/10/2019,0.0009627
08/10/2019,0
09/10/2019,-0.0004821
11/10/2019,0
16/10/2019,-0.0004821
17/10/2019,0
18/10/2019,0.0004821
22/10/2019,-0.0014467
23/10/2019,-0.0004826
24/10/2019,-0.0029016
25/10/2019,0.0024185
28/10/2019,0
29/10/2019,-0.0009665
30/10/2019,-0.0019364
31/10/2019,0.0009689
04/11/2019,0
05/11/2019,-0.0009689
06/11/2019,-0.0029111
08/11/2019,-0.0038967
12/11/2019,-0.0004883
13/11/2019,-0.002934
14/11/2019,-0.0004897
15/11/2019,-0.0009804
19/11/2019,-0.0009823
20/11/2019,-0.0034461
21/11/2019,0
22/11/2019,0.0019708
25/11/2019,0.004909
26/11/2019,0.0039101
27/11/2019,0.000195
29/11/2019,0.0007801
02/12/2019,0.0009742
03/12/2019,-0.0039024
04/12/2019,-0.0029368
09/12/2019,-0.0029545
10/12/2019,0.0009861
11/12/2019,0.0019684
13/12/2019,0
16/12/2019,-0.0009837
17/12/2019,-0.0009847
18/12/2019,-0.005929
19/12/2019,-0.0019841
20/12/2019,0
23/12/2019,-0.0009937
27/12/2019,0.0064406
30/12/2019,0.0014801
03/01/2020,-0.0039544
06/01/2020,0.0024734
09/01/2020,0
10/01/2020,-0.0019708
14/01/2020,-0.0019708
15/01/2020,0
17/01/2020,-0.0014853
21/01/2020,0.0009904
22/01/2020,-0.0014863
23/01/2020,0.0004959
24/01/2020,0
28/01/2020,0
29/01/2020,-0.0019841
30/01/2020,-0.0009937
31/01/2020,-0.0019898
03/02/2020,0.0009952
04/02/2020,-0.0009952
05/02/2020,-0.0004983
06/02/2020,0.0014935
07/02/2020,0.0009947
12/02/2020,-0.0004969
13/02/2020,-0.0004969
14/02/2020,0.0009937
18/02/2020,0.0034695
19/02/2020,0.0019774
20/02/2020,0.0004935
25/02/2020,0
26/02/2020,-0.0029688
27/02/2020,0.0009904
28/02/2020,0.0019784
02/03/2020,0.0024672
03/03/2020,0.0093207
04/03/2020,0.0048709
05/03/2020,-0.0029197
09/03/2020,0.0019455
10/03/2020,-0.0019455
11/03/2020,-0.0019493
13/03/2020,0.0048709
16/03/2020,0.0048475
17/03/2020,0.0028968
18/03/2020,0.00529
19/03/2020,0.0090714
23/03/2020,0.0032964
24/03/2020,0.0004702
26/03/2020,-0.011353
27/03/2020,-0.0057254
30/03/2020,0.0019121
31/03/2020,0.0047641
01/04/2020,0
02/04/2020,0.0047417
03/04/2020,0.0028343
06/04/2020,0.0023556
07/04/2020,0.0032887
08/04/2020,-0.0047016
14/04/2020,-0.0003777
15/04/2020,0.0037699
16/04/2020,0.0008464
17/04/2020,0.0018778
20/04/2020,0.0018744
21/04/2020,0.0014033
22/04/2020,0.0018682
23/04/2020,0.001399
24/04/2020,-0.0028
27/04/2020,0.0023341
28/04/2020,-0.0003734
29/04/2020,0.0004663
30/04/2020,-0.000093
04/05/2020,-0.0060792
05/05/2020,-0.0008445
06/05/2020,-0.0043283
07/05/2020,-0.0004716
08/05/2020,0.0004716
11/05/2020,0.0014133
12/05/2020,0.002821
13/05/2020,0
14/05/2020,0.0023446
15/05/2020,0.003273
18/05/2020,-0.0028048
19/05/2020,0
20/05/2020,0.0009356
21/05/2020,-0.0004678
22/05/2020,0.0014029
26/05/2020,0.0009341
27/05/2020,-0.0004668
28/05/2020,-0.0009346
29/05/2020,-0.0014033
02/06/2020,-0.0037522
03/06/2020,-0.0018816
04/06/2020,-0.0009422
05/06/2020,0.0004711
08/06/2020,0.0014124
09/06/2020,0.00141
10/06/2020,0.0009389
11/06/2020,-0.0009389
12/06/2020,0
15/06/2020,0.0018768
16/06/2020,-0.0018768
17/06/2020,-0.00141
18/06/2020,0
19/06/2020,0
22/06/2020,0.0009403
24/06/2020,0.0004697
25/06/2020,0.0009389
26/06/2020,-0.0004692
29/06/2020,0.0004692
30/06/2020,0
01/07/2020,-0.0009389
02/07/2020,0.0023456
03/07/2020,-0.0014067
06/07/2020,0.0004692
07/07/2020,0.0014062
08/07/2020,0.0018716
09/07/2020,0
10/07/2020,0.0014014
13/07/2020,0
14/07/2020,0.0018659
15/07/2020,0.0009317
16/07/2020,0.0009303
17/07/2020,-0.0009303
20/07/2020,0.0023251
21/07/2020,0.0018559
22/07/2020,0.0050869
23/07/2020,-0.0036969
24/07/2020,-0.00139
27/07/2020,-0.0004635
28/07/2020,0
29/07/2020,-0.0009284
03/08/2020,0.0013919
05/08/2020,-0.0007415
06/08/2020,0.0023165
07/08/2020,-0.0013895
10/08/2020,0.0009265
11/08/2020,0.0018501
12/08/2020,0.0013852
14/08/2020,0.0004621
17/08/2020,-0.0004621
18/08/2020,0.0013852
19/08/2020,0.0004616
21/08/2020,-0.0004635
24/08/2020,0.0004635
25/08/2020,0
26/08/2020,0.0023131
27/08/2020,-0.0009246
28/08/2020,-0.0004625
31/08/2020,0.0004625
01/09/2020,0.0009246
02/09/2020,0
03/09/2020,0.0004621
04/09/2020,0.0004616
08/09/2020,0
09/09/2020,0.0004616
10/09/2020,0
11/09/2020,0.0009227
15/09/2020,0.0004611
16/09/2020,-0.0018444
17/09/2020,-0.0004616
18/09/2020,-0.0004616
22/09/2020,0.0004616
23/09/2020,0
24/09/2020,0.0009232
25/09/2020,0
28/09/2020,0
29/09/2020,0
30/09/2020,0
01/10/2020,-0.0004616
02/10/2020,0.0004616
05/10/2020,0
06/10/2020,0.0009217
07/10/2020,-0.0009217
08/10/2020,0.0009217
09/10/2020,0
13/10/2020,0.0004611
14/10/2020,-0.0013828
15/10/2020,0.0013828
21/10/2020,-0.0004606
22/10/2020,0.0013804
23/10/2020,0
26/10/2020,0
27/10/2020,-0.0004597
28/10/2020,0
30/10/2020,0
03/11/2020,0
05/11/2020,0.0004597
06/11/2020,0.0013776
09/11/2020,-0.0013776
10/11/2020,0.0004597
12/11/2020,0.0018353
13/11/2020,0.0004587
16/11/2020,0.0004582
17/11/2020,0
19/11/2020,-0.0004578
20/11/2020,0.0013723
23/11/2020,0.0009136
24/11/2020,0.0018244
25/11/2020,0.0009112
27/11/2020,0.0013652
30/11/2020,0.0004549
01/12/2020,0.0013628
02/12/2020,0.0031724
08/12/2020,0.0004492
09/12/2020,-0.0004492
10/12/2020,0.0008979
11/12/2020,0
14/12/2020,0.0008974
15/12/2020,0
16/12/2020,0
17/12/2020,0
18/12/2020,-0.0017953
21/12/2020,-0.0031495
22/12/2020,-0.0158987
23/12/2020,-0.0045891
24/12/2020,-0.0009208
29/12/2020,0.0022969
30/12/2020,0.0018344
31/12/2020,-0.0004582
04/01/2021,0.000916
05/01/2021,0.0009155
06/01/2021,0.0009146
11/01/2021,0
12/01/2021,0.0013695
13/01/2021,0.0027332
15/01/2021,0.0013647
19/01/2021,0.0009084
20/01/2021,0
21/01/2021,-0.0036397
22/01/2021,0.0018215
26/01/2021,0
27/01/2021,0.0006361
29/01/2021,0
02/02/2021,-0.0013642
03/02/2021,-0.0009103
04/02/2021,-0.0009112
05/02/2021,-0.001368
08/02/2021,0
09/02/2021,-0.0009131
10/02/2021,-0.0009141
11/02/2021,0
16/02/2021,0
17/02/2021,0.0009141
18/02/2021,0
19/02/2021,0.0004568
23/02/2021,0.0009127
24/02/2021,0.0009117
25/02/2021,0
26/02/2021,0
01/03/2021,0
02/03/2021,0
03/03/2021,-0.0009117
04/03/2021,-0.0004563
05/03/2021,0
09/03/2021,0
10/03/2021,0
15/03/2021,0
16/03/2021,0.0004563
17/03/2021,0.0009117
18/03/2021,0.0004559
19/03/2021,0
22/03/2021,0
23/03/2021,0
24/03/2021,-0.0004559
25/03/2021,-0.0004559
26/03/2021,0
29/03/2021,-0.0004559
30/03/2021,-0.0018263
31/03/2021,-0.0013723
01/04/2021,-0.0041275
06/04/2021,-0.0027614
07/04/2021,-0.0032306
08/04/2021,-0.0023146
09/04/2021,-0.0065084
12/04/2021,-0.0018678
14/04/2021,-0.000937
15/04/2021,0.0023403
16/04/2021,0.004199
19/04/2021,0.0046444
20/04/2021,0.0009265
21/04/2021,0.0032353
22/04/2021,0.0009227
23/04/2021,0
26/04/2021,-0.004158
27/04/2021,-0.0027819
29/04/2021,0
30/04/2021,0
04/05/2021,-0.0041909
05/05/2021,-0.002336
06/05/2021,-0.0018725
07/05/2021,-0.0009375
10/05/2021,-0.0014081
11/05/2021,-0.0004697
17/05/2021,0.0009336
18/05/2021,0.001864
19/05/2021,0.0032535
20/05/2021,0.0037055
21/05/2021,0
24/05/2021,-0.0023146
25/05/2021,-0.0027843
26/05/2021,-0.0009298
27/05/2021,-0.0009303
28/05/2021,0.0009303
01/06/2021,0.0009298
04/06/2021,0.0013933
08/06/2021,0
09/06/2021,0
10/06/2021,0
11/06/2021,-0.0009284
14/06/2021,0
15/06/2021,-0.000464
16/06/2021,0.000464
17/06/2021,0
18/06/2021,0
21/06/2021,0
22/06/2021,0
23/06/2021,-0.000464
24/06/2021,-0.0027909
25/06/2021,0.0027909
28/06/2021,0.000464
29/06/2021,0.0004644
30/06/2021,0.000464
01/07/2021,0.0004635
02/07/2021,0
06/07/2021,0
07/07/2021,0
08/07/2021,0
09/07/2021,0
13/07/2021,0.0004635
14/07/2021,0.0004635
15/07/2021,0.0013885
16/07/2021,0
19/07/2021,0
22/07/2021,0
23/07/2021,0.0009246
26/07/2021,0.0013852
27/07/2021,0.0004616
28/07/2021,0.0009217
29/07/2021,0
30/07/2021,0
03/08/2021,0.0004611
05/08/2021,0.0004606
06/08/2021,0.0004601
09/08/2021,0.0004597
11/08/2021,0.0009174
12/08/2021,0.0004587
16/08/2021,0.0009155
17/08/2021,0.0004573
18/08/2021,0.0004573
19/08/2021,0.0004568
20/08/2021,0
23/08/2021,0.0004568
24/08/2021,0.0004563
25/08/2021,0.0009122
26/08/2021,0.0004559
27/08/2021,0.0004559
30/08/2021,0
31/08/2021,0.0004554
01/09/2021,0
02/09/2021,0.0009103
03/09/2021,0
07/09/2021,0.000546
08/09/2021,0.0003638
09/09/2021,-0.0022755
10/09/2021,0.0004554
14/09/2021,0.0004554
15/09/2021,0.0004549
16/09/2021,0.0004549
17/09/2021,0.0009093
20/09/2021,0.0004539
22/09/2021,0.0009074
23/09/2021,0
24/09/2021,-0.0009074
27/09/2021,0.0009074
28/09/2021,0.000906
29/09/2021,-0.0003624
30/09/2021,0.0003624
01/10/2021,0.0004525
05/10/2021,0.000452
06/10/2021,0.0004525
07/10/2021,0.000452
08/10/2021,0
12/10/2021,0.0004516
13/10/2021,0.0004516
14/10/2021,0
19/10/2021,0.0009017
21/10/2021,-0.0004506
22/10/2021,0.0009012
25/10/2021,0.0004501
26/10/2021,0
27/10/2021,-0.0004501
28/10/2021,0.0009003
29/10/2021,0.0008998
03/11/2021,0
05/11/2021,0
09/11/2021,0.0013437
10/11/2021,0
12/11/2021,0.0004478
15/11/2021,0.0008945
16/11/2021,0.0004468
17/11/2021,0
19/11/2021,-0.0008926
22/11/2021,0.0017843
23/11/2021,0.0004454
24/11/2021,0.0004454
26/11/2021,0.0013347
29/11/2021,0
30/11/2021,0
01/12/2021,0.0004449
06/12/2021,0.0004439
07/12/2021,0.0008874
08/12/2021,0.0004435
09/12/2021,0
10/12/2021,0
14/12/2021,0
15/12/2021,0
16/12/2021,0.000886
20/12/2021,0.000443
21/12/2021,-0.000886
22/12/2021,0.000886
23/12/2021,0.0004425
24/12/2021,0
29/12/2021,0.0004425
30/12/2021,0
31/12/2021,0
04/01/2022,0
05/01/2022,0.0008841
06/01/2022,-0.0008841
10/01/2022,0
11/01/2022,0.0004416
13/01/2022,0.0008831
14/01/2022,0.0008826
19/01/2022,-0.0004411
20/01/2022,0.0008821
21/01/2022,0.0004406
25/01/2022,0.0004401
26/01/2022,-0.0008807
27/01/2022,0.0008807
28/01/2022,-0.0008807
31/01/2022,0.0004406
04/02/2022,0.0004406
07/02/2022,0.0004401
08/02/2022,-0.0004401
09/02/2022,0.0004401
10/02/2022,0
11/02/2022,-0.0004401
14/02/2022,0.0004401
15/02/2022,0
16/02/2022,-0.0004401
17/02/2022,0
18/02/2022,0.0008807
22/02/2022,0
23/02/2022,0.0008798
24/02/2022,0.0004396
25/02/2022,0
02/03/2022,0.0004396
03/03/2022,0.0004392
04/03/2022,0.0004392
08/03/2022,0.0004387
09/03/2022,0
10/03/2022,0
11/03/2022,0.0008769
14/03/2022,0.0004382
15/03/2022,0
16/03/2022,0.0008755
17/03/2022,0.0004377
18/03/2022,0
21/03/2022,0.0004373
22/03/2022,0.000874
23/03/2022,0
24/03/2022,0.0004368
25/03/2022,0.0017452
28/03/2022,0
29/03/2022,0.0008717
30/03/2022,0.0004354
31/03/2022,0.0004354
01/04/2022,0.0004349
04/04/2022,0.0004349
05/04/2022,0.0004349
06/04/2022,0.0013027
07/04/2022,0
08/04/2022,0.0004339
11/04/2022,0.0008674
12/04/2022,0
13/04/2022,0
14/04/2022,0.0004334
19/04/2022,-0.0008669
20/04/2022,0.0012999
21/04/2022,0.000433
22/04/2022,0.0008655
25/04/2022,0
26/04/2022,0.0004325
27/04/2022,0
04/05/2022,0.0004325
05/05/2022,0
06/05/2022,0.0008636
09/05/2022,0.0004315
10/05/2022,0.0004311
11/05/2022,0.0004311
12/05/2022,0.0004311
13/05/2022,0.0004306
16/05/2022,0
17/05/2022,0.0012913
18/05/2022,0
19/05/2022,0.0004301
20/05/2022,0.0004296
23/05/2022,0.0004296
24/05/2022,0.0008588
25/05/2022,0
26/05/2022,0.0004292
27/05/2022,0.0004292
31/05/2022,0.0008569
02/06/2022,0.0004287
03/06/2022,-0.0008569
09/06/2022,0.0004277
10/06/2022,-0.0008554
13/06/2022,0.0017095
14/06/2022,0
15/06/2022,0.0008535
16/06/2022,0.0004268
17/06/2022,0
21/06/2022,0.0012784
22/06/2022,0.0008516
23/06/2022,0
24/06/2022,0.0012755
28/06/2022,0
29/06/2022,0
30/06/2022,0.0008492
01/07/2022,0
05/07/2022,0.0008488
06/07/2022,0.0004239
07/07/2022,0.0004239
08/07/2022,0
12/07/2022,0.0004234
13/07/2022,0.0004234
14/07/2022,0
15/07/2022,0.0004234
18/07/2022,0.0012689
19/07/2022,0.001267
20/07/2022,0
21/07/2022,0.000422
22/07/2022,0.000422
26/07/2022,-0.0008435
27/07/2022,0.001265
28/07/2022,0.0004215
29/07/2022,0.0008421
01/08/2022,0.0008411
02/08/2022,0
03/08/2022,-0.0004206
05/08/2022,-0.0004201
08/08/2022,0.0008402
10/08/2022,0.0004196
11/08/2022,0.0004196
12/08/2022,0.0012574
16/08/2022,0.0008378
17/08/2022,0
18/08/2022,0.0004187
19/08/2022,0.001255
22/08/2022,0.0004177
23/08/2022,0.0008354
24/08/2022,0
25/08/2022,0.0004177
26/08/2022,0
29/08/2022,0.0008345
30/08/2022,0.0008335
31/08/2022,0.000833
02/09/2022,0
06/09/2022,0.0008326
07/09/2022,0
08/09/2022,0.0004158
09/09/2022,0
14/09/2022,0
15/09/2022,0
16/09/2022,0
19/09/2022,0.0008311
20/09/2022,0.0004148
22/09/2022,0.0016613
23/09/2022,-0.0008302
26/09/2022,0.001245
27/09/2022,0.0004144
28/09/2022,-0.0008292
29/09/2022,0.0008292
30/09/2022,0.0004148
03/10/2022,0
04/10/2022,0.0004144
05/10/2022,0
06/10/2022,0.0004139
07/10/2022,0
11/10/2022,0.0004144
12/10/2022,0
13/10/2022,0.0008273
14/10/2022,0
18/10/2022,0.0008264
19/10/2022,0.0004129
21/10/2022,0
25/10/2022,0.0004129
26/10/2022,0
27/10/2022,0.0004125
28/10/2022,0.0008249
31/10/2022,-0.0004125
01/11/2022,0
03/11/2022,0.000824
09/11/2022,0.0008221
10/11/2022,0
14/11/2022,0.0008216
15/11/2022,0.0008206
16/11/2022,0
17/11/2022,0
21/11/2022,0.0008197
22/11/2022,-0.0004096
23/11/2022,0.0012279
25/11/2022,0.0004091
28/11/2022,0.0008178
29/11/2022,0
30/11/2022,0
05/12/2022,0.0020413
06/12/2022,0
08/12/2022,0.0004072
09/12/2022,0
13/12/2022,0.0004072
14/12/2022,-0.0004072
15/12/2022,0.0012212
16/12/2022,0.0004067
19/12/2022,0.0004067
20/12/2022,0.0008125
21/12/2022,-0.0004063
22/12/2022,-0.0004063
23/12/2022,0.0012188
28/12/2022,0
29/12/2022,0.0012174
30/12/2022,0
04/01/2023,-0.0008106
05/01/2023,0.0016208
06/01/2023,-0.0004053
10/01/2023,0.0004044
11/01/2023,0.0012131
12/01/2023,-0.0004044
13/01/2023,0.0004044
17/01/2023,0.0008078
18/01/2023,0.0008068
19/01/2023,0
20/01/2023,0.0004034
24/01/2023,0.0012083
25/01/2023,-0.0008054
26/01/2023,0.0012078
30/01/2023,0.000402
31/01/2023,0.000402
02/02/2023,0.000402
03/02/2023,0.001606
06/02/2023,0.0012026
07/02/2023,0
08/02/2023,0.0008006
09/02/2023,0.0016003
10/02/2023,0
13/02/2023,0.0003996
14/02/2023,-0.0011992
15/02/2023,0.0031948
16/02/2023,0.0011954
17/02/2023,-0.0003982
21/02/2023,0.0035791
22/02/2023,0.0003967
23/02/2023,0.001586
24/02/2023,0.0027699
28/02/2023,0.0003943
01/03/2023,0.0019689
02/03/2023,0.0015726
03/03/2023,0.0015697
07/03/2023,0.0027308
08/03/2023,-0.0003901
09/03/2023,0.0019469
10/03/2023,0.0073628
13/03/2023,-0.0007725
14/03/2023,0
15/03/2023,0.0023155
16/03/2023,0
17/03/2023,0.0015411
21/03/2023,0.0038414
23/03/2023,0.0030532
24/03/2023,0.000762
29/03/2023,0.0041757
30/03/2023,0.0007572
