DATE,Knse
05/01/2010,-0.002121
06/01/2010,0.0037632
07/01/2010,0.0049019
08/01/2010,0.0063705
11/01/2010,0.0138378
12/01/2010,-0.0015087
13/01/2010,0.0076933
14/01/2010,0.01649
15/01/2010,0.0187273
19/01/2010,0.0336342
20/01/2010,0.0081072
21/01/2010,-0.0031538
22/01/2010,0.000041
25/01/2010,-0.005867
26/01/2010,-0.0000868
27/01/2010,-0.0023117
28/01/2010,-0.0073681
29/01/2010,-0.0019922
02/02/2010,-0.0005922
03/02/2010,0.00179
04/02/2010,0.0001898
05/02/2010,0.004221
08/02/2010,-0.0012875
09/02/2010,0.0028286
10/02/2010,-0.0000582
11/02/2010,0
12/02/2010,0.0004768
16/02/2010,-0.0099039
17/02/2010,-0.014101
18/02/2010,0.0044775
19/02/2010,0.0048714
22/02/2010,0.0023832
23/02/2010,0.0094261
24/02/2010,0.0104837
25/02/2010,-0.0018749
01/03/2010,-0.0023088
02/03/2010,0.0100241
03/03/2010,0.0024605
04/03/2010,0.0024548
05/03/2010,0.0084686
09/03/2010,0.0179062
10/03/2010,0.0231838
11/03/2010,0.0164633
15/03/2010,0.023983
17/03/2010,-0.0073891
18/03/2010,-0.0143967
19/03/2010,-0.0135059
22/03/2010,0.009017
23/03/2010,0.005085
24/03/2010,0.0018063
25/03/2010,0.006218
26/03/2010,0.0030346
29/03/2010,-0.0062904
30/03/2010,0.0068998
31/03/2010,0.0037632
01/04/2010,-0.0031719
06/04/2010,0.0004683
07/04/2010,0
08/04/2010,0
12/04/2010,0.0029716
13/04/2010,-0.0034056
14/04/2010,0.0033665
15/04/2010,0.006259
16/04/2010,0.0029354
19/04/2010,-0.0038824
20/04/2010,0.0034857
21/04/2010,0.0092592
22/04/2010,0.0080004
23/04/2010,0.0106144
26/04/2010,0.0122957
27/04/2010,0.0026932
28/04/2010,-0.0021114
29/04/2010,-0.0023232
30/04/2010,-0.0088491
04/05/2010,-0.0027637
05/05/2010,0.0090017
07/05/2010,0.0016117
10/05/2010,-0.0094614
11/05/2010,-0.002533
12/05/2010,0.0035801
13/05/2010,0.0022163
14/05/2010,0.0088148
17/05/2010,-0.0007534
18/05/2010,0.0032358
19/05/2010,0.0014763
20/05/2010,0.000104
21/05/2010,0.0019951
24/05/2010,0.0011024
26/05/2010,-0.0134735
27/05/2010,-0.0139017
28/05/2010,0.0042048
02/06/2010,0.0116892
03/06/2010,-0.0085716
04/06/2010,0.0018425
07/06/2010,0.001729
08/06/2010,0.0019131
09/06/2010,-0.0024662
10/06/2010,0.0037527
11/06/2010,0.002264
14/06/2010,0.006094
15/06/2010,0.0038242
16/06/2010,0.0051584
17/06/2010,-0.0023603
18/06/2010,-0.0034637
21/06/2010,-0.0064716
22/06/2010,-0.0027227
23/06/2010,0.001092
24/06/2010,0.0074234
25/06/2010,-0.0029984
28/06/2010,0.0051517
29/06/2010,0.0047855
30/06/2010,-0.0000553
02/07/2010,0.0026903
06/07/2010,-0.0035257
07/07/2010,-0.0011673
08/07/2010,0.0039434
09/07/2010,-0.0030222
12/07/2010,0.0033922
13/07/2010,-0.002821
14/07/2010,0.0044298
15/07/2010,0.0034332
16/07/2010,0.0063524
19/07/2010,-0.0091925
20/07/2010,0.0029459
21/07/2010,-0.0035391
22/07/2010,0.0036678
23/07/2010,-0.0036745
26/07/2010,-0.0009031
27/07/2010,-0.0001879
28/07/2010,0.0030127
29/07/2010,0.013752
30/07/2010,0.0091114
02/08/2010,0.0125828
03/08/2010,0.0211897
05/08/2010,0.016511
06/08/2010,0.0014639
09/08/2010,-0.0017023
10/08/2010,-0.0085983
11/08/2010,-0.0157223
12/08/2010,-0.0021362
16/08/2010,0.0082388
17/08/2010,0.0092421
18/08/2010,0.0065861
19/08/2010,-0.0003281
20/08/2010,-0.0013456
23/08/2010,-0.0018415
24/08/2010,-0.0051956
25/08/2010,-0.0050802
26/08/2010,-0.007102
30/08/2010,-0.0074272
31/08/2010,-0.004837
01/09/2010,-0.0017776
02/09/2010,0.0045509
03/09/2010,-0.0065746
07/09/2010,-0.0029268
08/09/2010,0.0040331
13/09/2010,0.003911
14/09/2010,0.0092821
15/09/2010,0.0003319
16/09/2010,-0.0013466
17/09/2010,0.0018969
20/09/2010,0.0072565
22/09/2010,0.0073576
23/09/2010,-0.0025911
24/09/2010,-0.0043755
27/09/2010,0.0017691
28/09/2010,0.0033236
29/09/2010,0.0083447
30/09/2010,-0.0029984
01/10/2010,0.0013771
04/10/2010,-0.0026712
05/10/2010,-0.0001345
06/10/2010,0.0032377
07/10/2010,-0.0025883
08/10/2010,-0.0012941
12/10/2010,0.0047655
13/10/2010,-0.0064201
14/10/2010,-0.0009136
15/10/2010,0.0038118
18/10/2010,0.0007133
19/10/2010,0.0040836
21/10/2010,0.0033989
22/10/2010,0.0030127
25/10/2010,-0.0025454
26/10/2010,0.0074606
27/10/2010,-0.0110435
28/10/2010,-0.0019588
29/10/2010,0.0041161
01/11/2010,0.0033445
03/11/2010,-0.0085211
04/11/2010,-0.0039196
08/11/2010,0.0034142
09/11/2010,-0.0089369
10/11/2010,-0.0008669
12/11/2010,-0.0058975
15/11/2010,-0.0045805
19/11/2010,0.0054836
22/11/2010,-0.0006905
23/11/2010,-0.0000801
24/11/2010,-0.0061436
26/11/2010,-0.0171509
29/11/2010,-0.0080633
30/11/2010,-0.0091362
01/12/2010,-0.0009537
02/12/2010,-0.0005817
08/12/2010,0.0006323
09/12/2010,-0.0021725
10/12/2010,0.0026197
14/12/2010,0.0001984
15/12/2010,-0.0004101
16/12/2010,-0.0032272
17/12/2010,-0.0097141
20/12/2010,0.0088396
21/12/2010,-0.0080013
22/12/2010,0.0010271
23/12/2010,0.0006695
24/12/2010,0.0055666
29/12/2010,0.0110865
30/12/2010,0.0000277
31/12/2010,0.0081797
04/01/2011,-0.0019865
05/01/2011,0.0098963
06/01/2011,0.0138826
07/01/2011,0.0059042
31/01/2011,-0.0071898
02/02/2011,-0.0070324
04/02/2011,0.0008583
07/02/2011,0.0001898
08/02/2011,-0.0017595
09/02/2011,-0.0049744
10/02/2011,-0.0081148
11/02/2011,0.0002241
14/02/2011,-0.0012045
16/02/2011,-0.003747
17/02/2011,-0.0023823
18/02/2011,-0.0039816
22/02/2011,-0.0021791
23/02/2011,0.0007038
24/02/2011,0.0007229
25/02/2011,0.0011358
08/03/2011,-0.0113001
09/03/2011,-0.0150738
10/03/2011,-0.0286703
11/03/2011,0.003376
14/03/2011,0.0147419
15/03/2011,0.0100307
16/03/2011,-0.0022326
17/03/2011,-0.0060587
22/03/2011,-0.0057249
23/03/2011,-0.0046158
24/03/2011,-0.0021763
25/03/2011,0.0024519
28/03/2011,0.0023184
29/03/2011,-0.0054111
30/03/2011,0.0016394
31/03/2011,0.002512
01/04/2011,0.0095959
05/04/2011,0.0079069
06/04/2011,0.0029564
07/04/2011,-0.0042858
08/04/2011,0.0021095
11/04/2011,0.0043983
12/04/2011,-0.0030403
13/04/2011,-0.0064745
14/04/2011,0.0043888
15/04/2011,0.0060015
18/04/2011,0.0023336
19/04/2011,-0.0036373
20/04/2011,-0.0024147
21/04/2011,0.00385
26/04/2011,0.0006762
27/04/2011,0.0028715
28/04/2011,-0.007884
29/04/2011,0.0058365
03/05/2011,0.0005484
04/05/2011,0.0001783
05/05/2011,-0.0000944
06/05/2011,0.001133
09/05/2011,-0.0002699
10/05/2011,-0.006813
11/05/2011,0.0013762
12/05/2011,-0.0052032
13/05/2011,-0.0013437
16/05/2011,-0.0029287
17/05/2011,0.0044069
18/05/2011,-0.0012722
19/05/2011,-0.000309
20/05/2011,0.0037203
23/05/2011,0.0002975
24/05/2011,0.0119743
26/05/2011,-0.0003242
27/05/2011,0.0047941
31/05/2011,-0.0028181
02/06/2011,0.0032921
03/06/2011,-0.0011225
07/06/2011,0.0001173
08/06/2011,0.0022326
09/06/2011,-0.0029078
10/06/2011,-0.004837
13/06/2011,-0.0087748
14/06/2011,-0.0054874
15/06/2011,-0.0069532
16/06/2011,0.0027018
17/06/2011,-0.0018883
20/06/2011,0.0003214
21/06/2011,0.0024033
22/06/2011,-0.0079079
23/06/2011,0.0016184
24/06/2011,-0.0003929
27/06/2011,-0.0039835
28/06/2011,-0.0041466
29/06/2011,0.0078049
30/06/2011,0.0000963
05/07/2011,-0.0011196
06/07/2011,-0.0037413
07/07/2011,-0.0043707
08/07/2011,-0.0054722
12/07/2011,-0.0136843
13/07/2011,-0.0094986
14/07/2011,-0.008276
15/07/2011,0.0096598
18/07/2011,-0.0116262
19/07/2011,0.0122681
20/07/2011,-0.0010204
21/07/2011,-0.0064316
22/07/2011,0.0054998
26/07/2011,-0.0022774
27/07/2011,0.0030708
28/07/2011,-0.0096254
29/07/2011,0.0013704
02/08/2011,0.0025034
03/08/2011,-0.0007372
04/08/2011,-0.0001278
05/08/2011,-0.0061769
08/08/2011,-0.0207462
10/08/2011,-0.0365744
11/08/2011,0.001442
12/08/2011,-0.002327
15/08/2011,-0.0026979
16/08/2011,0.001626
17/08/2011,0.0026798
18/08/2011,0.0067081
19/08/2011,0.001668
24/08/2011,-0.0089169
26/08/2011,-0.0052547
29/08/2011,-0.0055618
06/09/2011,-0.0118933
07/09/2011,0.0008783
08/09/2011,0.0118532
09/09/2011,-0.0020552
13/09/2011,0.0094471
14/09/2011,0.0040083
15/09/2011,0.0057745
16/09/2011,0.0123692
19/09/2011,-0.0047722
20/09/2011,-0.0036507
22/09/2011,-0.0027914
23/09/2011,-0.0037003
26/09/2011,-0.0100956
27/09/2011,-0.0064526
28/09/2011,-0.0113897
29/09/2011,-0.0095692
30/09/2011,-0.0023508
03/10/2011,-0.0009451
04/10/2011,-0.0009661
05/10/2011,-0.0013618
06/10/2011,0.0026331
07/10/2011,-0.0027189
11/10/2011,0.0071545
14/10/2011,-0.0040798
19/10/2011,0.0033293
21/10/2011,0.0011845
24/10/2011,0.0001392
27/10/2011,0.0158949
28/10/2011,0.0200319
31/10/2011,0.0163879
03/11/2011,-0.0122013
04/11/2011,0.0009861
08/11/2011,-0.0029526
09/11/2011,-0.00002
10/11/2011,-0.0004587
14/11/2011,-0.0176001
15/11/2011,-0.0038862
16/11/2011,-0.005558
17/11/2011,0.0044756
21/11/2011,-0.0005522
22/11/2011,-0.0045948
23/11/2011,-0.0037031
25/11/2011,-0.0207453
28/11/2011,-0.0052557
30/11/2011,-0.0095406
05/12/2011,-0.0099297
06/12/2011,-0.0006571
07/12/2011,0.0026436
08/12/2011,0.009943
09/12/2011,0.0020523
13/12/2011,-0.001606
14/12/2011,0.0032864
15/12/2011,-0.0044889
16/12/2011,0.0038614
19/12/2011,-0.0029316
20/12/2011,-0.000988
21/12/2011,0.0068359
22/12/2011,0.0037146
23/12/2011,0.0019245
28/12/2011,-0.0017023
30/12/2011,0.0131464
03/01/2012,0.0024433
04/01/2012,-0.002964
05/01/2012,0.005414
06/01/2012,0.0012808
10/01/2012,-0.0062399
11/01/2012,0.0063467
12/01/2012,-0.0012321
13/01/2012,-0.0037422
17/01/2012,0.0018387
18/01/2012,0.0036879
19/01/2012,0.0006838
20/01/2012,-0.0061407
24/01/2012,0.00354
25/01/2012,0.0027742
26/01/2012,-0.0010939
27/01/2012,0.0044155
30/01/2012,0.0070171
31/01/2012,-0.0002203
02/02/2012,0.0033293
03/02/2012,-0.0059252
06/02/2012,-0.0091801
08/02/2012,-0.0001259
09/02/2012,-0.0034781
10/02/2012,0.001152
13/02/2012,-0.0013676
14/02/2012,-0.0042706
15/02/2012,0.0003681
16/02/2012,0.0033541
17/02/2012,0.0087366
21/02/2012,0.0002728
22/02/2012,0.0052204
23/02/2012,0.0027962
24/02/2012,0.0123186
28/02/2012,0.0053377
29/02/2012,0.0084753
01/03/2012,0.0025387
02/03/2012,0.0051231
05/03/2012,0.0044355
07/03/2012,0.0052433
08/03/2012,0.0041389
09/03/2012,0.0021515
13/03/2012,-0.0122423
14/03/2012,-0.0076847
15/03/2012,-0.0019646
16/03/2012,-0.0022268
19/03/2012,-0.0004005
21/03/2012,0.0023069
22/03/2012,0.000246
26/03/2012,-0.0000877
27/03/2012,0.0080309
28/03/2012,0.008338
29/03/2012,-0.0021133
30/03/2012,0.0020132
02/04/2012,-0.0009422
03/04/2012,0.00844
04/04/2012,0.0048437
05/04/2012,-0.0024147
10/04/2012,-0.0010738
11/04/2012,0.0094318
12/04/2012,0.0073566
13/04/2012,0.0005817
16/04/2012,-0.0035973
17/04/2012,0.0049963
18/04/2012,0.0080719
19/04/2012,0.0128231
20/04/2012,0.0056963
23/04/2012,0.0046988
24/04/2012,0.0028324
25/04/2012,-0.0004921
26/04/2012,-0.0062885
27/04/2012,-0.0063734
30/04/2012,0.0034256
02/05/2012,-0.0015774
03/05/2012,0.0123634
04/05/2012,0.0072203
07/05/2012,-0.0033207
08/05/2012,0.0000143
09/05/2012,-0.0036879
10/05/2012,0.0009756
11/05/2012,0.0027542
14/05/2012,0.00811
15/05/2012,0.0023232
16/05/2012,0.0049343
17/05/2012,0.0062017
18/05/2012,0.0059319
21/05/2012,0.0024805
22/05/2012,-0.0098953
23/05/2012,0.0015402
24/05/2012,-0.0026703
29/05/2012,-0.0019855
30/05/2012,-0.000433
31/05/2012,0.0068102
05/06/2012,-0.0047827
06/06/2012,-0.0002861
07/06/2012,0.0045156
08/06/2012,-0.0032396
11/06/2012,0.0048103
12/06/2012,0.0035954
13/06/2012,0.0001545
15/06/2012,0.0024033
18/06/2012,-0.003253
19/06/2012,-0.0052061
20/06/2012,0.0085459
21/06/2012,-0.0033369
22/06/2012,0.0060806
25/06/2012,0.0056124
26/06/2012,0.003376
27/06/2012,0.0002279
28/06/2012,-0.0092163
29/06/2012,-0.000205
03/07/2012,0.0069265
05/07/2012,0.0013838
06/07/2012,-0.0005264
09/07/2012,-0.000596
10/07/2012,-0.0004568
12/07/2012,0.0014629
13/07/2012,-0.0037727
16/07/2012,0.0017042
17/07/2012,-0.0044899
18/07/2012,0.0027542
19/07/2012,0.0098257
20/07/2012,0.0048714
24/07/2012,0.0003424
26/07/2012,8.58E-06
27/07/2012,-0.0020676
30/07/2012,-0.0042019
31/07/2012,-0.0056877
01/08/2012,-0.0017681
02/08/2012,-0.0001497
03/08/2012,0.0048256
07/08/2012,-0.007349
08/08/2012,-0.0000887
09/08/2012,0.0021963
14/08/2012,0.0021105
16/08/2012,0.0009232
17/08/2012,0.0025091
21/08/2012,-0.0014772
22/08/2012,0.0028791
23/08/2012,-0.0004587
24/08/2012,0.0024042
27/08/2012,0.003191
28/08/2012,0.0008488
29/08/2012,0.0092611
30/08/2012,-0.0007792
31/08/2012,-0.0024157
04/09/2012,0.0077562
05/09/2012,0.0004082
06/09/2012,-0.0023918
07/09/2012,0.0029488
11/09/2012,0.0111561
12/09/2012,0.0095301
13/09/2012,0.0032272
14/09/2012,-0.0000782
17/09/2012,-0.0008478
18/09/2012,0.0016088
19/09/2012,0.0006475
24/09/2012,0.0038013
25/09/2012,0.0021715
26/09/2012,-0.0000181
27/09/2012,0.007472
28/09/2012,-0.0021381
01/10/2012,-0.0015821
02/10/2012,-0.0051823
03/10/2012,0.0309658
04/10/2012,-0.026969
05/10/2012,0.0037146
09/10/2012,0.001852
10/10/2012,-0.0000553
11/10/2012,0.0035238
12/10/2012,-0.000493
16/10/2012,0.0007219
17/10/2012,-0.0045681
18/10/2012,0.0023689
19/10/2012,0.0026112
22/10/2012,0.0048761
23/10/2012,0.0046053
24/10/2012,0.0055733
25/10/2012,0.0059013
29/10/2012,0.0020103
30/10/2012,0.0005121
01/11/2012,-0.0024338
05/11/2012,-0.0021191
06/11/2012,-0.0025654
07/11/2012,0.0017414
08/11/2012,0.0066891
09/11/2012,0.0026331
14/11/2012,0.0001764
20/11/2012,0.0025139
21/11/2012,0.0032387
23/11/2012,-0.001276
26/11/2012,-0.0006342
27/11/2012,-0.0059948
28/11/2012,-0.0025158
30/11/2012,-0.0069313
03/12/2012,-0.0050154
04/12/2012,-0.0016451
05/12/2012,0.0002413
06/12/2012,-0.0086012
10/12/2012,-0.0064449
11/12/2012,0.0048914
13/12/2012,-4.77E-06
14/12/2012,0.006053
17/12/2012,0.0027161
18/12/2012,0.0045357
19/12/2012,0.0093451
20/12/2012,0.0008583
21/12/2012,-0.0020618
27/12/2012,0.0032701
28/12/2012,-0.0001259
31/12/2012,0.0026169
03/01/2013,0.0045347
04/01/2013,0.007617
07/01/2013,0.0051022
09/01/2013,0.0133972
10/01/2013,0.0034084
11/01/2013,0.0069532
15/01/2013,0.0136604
16/01/2013,0.0174065
17/01/2013,-0.0016594
18/01/2013,-0.0100842
22/01/2013,-0.0086527
23/01/2013,-0.0099459
25/01/2013,-0.0012074
29/01/2013,-0.0001431
30/01/2013,0.0022364
31/01/2013,0.0009041
04/02/2013,0.0067616
05/02/2013,0.0073509
06/02/2013,0.0086412
07/02/2013,0.0085049
08/02/2013,0.0059586
11/02/2013,0.0049162
12/02/2013,0.0048571
13/02/2013,0.0031481
14/02/2013,-0.0022726
15/02/2013,-0.0049267
19/02/2013,-0.0138969
20/02/2013,-0.0106726
22/02/2013,-0.0055361
27/02/2013,0.011117
28/02/2013,0.0011168
01/03/2013,-0.0017986
05/03/2013,0.0051632
07/03/2013,0.0083752
08/03/2013,0.0159178
11/03/2013,0.0291271
13/03/2013,-0.0150461
14/03/2013,-0.0163403
15/03/2013,-0.0120192
18/03/2013,-0.0099106
19/03/2013,-0.0012302
21/03/2013,-0.0022259
22/03/2013,0.00107
25/03/2013,0.0040627
26/03/2013,0.0053596
27/03/2013,0.0150633
28/03/2013,0.0062714
02/04/2013,0.0343924
03/04/2013,0
04/04/2013,-0.0110207
05/04/2013,0.0019894
08/04/2013,-0.0009718
10/04/2013,0.0018463
12/04/2013,-0.0014725
15/04/2013,-0.0051041
16/04/2013,-0.0095415
17/04/2013,-0.0029831
18/04/2013,-0.006135
19/04/2013,-0.0070238
22/04/2013,-0.0059328
23/04/2013,-0.0031147
24/04/2013,-0.0029144
25/04/2013,-0.0095835
26/04/2013,0.0043688
29/04/2013,-0.0046692
30/04/2013,0.0004492
02/05/2013,0.0048218
03/05/2013,0.0068493
06/05/2013,0.0052252
07/05/2013,0.0072622
08/05/2013,0.0048895
09/05/2013,0.0023985
10/05/2013,-0.0058107
13/05/2013,-0.0046988
14/05/2013,-0.0043745
15/05/2013,0.015049
16/05/2013,0.0075636
17/05/2013,0.0046663
20/05/2013,-0.0037212
21/05/2013,0.0036926
22/05/2013,0.0009823
23/05/2013,-0.0053501
24/05/2013,0.0018196
04/06/2013,-0.0002909
05/06/2013,-0.0002308
06/06/2013,0.0009441
07/06/2013,-0.0053015
10/06/2013,-0.0011244
11/06/2013,-0.0143127
12/06/2013,-0.0049124
13/06/2013,-0.0050888
14/06/2013,-0.0065298
17/06/2013,-0.0093288
18/06/2013,-0.0128222
19/06/2013,0.000844
20/06/2013,0.0017405
21/06/2013,-0.001399
24/06/2013,-0.0056391
25/06/2013,-0.0084238
26/06/2013,-0.0083675
28/06/2013,-0.0009212
02/07/2013,-0.0038223
03/07/2013,0.0002384
05/07/2013,0.0049391
08/07/2013,-0.0020113
09/07/2013,0.0052834
10/07/2013,0.0086679
12/07/2013,0.013237
15/07/2013,0.005435
16/07/2013,0.0084372
17/07/2013,-0.0015879
18/07/2013,0.0044432
19/07/2013,0.0015345
22/07/2013,-0.0000248
23/07/2013,0
24/07/2013,-0.0040922
26/07/2013,0.0011101
29/07/2013,-0.0016279
30/07/2013,0.0006571
31/07/2013,-0.0019636
01/08/2013,-0.0012875
02/08/2013,-0.0008955
05/08/2013,0.0013142
06/08/2013,-0.0000591
07/08/2013,0.0037374
12/08/2013,0.0025978
15/08/2013,0.000411
16/08/2013,0.0062809
19/08/2013,0.0018463
20/08/2013,-0.0022383
21/08/2013,-0.0021076
22/08/2013,-0.003397
23/08/2013,0.0015326
26/08/2013,-0.0031204
27/08/2013,-0.0066586
28/08/2013,-0.0068159
29/08/2013,-0.0072165
30/08/2013,-0.0021906
03/09/2013,-0.010601
04/09/2013,0.0025005
05/09/2013,0.0038023
06/09/2013,0.0066795
11/09/2013,0.0010052
12/09/2013,0.001112
13/09/2013,0.003459
16/09/2013,-0.0082369
17/09/2013,0.0010567
18/09/2013,0.0026875
19/09/2013,0.0036821
20/09/2013,0.0013371
24/09/2013,-0.0021372
25/09/2013,0.0036745
26/09/2013,0.0036612
27/09/2013,0.0008202
30/09/2013,0.0052652
02/10/2013,0.0077267
03/10/2013,0.0015907
07/10/2013,0.0089245
09/10/2013,0.0030832
10/10/2013,0.0001984
14/10/2013,-0.0035191
18/10/2013,0.0059986
23/10/2013,0.0010242
24/10/2013,-0.0008459
25/10/2013,-0.00278
28/10/2013,0.0008926
29/10/2013,0
30/10/2013,0.0061674
31/10/2013,0.0044155
06/11/2013,0.005188
07/11/2013,0.0055027
08/11/2013,0.0002794
12/11/2013,0.0023565
13/11/2013,-0.0008354
14/11/2013,0.000783
15/11/2013,0.0025454
19/11/2013,-0.0010939
20/11/2013,-0.0056667
21/11/2013,0.0059204
22/11/2013,0.0000591
25/11/2013,0.0027952
26/11/2013,0.0034409
27/11/2013,0.0078173
29/11/2013,-0.0048618
02/12/2013,-0.0055065
03/12/2013,0.0007095
04/12/2013,-0.0066271
09/12/2013,-0.0014982
10/12/2013,-0.0051804
11/12/2013,-0.0061054
16/12/2013,-0.0002422
17/12/2013,-0.0074186
18/12/2013,-0.0042238
19/12/2013,-0.0012779
20/12/2013,0.0003633
23/12/2013,0.0001602
24/12/2013,0.0069895
27/12/2013,0.0001335
30/12/2013,-0.0025063
31/12/2013,0.0107498
03/01/2014,-0.0019608
06/01/2014,0.0080051
07/01/2014,0.0105925
15/01/2014,0.0070353
16/01/2014,-0.0074291
21/01/2014,0.0111914
22/01/2014,0.0033636
23/01/2014,-0.0055494
24/01/2014,0.0053806
28/01/2014,-0.0034723
29/01/2014,-0.0089045
30/01/2014,-0.0109615
03/02/2014,-0.005743
04/02/2014,0.0114412
05/02/2014,-0.0027618
07/02/2014,-0.0025015
10/02/2014,0.0863447
11/02/2014,-0.0860214
12/02/2014,0.0018311
14/02/2014,-0.0002165
18/02/2014,-0.0085659
19/02/2014,-0.0023003
20/02/2014,0.0042763
21/02/2014,0.0061312
25/02/2014,0.0055752
26/02/2014,0.0056572
27/02/2014,0.0025196
03/03/2014,0.0003242
04/03/2014,-0.0057535
07/03/2014,0.0021048
10/03/2014,0.0074825
11/03/2014,-0.0056257
13/03/2014,0.0050192
14/03/2014,0.0046625
17/03/2014,-0.012352
18/03/2014,0.0012369
21/03/2014,0.0062084
24/03/2014,-0.0021582
25/03/2014,0.0026226
26/03/2014,-0.000967
27/03/2014,-0.00214
28/03/2014,0.0027857
01/04/2014,0.0028639
02/04/2014,-0.0053368
03/04/2014,-0.0031452
04/04/2014,-0.0018969
07/04/2014,-0.0079765
08/04/2014,0.0025797
10/04/2014,-0.0028286
11/04/2014,0.0054331
14/04/2014,0.000742
15/04/2014,0.000371
16/04/2014,-0.0008068
17/04/2014,0.002883
22/04/2014,-0.0033684
23/04/2014,0.0000162
24/04/2014,0.0038767
25/04/2014,0.0066938
28/04/2014,0.0002785
29/04/2014,-0.0003309
30/04/2014,-0.001524
02/05/2014,0.0022078
05/05/2014,-0.0059204
06/05/2014,0.0024786
07/05/2014,0.0006819
08/05/2014,0.0031929
09/05/2014,0.0003433
12/05/2014,0.0029049
13/05/2014,-0.0005646
14/05/2014,-0.006938
15/05/2014,0.0008774
16/05/2014,0.004487
19/05/2014,-0.0056686
20/05/2014,-0.00383
21/05/2014,-0.0036621
22/05/2014,0.0025339
23/05/2014,0.0021381
27/05/2014,-0.0075855
28/05/2014,-0.0006275
29/05/2014,0.0020123
30/05/2014,-0.0027761
03/06/2014,-0.003047
04/06/2014,-0.0020914
05/06/2014,-0.0043364
06/06/2014,0.0025406
09/06/2014,-0.0025072
10/06/2014,-0.0014572
11/06/2014,0.0007124
12/06/2014,-0.0043736
13/06/2014,0.0053291
16/06/2014,-0.0101337
17/06/2014,-0.0049896
18/06/2014,0.0054989
19/06/2014,0.0014687
20/06/2014,0.0058403
23/06/2014,0.0036898
24/06/2014,0.0026369
25/06/2014,-0.0021744
26/06/2014,0.0022163
27/06/2014,-0.0046091
30/06/2014,0.010499
02/07/2014,-0.0005827
03/07/2014,-0.0078106
07/07/2014,-0.0032568
08/07/2014,0.0014782
09/07/2014,0.0034456
10/07/2014,0.0011129
14/07/2014,0.0000238
15/07/2014,-0.0025139
16/07/2014,-0.0038996
17/07/2014,0.0087185
18/07/2014,-0.0006132
21/07/2014,-0.00282
22/07/2014,-0.0028715
23/07/2014,0.004282
24/07/2014,-0.0040731
31/07/2014,0.0030746
01/08/2014,0.007349
04/08/2014,0.0024719
05/08/2014,0.0098114
06/08/2014,0.0037899
07/08/2014,-0.0021629
08/08/2014,-0.001543
11/08/2014,0.0023537
12/08/2014,0.0015774
14/08/2014,0.0018244
18/08/2014,-0.0004644
19/08/2014,0.0058489
20/08/2014,-0.0042372
21/08/2014,-0.004775
22/08/2014,0.0006809
25/08/2014,0.0011187
26/08/2014,0.0021257
27/08/2014,0.0056276
28/08/2014,0.0032063
29/08/2014,0.0098219
02/09/2014,0.0046234
03/09/2014,0.0000134
04/09/2014,-0.0011873
05/09/2014,0.0006142
09/09/2014,0.0027218
10/09/2014,0.0013733
11/09/2014,0.0014744
12/09/2014,-0.005434
15/09/2014,0.0026045
16/09/2014,0.0065899
17/09/2014,-0.0015631
18/09/2014,0.0026398
19/09/2014,0.016077
23/09/2014,-0.0053968
24/09/2014,-0.0102139
25/09/2014,-0.0139198
26/09/2014,-0.0061359
29/09/2014,0.0077991
30/09/2014,-0.0004168
01/10/2014,0.0022659
02/10/2014,-0.0034018
03/10/2014,0.0081139
07/10/2014,-0.0043831
08/10/2014,-0.0023308
09/10/2014,-0.0029049
10/10/2014,0.001503
14/10/2014,0.0035276
16/10/2014,-0.0027885
17/10/2014,-0.0019312
21/10/2014,-0.0039282
22/10/2014,-0.0015402
27/10/2014,0.0070391
28/10/2014,0.0002346
29/10/2014,0.0043287
30/10/2014,0.0022917
31/10/2014,-0.00739
03/11/2014,-0.0003424
04/11/2014,-0.0080528
05/11/2014,-0.0098219
06/11/2014,-0.0049486
07/11/2014,-0.0001965
10/11/2014,-0.0032606
12/11/2014,0.0127754
13/11/2014,0
14/11/2014,0.0031023
17/11/2014,-0.0054426
19/11/2014,0.0016117
20/11/2014,0.005496
21/11/2014,0.0041056
24/11/2014,-0.0039701
25/11/2014,-0.0015631
26/11/2014,0.0069971
28/11/2014,-0.0034246
01/12/2014,0.0031443
02/12/2014,-0.0003862
03/12/2014,-0.0115156
08/12/2014,0.0017424
09/12/2014,-0.0038948
11/12/2014,0.0147152
15/12/2014,-0.0204372
16/12/2014,-0.0030136
17/12/2014,-0.008502
18/12/2014,-0.0181255
19/12/2014,-0.0096121
22/12/2014,0.0000448
23/12/2014,-0.0006208
24/12/2014,0.0285101
29/12/2014,0
30/12/2014,0.0083637
31/12/2014,0.0041265
05/01/2015,-0.0054321
06/01/2015,0.0017233
07/01/2015,0.0008202
09/01/2015,0.0046892
12/01/2015,0.0000448
13/01/2015,0.0031347
15/01/2015,0.0014772
16/01/2015,0.0004053
20/01/2015,-0.0125036
21/01/2015,0.0040588
22/01/2015,0.0025005
23/01/2015,0.0086622
27/01/2015,0.0006981
28/01/2015,-0.001236
29/01/2015,-0.0024672
30/01/2015,0.0034399
02/02/2015,0.0020418
05/02/2015,0.002924
06/02/2015,-0.000699
09/02/2015,0.002903
10/02/2015,0.0032024
11/02/2015,0.0031853
12/02/2015,0.0007219
13/02/2015,0.0011663
18/02/2015,0.0078011
20/02/2015,-0.0014458
24/02/2015,-0.0001116
25/02/2015,0.0022974
27/02/2015,0.0028324
02/03/2015,0.0015049
03/03/2015,-0.004591
04/03/2015,-0.0024452
05/03/2015,-0.0092039
09/03/2015,-0.0002851
10/03/2015,-0.0005589
11/03/2015,-0.0011663
13/03/2015,0.0005159
16/03/2015,-0.0015202
17/03/2015,-0.0053177
18/03/2015,0.005353
19/03/2015,0.0007858
23/03/2015,-0.0073299
24/03/2015,-0.0021048
25/03/2015,0.0038939
26/03/2015,-0.0042477
27/03/2015,-0.0019798
30/03/2015,0.0000515
31/03/2015,0.0010557
01/04/2015,-0.0014553
02/04/2015,-0.0083675
07/04/2015,-0.0032959
08/04/2015,-0.0072489
10/04/2015,-0.0007915
13/04/2015,0.0023842
14/04/2015,-0.0015945
15/04/2015,-0.0003901
16/04/2015,-0.0092659
17/04/2015,0.0028038
20/04/2015,0.0017729
21/04/2015,-0.005538
22/04/2015,-0.0061312
23/04/2015,-0.0031891
24/04/2015,0.0067997
27/04/2015,-0.0009527
28/04/2015,-0.0002508
29/04/2015,0.0012074
30/04/2015,0.0059729
04/05/2015,-0.0011845
05/05/2015,0.0029669
06/05/2015,-0.0032539
07/05/2015,-0.0018072
08/05/2015,-0.0007906
11/05/2015,-0.0055828
12/05/2015,-0.0058832
13/05/2015,-0.0064964
14/05/2015,-0.0001545
15/05/2015,0.0002003
18/05/2015,-0.0097628
19/05/2015,0.0019016
20/05/2015,-0.0034981
21/05/2015,0.000905
22/05/2015,-0.0099831
26/05/2015,-0.0054474
27/05/2015,-0.0036516
28/05/2015,-0.0061941
29/05/2015,-0.0039921
03/06/2015,-0.0054464
04/06/2015,-0.0034943
05/06/2015,0.0021515
08/06/2015,-0.0047417
09/06/2015,-0.0033703
10/06/2015,-0.0001602
11/06/2015,0.000061
12/06/2015,0.004221
15/06/2015,-0.0011425
16/06/2015,0.0028639
17/06/2015,0.0035954
18/06/2015,0.0012178
19/06/2015,-0.0036821
22/06/2015,0.0003862
23/06/2015,-0.000864
24/06/2015,0.0036411
25/06/2015,0.0010338
26/06/2015,0.0024204
29/06/2015,0.0056429
30/06/2015,0.0140581
02/07/2015,-0.0038805
03/07/2015,-0.0056009
06/07/2015,0.0003195
07/07/2015,0.000185
08/07/2015,-0.0108852
09/07/2015,-0.0017252
10/07/2015,-0.0057373
13/07/2015,-0.000783
14/07/2015,-0.0067101
15/07/2015,-0.0004282
16/07/2015,-0.0029898
21/07/2015,-0.0049067
22/07/2015,-0.0057993
23/07/2015,-0.0085869
24/07/2015,-0.0086374
27/07/2015,-0.0073757
28/07/2015,0.0040998
29/07/2015,0.0103283
30/07/2015,-0.0099564
31/07/2015,-0.0185919
04/08/2015,-0.0027208
05/08/2015,-0.0059881
06/08/2015,0.0077229
07/08/2015,0.0146914
10/08/2015,0.0153942
11/08/2015,0.008008
12/08/2015,-0.0045614
14/08/2015,0.0001583
17/08/2015,0.0030222
18/08/2015,-0.0061493
19/08/2015,-0.0039015
20/08/2015,-0.0078402
21/08/2015,-0.0055647
24/08/2015,-0.0155144
25/08/2015,-0.0220842
26/08/2015,-0.0169678
27/08/2015,-0.0219393
28/08/2015,0.0050936
31/08/2015,0.0181017
01/09/2015,-0.0056143
02/09/2015,-0.0063114
03/09/2015,0.0063362
04/09/2015,-0.0045614
08/09/2015,0.0197392
09/09/2015,0.0007257
10/09/2015,-0.0005007
11/09/2015,-0.0018415
15/09/2015,0.0037575
16/09/2015,0.0015678
17/09/2015,-0.001956
22/09/2015,-0.0071316
23/09/2015,-0.0011501
28/09/2015,-0.0035477
29/09/2015,-0.0040331
30/09/2015,-0.0037546
01/10/2015,-0.0049295
02/10/2015,-0.0105047
05/10/2015,-0.0061607
06/10/2015,-0.0049582
07/10/2015,0.0018196
08/10/2015,-0.0074482
09/10/2015,-0.0059586
13/10/2015,-0.0096645
16/10/2015,0.008482
21/10/2015,-0.0053701
22/10/2015,0.0067844
23/10/2015,0.0043325
26/10/2015,-0.0041504
27/10/2015,-0.0058823
28/10/2015,-0.0019522
29/10/2015,-0.0055838
30/10/2015,-0.0039463
02/11/2015,-0.0031281
03/11/2015,-0.0069828
05/11/2015,0.0098572
06/11/2015,0.0011578
09/11/2015,0.0052204
10/11/2015,-0.0013647
12/11/2015,0.0074549
13/11/2015,0.0002604
16/11/2015,0.0028238
17/11/2015,0.0056477
19/11/2015,0.0061407
20/11/2015,0.0053444
23/11/2015,0.0071268
24/11/2015,-0.0001459
25/11/2015,0.0059929
27/11/2015,-0.0124788
30/11/2015,0.0053978
01/12/2015,-0.0095091
02/12/2015,0.0029373
07/12/2015,-0.0001554
08/12/2015,0.0012169
09/12/2015,0.0019388
10/12/2015,-0.0040932
11/12/2015,0.0022078
14/12/2015,-0.0067539
15/12/2015,0.0048695
16/12/2015,0.0060234
17/12/2015,-0.0016069
18/12/2015,-0.0038195
21/12/2015,0.0046701
22/12/2015,-0.0135851
23/12/2015,-0.0090914
29/12/2015,0.0060959
30/12/2015,-0.0030861
31/12/2015,0.0119953
04/01/2016,-0.0083876
05/01/2016,-0.0081244
06/01/2016,0.0085058
07/01/2016,-0.0013533
11/01/2016,-0.0026684
12/01/2016,-0.0050459
13/01/2016,-0.0077038
15/01/2016,0.0009155
19/01/2016,-0.001092
20/01/2016,-0.0101194
21/01/2016,-0.0096731
22/01/2016,-0.0033407
26/01/2016,-0.0018864
27/01/2016,0.0038586
28/01/2016,0.0009308
29/01/2016,0.0026035
02/02/2016,0.0037413
03/02/2016,0.0062723
04/02/2016,-0.0051174
05/02/2016,0.0124273
09/02/2016,0.0023832
10/02/2016,-0.0006466
11/02/2016,-0.0067453
12/02/2016,-0.0090971
16/02/2016,-0.0002508
17/02/2016,0.0067873
18/02/2016,-0.0028
19/02/2016,0.0078125
23/02/2016,0.0079699
24/02/2016,0.0016508
25/02/2016,0.00418
26/02/2016,0.0011778
29/02/2016,-0.0024252
01/03/2016,0.005621
02/03/2016,0.0124989
03/03/2016,-0.0000973
04/03/2016,0.0123816
08/03/2016,-0.0097532
09/03/2016,0.0025234
11/03/2016,0.0022755
14/03/2016,-0.0014381
15/03/2016,-0.0081348
16/03/2016,0.0010576
17/03/2016,0.0006113
18/03/2016,0.0047092
21/03/2016,-0.0020218
22/03/2016,0.0047722
23/03/2016,0.0087786
24/03/2016,0.0023546
29/03/2016,-0.0014505
30/03/2016,-0.0035677
31/03/2016,0.0001907
01/04/2016,0.003582
04/04/2016,0.0030279
05/04/2016,0.0020285
06/04/2016,0.0033207
07/04/2016,0.0060091
11/04/2016,-0.0102444
12/04/2016,-0.0084352
13/04/2016,-0.0040455
14/04/2016,-0.0020533
15/04/2016,0.0047426
18/04/2016,0.0024233
19/04/2016,0.0012894
20/04/2016,0.0012503
21/04/2016,0.0073967
22/04/2016,0.0105448
25/04/2016,0.0022488
26/04/2016,-0.0017748
27/04/2016,-0.0069227
28/04/2016,0.0012941
29/04/2016,0.0047655
03/05/2016,0.0033245
04/05/2016,-0.008213
05/05/2016,-0.0029764
06/05/2016,-0.0033245
09/05/2016,-0.0004282
10/05/2016,-0.0117292
11/05/2016,0.0045061
12/05/2016,-0.0028019
13/05/2016,0.0010872
16/05/2016,-0.0052586
17/05/2016,-0.0103216
18/05/2016,0.0029564
19/05/2016,0.0006161
20/05/2016,0.0025845
23/05/2016,-0.0039043
24/05/2016,0.0051908
26/05/2016,-0.0104294
27/05/2016,-0.0010958
31/05/2016,-0.0103178
02/06/2016,-0.0074024
03/06/2016,0.0004578
08/06/2016,0.0001364
09/06/2016,0.0052338
10/06/2016,0.0039806
13/06/2016,-0.0041199
14/06/2016,-0.008708
15/06/2016,0.0038509
16/06/2016,-0.00243
17/06/2016,-0.0014839
20/06/2016,-0.0045347
21/06/2016,0.0020924
23/06/2016,-0.001708
24/06/2016,-0.0102377
27/06/2016,-0.0120211
28/06/2016,-0.0069904
29/06/2016,-0.0020895
30/06/2016,0.0031805
08/07/2016,0.0064402
12/07/2016,-0.0115118
13/07/2016,-0.0009871
14/07/2016,-0.0017414
15/07/2016,-0.0035601
18/07/2016,-0.0116892
19/07/2016,-0.0090981
20/07/2016,-0.0006275
21/07/2016,-0.0016117
22/07/2016,0.002696
26/07/2016,-0.0041304
27/07/2016,-0.005352
28/07/2016,-0.0020418
29/07/2016,0.0058594
02/08/2016,0.0052938
03/08/2016,0.0002184
04/08/2016,-0.0043917
05/08/2016,0.0050955
08/08/2016,-0.005353
09/08/2016,-0.001297
10/08/2016,0.0011902
11/08/2016,-0.0037956
12/08/2016,-0.0001907
16/08/2016,0.0114727
17/08/2016,0.0066204
18/08/2016,-0.0069876
19/08/2016,-0.006196
22/08/2016,-0.0018349
23/08/2016,-0.0038671
24/08/2016,0.0057373
25/08/2016,-0.045167
26/08/2016,-0.0285454
29/08/2016,-0.0293636
30/08/2016,-0.0021534
31/08/2016,0.0196991
01/09/2016,0.0001259
02/09/2016,0.0027142
07/09/2016,-0.0002174
08/09/2016,0.0036764
09/09/2016,0.0087528
15/09/2016,0.0055504
16/09/2016,-0.0104504
19/09/2016,0.0039721
20/09/2016,-0.0082884
22/09/2016,-0.0001822
23/09/2016,0.001421
26/09/2016,0.0041447
27/09/2016,0.0060616
28/09/2016,-0.0090876
29/09/2016,0.0125246
30/09/2016,0.0078812
04/10/2016,-0.0037889
05/10/2016,0.0006704
06/10/2016,-0.0063553
07/10/2016,-0.0008249
11/10/2016,-0.0059719
12/10/2016,0.0015993
13/10/2016,-0.0014763
14/10/2016,0.007865
18/10/2016,0.0018444
19/10/2016,-0.0032883
21/10/2016,-0.0110588
24/10/2016,0.0034657
25/10/2016,-0.0032749
26/10/2016,0.0002184
27/10/2016,-0.0009804
28/10/2016,0.0009747
31/10/2016,0.0076313
01/11/2016,-0.0006132
03/11/2016,0.0077639
04/11/2016,-0.0033312
07/11/2016,-0.0008984
08/11/2016,-0.001874
09/11/2016,-0.0012312
10/11/2016,0.0025444
14/11/2016,0.0066586
15/11/2016,-0.0020523
16/11/2016,0.003293
17/11/2016,0.0034475
21/11/2016,0.0000515
22/11/2016,-0.0050097
23/11/2016,-0.0012522
25/11/2016,0.0007505
28/11/2016,-0.0049915
29/11/2016,0.0021334
30/11/2016,-0.0028839
05/12/2016,-0.0055637
06/12/2016,-0.0107632
07/12/2016,-0.0043726
08/12/2016,-0.000289
09/12/2016,-0.0068369
13/12/2016,-0.0010509
14/12/2016,-0.0022497
15/12/2016,-0.0059566
16/12/2016,-0.007966
19/12/2016,-0.0066137
20/12/2016,-0.000104
21/12/2016,-0.0031595
22/12/2016,0.0105085
23/12/2016,0.0021544
28/12/2016,0.0055475
29/12/2016,0.0081615
30/12/2016,0.0093403
03/01/2017,0.0062666
04/01/2017,-0.0037842
05/01/2017,-0.0073595
06/01/2017,-0.009984
10/01/2017,-0.0108757
11/01/2017,-0.0117435
12/01/2017,-0.010993
13/01/2017,-0.0144553
17/01/2017,-0.014039
18/01/2017,0.001061
19/01/2017,-0.0026937
20/01/2017,-0.0037885
24/01/2017,-0.0111766
25/01/2017,-0.0060081
26/01/2017,-0.0110879
27/01/2017,-0.0043573
30/01/2017,-0.007998
31/01/2017,0.0016584
02/02/2017,0.0110884
03/02/2017,0.0102887
06/02/2017,0.0017452
07/02/2017,0.0053391
08/02/2017,0.0090237
10/02/2017,0.0062976
13/02/2017,-0.006093
14/02/2017,-0.0000787
15/02/2017,0.006412
16/02/2017,0.0064726
17/02/2017,-0.0076857
21/02/2017,0.0053201
22/02/2017,0.0062947
23/02/2017,0.0086746
28/02/2017,-0.0128736
02/03/2017,0.0009975
03/03/2017,-0.0024753
07/03/2017,0.0001855
08/03/2017,-0.0052876
09/03/2017,0.0010915
10/03/2017,0.0040345
13/03/2017,0.002511
14/03/2017,0.0011706
15/03/2017,-0.001019
16/03/2017,-0.0019107
17/03/2017,0.006176
21/03/2017,0.0057344
22/03/2017,0.0096807
23/03/2017,0.0149317
24/03/2017,-0.0016356
27/03/2017,0.0065899
28/03/2017,0.0034962
30/03/2017,-0.0018969
31/03/2017,-0.0032043
03/04/2017,-0.0020294
04/04/2017,-0.0030241
05/04/2017,0.0013838
06/04/2017,0.0000229
07/04/2017,0.0011921
10/04/2017,-0.0039625
11/04/2017,0.0038147
12/04/2017,0.0017214
13/04/2017,-0.0022755
19/04/2017,0.008687
20/04/2017,0.0062265
21/04/2017,-0.0065756
24/04/2017,0.004611
25/04/2017,-0.0018272
26/04/2017,0.0079241
27/04/2017,0.0006285
28/04/2017,-0.0021448
02/05/2017,-0.0058918
03/05/2017,-0.0015554
04/05/2017,0.0032587
05/05/2017,0.000845
08/05/2017,0.0023298
09/05/2017,-0.0040312
10/05/2017,0.0106764
11/05/2017,0.0063686
12/05/2017,0.0152235
15/05/2017,-0.0047636
16/05/2017,-0.0025148
17/05/2017,0.0016251
18/05/2017,0.0056438
19/05/2017,0.012496
22/05/2017,0.0032425
23/05/2017,0.0063505
24/05/2017,0.0177546
26/05/2017,0.0091896
30/05/2017,-0.0012236
31/05/2017,0.0008373
02/06/2017,0.0092974
06/06/2017,-0.006772
09/06/2017,-0.0017567
12/06/2017,0.0001154
13/06/2017,0.0052814
14/06/2017,0.0055618
15/06/2017,0.0045204
16/06/2017,0.0052547
19/06/2017,0.0116253
20/06/2017,0.0048037
21/06/2017,0.0022583
22/06/2017,0.0012188
23/06/2017,0.0031176
28/06/2017,-0.0019655
29/06/2017,-0.0035114
30/06/2017,0.0029488
05/07/2017,-0.0040855
06/07/2017,0.0032787
07/07/2017,0.0065527
10/07/2017,-0.0026817
12/07/2017,0.0089083
13/07/2017,0.0072575
14/07/2017,-0.0044861
17/07/2017,0.0043135
18/07/2017,0.0056639
19/07/2017,-0.0012159
20/07/2017,0.0022507
21/07/2017,0.0046587
24/07/2017,0.0031548
26/07/2017,0.0102882
27/07/2017,-0.000967
28/07/2017,0.0089617
31/07/2017,-0.000289
01/08/2017,-0.0145969
02/08/2017,-0.0002785
03/08/2017,0.0085325
04/08/2017,0.0006275
07/08/2017,0.0111618
09/08/2017,0.0083094
10/08/2017,0.0137129
11/08/2017,0.0187025
14/08/2017,0.0248241
15/08/2017,0.0090513
16/08/2017,-0.0109167
17/08/2017,-0.0057793
18/08/2017,-0.0132189
21/08/2017,0.0036974
22/08/2017,0.0015354
23/08/2017,0.0036936
24/08/2017,0.0059347
25/08/2017,0.0041027
28/08/2017,0.0048532
29/08/2017,-0.0115404
30/08/2017,-0.0007973
31/08/2017,-0.0029106
05/09/2017,-0.0306263
06/09/2017,0.0044699
12/09/2017,-0.0063429
13/09/2017,-0.0115519
14/09/2017,0.0022421
15/09/2017,-0.007844
18/09/2017,-0.0008917
19/09/2017,0.0011368
20/09/2017,-0.0003223
22/09/2017,-0.003355
25/09/2017,-0.0037498
26/09/2017,-0.0046263
27/09/2017,-0.0008574
28/09/2017,-0.0035238
29/09/2017,0.0093031
02/10/2017,-0.0051584
03/10/2017,8.58E-06
04/10/2017,-0.0108624
05/10/2017,0.0028782
06/10/2017,-0.002512
10/10/2017,0.0009604
11/10/2017,-0.0141582
12/10/2017,-0.0012789
13/10/2017,-0.0037212
17/10/2017,-0.0071764
18/10/2017,-0.0017328
23/10/2017,-0.0006866
24/10/2017,0.0170774
27/10/2017,0.01262
30/10/2017,0.0072451
31/10/2017,0.0147972
03/11/2017,0.0062294
06/11/2017,-0.0006504
07/11/2017,-0.0024042
08/11/2017,-0.005414
09/11/2017,-0.0016651
10/11/2017,-0.0026512
13/11/2017,-0.0014563
14/11/2017,-0.0073719
15/11/2017,0.0024137
16/11/2017,0.0039997
17/11/2017,-0.0034657
20/11/2017,0.0130529
21/11/2017,0.0101652
22/11/2017,0.0056648
24/11/2017,-0.0016842
27/11/2017,-0.0032034
29/11/2017,0.0012369
04/12/2017,-0.0031052
05/12/2017,-0.0090952
06/12/2017,-0.0048513
07/12/2017,0.0002851
08/12/2017,-0.0004368
11/12/2017,-0.0050087
13/12/2017,-0.0056324
14/12/2017,-0.0012026
15/12/2017,0.0003748
18/12/2017,-0.0046663
19/12/2017,0.001524
20/12/2017,5.72E-06
21/12/2017,-0.0002003
22/12/2017,0.0064659
27/12/2017,-0.0014076
28/12/2017,-0.0006762
29/12/2017,0.0000811
03/01/2018,-0.0075951
04/01/2018,0.0068016
05/01/2018,0.0031929
09/01/2018,0.0056086
10/01/2018,-0.0019979
11/01/2018,-0.000349
12/01/2018,-0.0029669
16/01/2018,0.0006685
19/01/2018,0.0083838
23/01/2018,0.0008583
24/01/2018,-0.0085335
25/01/2018,-0.0008163
26/01/2018,0.004837
29/01/2018,0.0030909
30/01/2018,-0.0032034
02/02/2018,0.0015182
05/02/2018,-0.0006418
06/02/2018,0.001112
07/02/2018,-0.0081739
08/02/2018,0.0045052
09/02/2018,-0.0013781
12/02/2018,-0.0031328
14/02/2018,-0.005477
15/02/2018,-0.0010824
20/02/2018,0.0037851
21/02/2018,0.0007801
22/02/2018,-0.0027733
27/02/2018,0.0083294
28/02/2018,0.0042086
01/03/2018,0.0061893
02/03/2018,-0.0048046
05/03/2018,-0.0078068
07/03/2018,0.0013428
08/03/2018,-0.0056591
09/03/2018,0.0000944
13/03/2018,0.0052795
14/03/2018,0.0041857
15/03/2018,0.0016899
16/03/2018,0.0091314
19/03/2018,0.0100212
21/03/2018,0.0030365
22/03/2018,-0.0028257
23/03/2018,-0.0010891
26/03/2018,-0.0041723
27/03/2018,-0.0023623
28/03/2018,-0.0014563
29/03/2018,0.007513
03/04/2018,-0.0034447
04/04/2018,-0.0029478
05/04/2018,0.0040884
06/04/2018,-0.004096
10/04/2018,0.0018826
11/04/2018,0.0036354
12/04/2018,-0.0027924
13/04/2018,-0.0039415
16/04/2018,-0.0009413
17/04/2018,-0.0081167
18/04/2018,-0.0068941
19/04/2018,-0.0046358
20/04/2018,-0.0046711
23/04/2018,0.001627
24/04/2018,-0.005147
25/04/2018,-0.0006876
26/04/2018,0.0028706
27/04/2018,0.0048294
30/04/2018,0.0031538
02/05/2018,-0.012249
03/05/2018,-0.0072374
04/05/2018,0.0099955
07/05/2018,-0.0077324
08/05/2018,-0.0033751
09/05/2018,0.0018349
10/05/2018,-0.0081825
11/05/2018,-0.0092373
14/05/2018,-0.005559
15/05/2018,-0.0060558
16/05/2018,-0.0077982
17/05/2018,-0.0037689
18/05/2018,-0.0073032
21/05/2018,-0.0049028
22/05/2018,-0.0092659
23/05/2018,-0.0033293
24/05/2018,-0.0077972
29/05/2018,-0.0017548
30/05/2018,-0.0016689
31/05/2018,-0.0058985
05/06/2018,0.0108356
06/06/2018,0.0076227
07/06/2018,0.0046587
08/06/2018,0.0009193
11/06/2018,-0.0050831
12/06/2018,0.006403
13/06/2018,-0.004035
14/06/2018,0.0017633
18/06/2018,0.0071068
19/06/2018,-0.0075874
21/06/2018,-0.003294
22/06/2018,-0.0028839
25/06/2018,0.0011024
26/06/2018,-0.0047884
27/06/2018,0.0031528
28/06/2018,-0.0026808
29/06/2018,-0.0010891
03/07/2018,0.0019779
05/07/2018,0.0064535
06/07/2018,0.0038481
09/07/2018,-0.0030003
10/07/2018,-0.0006666
12/07/2018,-0.0019665
13/07/2018,0.009656
16/07/2018,-0.0022306
17/07/2018,-0.0109959
18/07/2018,-0.0015602
19/07/2018,0.0054483
20/07/2018,0.0034399
23/07/2018,0.0012417
24/07/2018,-0.0017757
25/07/2018,0.0002956
26/07/2018,-0.0005159
27/07/2018,0.0025148
01/08/2018,0.0024729
06/08/2018,-0.0016832
07/08/2018,-0.0009241
08/08/2018,0.0093842
09/08/2018,0.0004158
10/08/2018,-0.0022659
14/08/2018,0.0051775
16/08/2018,0.0032415
17/08/2018,0.0004168
20/08/2018,0.0001888
23/08/2018,-0.0119247
24/08/2018,-0.0027351
27/08/2018,-0.0112543
28/08/2018,-0.0019293
29/08/2018,-0.0013256
30/08/2018,-0.0011148
31/08/2018,-0.0129519
04/09/2018,-0.0076685
05/09/2018,-0.0084534
06/09/2018,-0.0074539
07/09/2018,-0.0092869
13/09/2018,-0.0099564
17/09/2018,-0.0079451
18/09/2018,-0.0025897
19/09/2018,-0.0110326
20/09/2018,-0.0245523
24/09/2018,0.0142183
25/09/2018,-3.81E-06
26/09/2018,0.0056262
27/09/2018,0.0007477
28/09/2018,-0.0055108
01/10/2018,0.0029411
02/10/2018,-0.0103378
03/10/2018,0.0024738
04/10/2018,0.0053887
05/10/2018,-0.0041313
09/10/2018,-0.0079651
11/10/2018,-0.0060525
12/10/2018,-0.0064201
16/10/2018,-0.0121579
17/10/2018,0.0020242
18/10/2018,0.0078387
19/10/2018,0.0109353
22/10/2018,-0.0014653
23/10/2018,-0.0132012
24/10/2018,0.0125341
25/10/2018,0.0086269
26/10/2018,-0.0017214
29/10/2018,-0.0030823
30/10/2018,-0.0037947
31/10/2018,0.0032434
01/11/2018,0.0035377
05/11/2018,0.0029101
06/11/2018,0.0009327
08/11/2018,-0.0062361
09/11/2018,0.0047798
13/11/2018,-0.0012856
14/11/2018,0.0003672
15/11/2018,-0.0037584
16/11/2018,-0.0047951
21/11/2018,-0.0096531
23/11/2018,-0.0030088
26/11/2018,0.003756
27/11/2018,0.0020299
28/11/2018,0.0013313
30/11/2018,0.0025554
03/12/2018,-0.0005469
04/12/2018,0.0019612
05/12/2018,-0.0035329
06/12/2018,-0.0002184
10/12/2018,-0.0167446
11/12/2018,-0.0028577
13/12/2018,-0.0007019
14/12/2018,-0.0011444
17/12/2018,-0.0017705
18/12/2018,0.0090179
19/12/2018,-0.0021648
20/12/2018,0.002492
21/12/2018,-0.0090909
24/12/2018,0.0150299
27/12/2018,-0.0012307
28/12/2018,0.0027423
31/12/2018,0.0116739
03/01/2019,-0.0044842
04/01/2019,-0.0093923
09/01/2019,-0.0039167
10/01/2019,0.0018215
11/01/2019,0.0070386
15/01/2019,0.000989
16/01/2019,0.011425
17/01/2019,0.0019526
18/01/2019,0.0006876
22/01/2019,0.0066266
23/01/2019,0.0022893
24/01/2019,0.0000801
25/01/2019,0.0104127
29/01/2019,0.0149269
30/01/2019,-0.0006428
31/01/2019,0.0066404
04/02/2019,-0.0033379
06/02/2019,0.0120182
07/02/2019,0.0006275
08/02/2019,0.0055256
11/02/2019,0.0025873
12/02/2019,-0.0012875
13/02/2019,0.0020761
14/02/2019,-0.0039291
15/02/2019,-0.0042238
19/02/2019,-0.0074053
20/02/2019,-0.0038185
21/02/2019,-0.0020771
22/02/2019,-0.009408
26/02/2019,-0.0032382
27/02/2019,-0.0050721
28/02/2019,-0.0131121
01/03/2019,0.0075688
05/03/2019,-0.0018249
07/03/2019,-0.0014582
08/03/2019,0.0034494
11/03/2019,-0.007699
13/03/2019,-0.0034537
14/03/2019,-0.0024958
15/03/2019,0.0094466
18/03/2019,0.002676
19/03/2019,-0.0039196
21/03/2019,-0.0056987
22/03/2019,0.0109839
25/03/2019,-0.0053029
26/03/2019,-0.0069008
27/03/2019,-0.0039659
28/03/2019,-0.0018992
29/03/2019,0.0038295
01/04/2019,0.0011377
02/04/2019,0.0038424
03/04/2019,0.0017953
04/04/2019,-0.0061779
05/04/2019,-0.0004215
08/04/2019,-0.0007768
10/04/2019,0.0041056
11/04/2019,0.0287251
12/04/2019,-0.0013785
15/04/2019,-0.0052905
16/04/2019,-0.003531
17/04/2019,0.0019574
18/04/2019,-0.0085797
23/04/2019,-0.0015759
24/04/2019,0.0027981
25/04/2019,-0.0054083
26/04/2019,-0.0143852
29/04/2019,0.0044518
30/04/2019,-0.011744
02/05/2019,-0.0006366
06/05/2019,-0.0058079
07/05/2019,0.0028596
08/05/2019,-0.0017858
09/05/2019,-0.0012174
10/05/2019,-0.0092316
13/05/2019,-0.0092812
15/05/2019,-0.0049534
16/05/2019,-0.0070524
17/05/2019,0.0007768
20/05/2019,-0.0109582
21/05/2019,0.0031924
22/05/2019,-0.0016727
23/05/2019,0.0002046
28/05/2019,0.0035076
29/05/2019,0.0076079
30/05/2019,-0.0041199
31/05/2019,0.006506
10/06/2019,0.0033383
11/06/2019,-0.006237
12/06/2019,0.0061965
13/06/2019,0.007607
14/06/2019,-0.005229
17/06/2019,-0.0078182
18/06/2019,-0.0057993
19/06/2019,-0.0042257
20/06/2019,-0.0030966
21/06/2019,-0.001287
24/06/2019,-0.0030494
25/06/2019,0.0037403
26/06/2019,-0.0005774
27/06/2019,0.0011287
28/06/2019,-0.0065293
01/07/2019,0.0073624
02/07/2019,0.0001173
03/07/2019,-0.0008826
05/07/2019,0.0054178
08/07/2019,-0.0017538
09/07/2019,0.001472
10/07/2019,0.0024405
12/07/2019,-0.0033703
15/07/2019,0.0021338
16/07/2019,-0.0050392
17/07/2019,0.0032153
18/07/2019,-0.0007544
19/07/2019,0.0047784
22/07/2019,0.0033813
23/07/2019,-0.0086827
24/07/2019,0.0021882
26/07/2019,-0.0046501
29/07/2019,-0.0019894
30/07/2019,-0.0061326
31/07/2019,-0.0009661
01/08/2019,-0.0032439
02/08/2019,-0.0125318
06/08/2019,-0.009181
07/08/2019,-0.0027113
08/08/2019,0.004559
09/08/2019,-0.0052228
14/08/2019,-0.0019679
15/08/2019,0.0005589
16/08/2019,0.0001655
19/08/2019,-0.0085602
20/08/2019,-0.0068216
21/08/2019,-0.0051584
22/08/2019,0.0014696
23/08/2019,-0.0057592
26/08/2019,-0.001689
27/08/2019,0.0022216
28/08/2019,-0.0044551
29/08/2019,0.0006762
30/08/2019,-0.0007896
04/09/2019,-0.0117216
05/09/2019,0.0063529
06/09/2019,-0.0102258
10/09/2019,0.0027599
11/09/2019,0.004025
12/09/2019,0.0020046
16/09/2019,0.0050745
17/09/2019,-0.0050788
18/09/2019,0.0001154
19/09/2019,-0.0021243
20/09/2019,0.0065804
24/09/2019,0.0092592
25/09/2019,-0.0032063
26/09/2019,-0.0032125
02/10/2019,0.0057321
03/10/2019,-0.0008588
04/10/2019,-0.0019989
08/10/2019,0.0025973
09/10/2019,-0.0000248
11/10/2019,0.0093255
16/10/2019,-0.00103
17/10/2019,0.0084219
18/10/2019,0.0017934
22/10/2019,0.0075665
23/10/2019,0.0000567
24/10/2019,0.0019259
25/10/2019,0.0022473
28/10/2019,0.0113773
29/10/2019,0.0035748
30/10/2019,0.0208306
31/10/2019,0.0240169
04/11/2019,-0.0021386
05/11/2019,0.0008097
06/11/2019,0.0133352
08/11/2019,-0.0108395
12/11/2019,-0.0168824
13/11/2019,-0.0115848
14/11/2019,-0.0022817
15/11/2019,0.0065765
19/11/2019,-0.0056529
20/11/2019,-0.0086508
21/11/2019,0.0029807
22/11/2019,-0.0019913
25/11/2019,0.0017967
26/11/2019,-0.0000453
27/11/2019,-0.004478
29/11/2019,0.002677
02/12/2019,0.0083966
03/12/2019,-0.0019979
04/12/2019,-0.0008044
09/12/2019,-0.0048828
10/12/2019,-0.0033059
11/12/2019,-0.0006733
13/12/2019,-0.0040803
16/12/2019,-0.0014691
17/12/2019,0.0022378
18/12/2019,-0.0065155
19/12/2019,-0.0027595
20/12/2019,0.0069284
23/12/2019,0.0047727
27/12/2019,0.0190835
30/12/2019,-0.0049739
03/01/2020,0.0199585
06/01/2020,-0.0005617
09/01/2020,0.0083318
10/01/2020,0.0032039
14/01/2020,-0.0089054
15/01/2020,0.0012321
17/01/2020,-0.0001874
21/01/2020,-0.003716
22/01/2020,-0.0043902
23/01/2020,-0.0019927
24/01/2020,0.000072
28/01/2020,-0.0007639
29/01/2020,-0.0103598
30/01/2020,-0.0005188
31/01/2020,-0.0006151
03/02/2020,0.0017867
04/02/2020,-0.001183
05/02/2020,0.0027747
06/02/2020,-0.0005059
07/02/2020,-0.0021229
12/02/2020,0.0020952
13/02/2020,-0.0074291
14/02/2020,-0.0082307
18/02/2020,-0.0073819
19/02/2020,-0.0066671
20/02/2020,-0.0005984
25/02/2020,-0.0207853
26/02/2020,-0.0093665
27/02/2020,-0.0081263
28/02/2020,-0.030551
02/03/2020,0.0132198
03/03/2020,0.00631
04/03/2020,0.0081825
05/03/2020,0.0068808
09/03/2020,-0.0272832
10/03/2020,-0.0105352
11/03/2020,0.0022082
13/03/2020,-0.0513825
16/03/2020,-0.0319533
17/03/2020,-0.0024858
18/03/2020,-0.0019407
19/03/2020,-0.008101
23/03/2020,-0.0335183
24/03/2020,-0.0371261
26/03/2020,0.0094719
27/03/2020,0.0138464
30/03/2020,0.0067978
31/03/2020,0.0181537
01/04/2020,0.0009198
02/04/2020,0.0087729
03/04/2020,0.0139656
06/04/2020,0.0014939
07/04/2020,-0.0168557
08/04/2020,-0.0072446
14/04/2020,0.0015898
15/04/2020,0.0071511
16/04/2020,-0.0079026
17/04/2020,0.0025568
20/04/2020,0.0059199
21/04/2020,0.004683
22/04/2020,-0.0045719
23/04/2020,-0.0075674
24/04/2020,-0.0014982
27/04/2020,-0.005084
28/04/2020,-0.0052032
29/04/2020,0.0099573
30/04/2020,-0.0046468
04/05/2020,0.0164967
05/05/2020,0.0154085
06/05/2020,0.0188947
07/05/2020,-0.0092115
08/05/2020,-0.0031943
11/05/2020,0.0094113
12/05/2020,-0.0073104
13/05/2020,-0.0211692
14/05/2020,-0.0132413
15/05/2020,0.0026765
18/05/2020,0.0093722
19/05/2020,0.0067925
20/05/2020,0.0008264
21/05/2020,-0.0025616
22/05/2020,0.0054097
26/05/2020,-0.002624
27/05/2020,-0.0166082
28/05/2020,-0.0061102
29/05/2020,-0.0083728
02/06/2020,-0.0086565
03/06/2020,0.0025239
04/06/2020,-0.0025806
05/06/2020,0.0043454
08/06/2020,0.0147548
09/06/2020,0.006875
10/06/2020,0.0022578
11/06/2020,0.0042949
12/06/2020,0.0083556
15/06/2020,0.0055423
16/06/2020,0.0012841
17/06/2020,-0.0105162
18/06/2020,-0.0163121
19/06/2020,-0.0012584
22/06/2020,-0.0060658
24/06/2020,-0.0032468
25/06/2020,-0.0028543
26/06/2020,0.0003405
29/06/2020,0.0070114
30/06/2020,-0.0052075
01/07/2020,0.0028381
02/07/2020,-0.0010276
03/07/2020,0.0001698
06/07/2020,0.0016174
07/07/2020,0.0029764
08/07/2020,-0.0169935
09/07/2020,-0.0073996
10/07/2020,-0.0034342
13/07/2020,-0.000247
14/07/2020,-0.0037742
15/07/2020,0.0104647
16/07/2020,-0.0037384
17/07/2020,0.0015359
20/07/2020,0.0001411
21/07/2020,-0.0017715
22/07/2020,-0.0104413
23/07/2020,-0.0029783
24/07/2020,0.0031853
27/07/2020,-0.0066524
28/07/2020,0.0029354
29/07/2020,-0.037147
03/08/2020,-0.0075483
05/08/2020,-0.0181737
06/08/2020,-0.0017037
07/08/2020,-0.0006824
10/08/2020,0.0019035
11/08/2020,-0.016191
12/08/2020,0.0104747
14/08/2020,0.0028715
17/08/2020,-0.0029578
18/08/2020,-0.0051732
19/08/2020,0.0016637
21/08/2020,-0.0062222
24/08/2020,0.0140772
25/08/2020,-0.0030475
26/08/2020,0.0100236
27/08/2020,0.0059686
28/08/2020,0.0126681
31/08/2020,0.0006075
01/09/2020,0.0082617
02/09/2020,0.0140247
03/09/2020,0.0092688
04/09/2020,0.0014296
08/09/2020,-0.0023799
09/09/2020,0.0014524
10/09/2020,0.009943
11/09/2020,0.0020547
15/09/2020,-0.0008731
16/09/2020,-0.006175
17/09/2020,-0.0116634
18/09/2020,0.0015225
22/09/2020,-0.0047607
23/09/2020,0.0003915
24/09/2020,-0.0047269
25/09/2020,0.0084953
28/09/2020,0.0013957
29/09/2020,-0.0028253
30/09/2020,0.0039487
01/10/2020,0.0017476
02/10/2020,-0.0018125
05/10/2020,0.0004644
06/10/2020,-0.0056014
07/10/2020,-0.0035825
08/10/2020,-0.0024648
09/10/2020,0.0027099
13/10/2020,-0.0094481
14/10/2020,-0.0033092
15/10/2020,0.0005016
21/10/2020,-0.001524
22/10/2020,-0.0024343
23/10/2020,-0.0033126
26/10/2020,0.0000501
27/10/2020,-0.0007725
28/10/2020,-0.0001001
30/10/2020,-0.0089803
03/11/2020,-0.004529
05/11/2020,0.0082016
06/11/2020,-0.0003781
09/11/2020,-0.0032096
10/11/2020,0.0029154
12/11/2020,0.0065246
13/11/2020,0.0049973
16/11/2020,-0.0035491
17/11/2020,0.0023918
19/11/2020,-0.0023174
20/11/2020,0.0008292
23/11/2020,0.0005655
24/11/2020,0.002141
25/11/2020,-0.0001898
27/11/2020,-0.0182228
30/11/2020,0.0010686
01/12/2020,-0.0044188
02/12/2020,0.0050154
08/12/2020,-0.0013919
09/12/2020,-0.0030489
10/12/2020,0.0040369
11/12/2020,0.0067115
14/12/2020,0.0014367
15/12/2020,-0.0060906
16/12/2020,0.0052056
17/12/2020,0.0007572
18/12/2020,0.0002618
21/12/2020,0.0077057
22/12/2020,0.0006733
23/12/2020,0.0060906
24/12/2020,0.0089774
29/12/2020,0.004786
30/12/2020,0.0077038
31/12/2020,0.0082388
04/01/2021,0.0021544
05/01/2021,0.0029173
06/01/2021,-0.0046062
11/01/2021,-0.0021486
12/01/2021,0.0051813
13/01/2021,0.0044165
15/01/2021,-0.0007081
19/01/2021,-0.0133829
20/01/2021,-0.0066795
21/01/2021,0.0038829
22/01/2021,-0.0008793
26/01/2021,0.0034528
27/01/2021,0.0005455
29/01/2021,-0.003623
02/02/2021,-0.0003147
03/02/2021,-0.0009661
04/02/2021,-0.0009351
05/02/2021,-0.0026116
08/02/2021,0.0073576
09/02/2021,-0.0018744
10/02/2021,0.005125
11/02/2021,-0.0016718
16/02/2021,-0.0056143
17/02/2021,-0.002408
18/02/2021,0.0005546
19/02/2021,0.0067797
23/02/2021,0.0032864
24/02/2021,-0.0031743
25/02/2021,0.0100732
26/02/2021,0.0099678
01/03/2021,-0.0015097
02/03/2021,0.005105
03/03/2021,0.0063877
04/03/2021,0.0010281
05/03/2021,0.0023203
09/03/2021,-0.005702
10/03/2021,-0.0035443
15/03/2021,0.00173
16/03/2021,-0.0019069
17/03/2021,0.0038204
18/03/2021,0.0031867
19/03/2021,-0.0013542
22/03/2021,-0.001164
23/03/2021,-5.25E-06
24/03/2021,-0.0110221
25/03/2021,-0.001493
26/03/2021,-0.0022359
29/03/2021,-0.0265222
30/03/2021,-0.0035081
31/03/2021,-0.0001898
01/04/2021,0.0097175
06/04/2021,-0.0007191
07/04/2021,-0.0037479
08/04/2021,0.0004525
09/04/2021,0.0063291
12/04/2021,-0.0031571
14/04/2021,0.0030627
15/04/2021,0.0033736
16/04/2021,0.0050583
19/04/2021,-0.0020733
20/04/2021,-0.0027337
21/04/2021,0.0021801
22/04/2021,0.002048
23/04/2021,0.0033841
26/04/2021,0.0002279
27/04/2021,-0.0108066
29/04/2021,-0.0017648
30/04/2021,-0.0037379
04/05/2021,-0.0067277
05/05/2021,0.0087762
06/05/2021,-0.0001397
07/05/2021,0.0003705
10/05/2021,0.0021615
11/05/2021,-0.0019789
17/05/2021,-0.0022407
18/05/2021,-0.0089746
19/05/2021,-0.0022931
20/05/2021,0.0076036
21/05/2021,0.0035515
24/05/2021,0.0008225
25/05/2021,0.0018582
26/05/2021,0.000772
27/05/2021,-0.0008688
28/05/2021,-0.0008211
01/06/2021,0.0199537
04/06/2021,0.0047998
08/06/2021,0.0015216
09/06/2021,0.0031834
10/06/2021,0.0014882
11/06/2021,-0.002121
14/06/2021,0.0039878
15/06/2021,-0.0054221
16/06/2021,0.0011883
17/06/2021,-0.0015078
18/06/2021,-0.0038638
21/06/2021,0.0008097
22/06/2021,-0.0020199
23/06/2021,-0.0001211
24/06/2021,-0.0044236
25/06/2021,0.0046496
28/06/2021,0.010242
29/06/2021,0.0000153
30/06/2021,0.0045972
01/07/2021,-0.0003114
02/07/2021,0.000773
06/07/2021,0.0016317
07/07/2021,0.0040665
08/07/2021,0.0029192
09/07/2021,0.0032334
13/07/2021,0.0048652
14/07/2021,0.0010743
15/07/2021,0.0072966
16/07/2021,0.0012884
19/07/2021,0.0064135
22/07/2021,-0.0032134
23/07/2021,0.0014744
26/07/2021,0.0001664
27/07/2021,0.0006404
28/07/2021,-0.0027666
29/07/2021,0.004776
30/07/2021,-0.0066686
03/08/2021,-0.0011606
05/08/2021,0.0006938
06/08/2021,-0.000248
09/08/2021,0.0012755
11/08/2021,-0.0064864
12/08/2021,-0.0050941
16/08/2021,0.0061817
17/08/2021,0.0116034
18/08/2021,0.0022521
19/08/2021,0.0025005
20/08/2021,0.0049734
23/08/2021,0.0022793
24/08/2021,0.0051837
25/08/2021,0.0006003
26/08/2021,0.0032821
27/08/2021,-0.0021949
30/08/2021,-0.0011215
31/08/2021,-0.0055518
01/09/2021,0.0026541
02/09/2021,-0.0008593
03/09/2021,0.0004792
07/09/2021,0.0135498
08/09/2021,0.0065346
09/09/2021,-0.0020537
10/09/2021,0.0005913
14/09/2021,-0.0009851
15/09/2021,-0.0062108
16/09/2021,0.0025477
17/09/2021,0.0046921
20/09/2021,-0.0021658
22/09/2021,0.0018859
23/09/2021,0.0015211
24/09/2021,-0.0031424
27/09/2021,0.0076432
28/09/2021,-0.0036945
29/09/2021,-0.0086665
30/09/2021,0.0005026
01/10/2021,0.003396
05/10/2021,-0.0058513
06/10/2021,0.0011501
07/10/2021,-0.0079098
08/10/2021,-0.0046606
12/10/2021,-0.0057774
13/10/2021,-0.003686
14/10/2021,-0.000628
19/10/2021,-0.001565
21/10/2021,0.0008411
22/10/2021,-0.0002904
25/10/2021,-0.0079622
26/10/2021,0.0009093
27/10/2021,0.0042338
28/10/2021,0.0025897
29/10/2021,0.000525
03/11/2021,0.0050621
05/11/2021,-0.0037951
09/11/2021,-0.0005579
10/11/2021,-0.0008016
12/11/2021,-0.0069189
15/11/2021,-0.0012717
16/11/2021,-0.0034008
17/11/2021,-0.0056777
19/11/2021,0.001617
22/11/2021,-0.0093055
23/11/2021,0.0012517
24/11/2021,-0.0061355
26/11/2021,0.0103269
29/11/2021,0.0010281
30/11/2021,-0.0090327
01/12/2021,-0.002799
06/12/2021,-0.0093942
07/12/2021,0.0002522
08/12/2021,0.0044503
09/12/2021,0.0042729
10/12/2021,0.009613
14/12/2021,0.0036182
15/12/2021,0.0033813
16/12/2021,-0.0037785
20/12/2021,0.0060692
21/12/2021,0.0027723
22/12/2021,0.0008445
23/12/2021,0.0093598
24/12/2021,0.0062022
29/12/2021,0.0048766
30/12/2021,-0.0008798
31/12/2021,0.0026054
04/01/2022,0.0016751
05/01/2022,-0.0009232
06/01/2022,0.0021172
10/01/2022,-0.0040908
11/01/2022,-0.0040503
13/01/2022,-0.0055213
14/01/2022,0.0074811
19/01/2022,-0.0003123
20/01/2022,-0.0016046
21/01/2022,0.0031118
25/01/2022,-0.002686
26/01/2022,0.0008078
27/01/2022,-0.0020151
28/01/2022,-0.0020347
31/01/2022,0.0074377
04/02/2022,-0.0001578
07/02/2022,-0.0035305
08/02/2022,-0.0036645
09/02/2022,0.0009265
10/02/2022,0.0039411
11/02/2022,0.0003057
14/02/2022,0.003068
15/02/2022,-0.0036478
16/02/2022,0.0023541
17/02/2022,0.0014882
18/02/2022,0.0067434
22/02/2022,-0.0002456
23/02/2022,-0.0014625
24/02/2022,-0.0106778
25/02/2022,-0.0050316
02/03/2022,-0.0028033
03/03/2022,0.0091686
04/03/2022,0.0018673
08/03/2022,0.000598
09/03/2022,-0.0033379
10/03/2022,-0.0077624
11/03/2022,-0.0027528
14/03/2022,0.0009217
15/03/2022,0.000782
16/03/2022,-0.0015216
17/03/2022,-0.0020342
18/03/2022,-0.0003281
21/03/2022,0.0040498
22/03/2022,-0.0034318
23/03/2022,-0.0015426
24/03/2022,0.0010481
25/03/2022,0.0002689
28/03/2022,-0.007009
29/03/2022,0.0038342
30/03/2022,-0.0012512
31/03/2022,-0.0034003
01/04/2022,-0.0013385
04/04/2022,0.0030427
05/04/2022,0.0032544
06/04/2022,0.0008187
07/04/2022,-0.0008512
08/04/2022,-0.0026817
11/04/2022,-0.002212
12/04/2022,0.0057125
13/04/2022,0.0019417
14/04/2022,0.0061069
19/04/2022,-0.0080595
20/04/2022,-0.0001073
21/04/2022,0.0003228
22/04/2022,-0.0021663
25/04/2022,-0.0029335
26/04/2022,-0.0111041
27/04/2022,-0.0070658
04/05/2022,-0.0107875
05/05/2022,-0.0085697
06/05/2022,-0.0059915
09/05/2022,-0.0008831
10/05/2022,-0.0030832
11/05/2022,0.0033398
12/05/2022,-0.0117993
13/05/2022,0.0076585
16/05/2022,-0.0016327
17/05/2022,-0.0041819
18/05/2022,-0.0146484
19/05/2022,-0.0064173
20/05/2022,-0.0120363
23/05/2022,-0.0049272
24/05/2022,-0.0013947
25/05/2022,0.0042372
26/05/2022,0.000989
27/05/2022,0.0054183
31/05/2022,-0.0035672
02/06/2022,0.0023994
03/06/2022,0.0082641
09/06/2022,-0.011775
10/06/2022,-0.0040598
13/06/2022,-0.0048671
14/06/2022,-0.006741
15/06/2022,-0.0076261
16/06/2022,-0.009181
17/06/2022,-0.0017257
21/06/2022,-0.0184817
22/06/2022,-0.0103917
23/06/2022,-0.0072455
24/06/2022,0.002686
28/06/2022,-0.006146
29/06/2022,0.0138144
30/06/2022,0.0076051
01/07/2022,0.0061564
05/07/2022,0.013587
06/07/2022,0.0029497
07/07/2022,0.006886
08/07/2022,0.0182633
12/07/2022,-0.0035706
13/07/2022,-0.0001836
14/07/2022,0.0051422
15/07/2022,-0.0069833
18/07/2022,-0.0044737
19/07/2022,-0.0021515
20/07/2022,0.000042
21/07/2022,0.0021334
22/07/2022,0.0008893
26/07/2022,-0.012773
27/07/2022,0.0101213
28/07/2022,0.003294
29/07/2022,0.0115871
01/08/2022,-0.0025187
02/08/2022,0.0066543
03/08/2022,0.0038614
05/08/2022,0.00419
08/08/2022,0.0103483
10/08/2022,0.0172019
11/08/2022,0.0119576
12/08/2022,0.0018129
16/08/2022,-0.0049839
17/08/2022,0.0042815
18/08/2022,-0.0019374
19/08/2022,-0.0057502
22/08/2022,-0.0049186
23/08/2022,-0.009563
24/08/2022,0.0029325
25/08/2022,-0.0037885
26/08/2022,-0.0016851
29/08/2022,0.0007887
30/08/2022,-0.0002799
31/08/2022,0.0006571
02/09/2022,0.0025492
06/09/2022,0.0246234
07/09/2022,0
08/09/2022,-0.0083003
09/09/2022,-0.0027599
14/09/2022,0.0015149
15/09/2022,-0.0073004
16/09/2022,-0.0165401
19/09/2022,0.0035009
20/09/2022,-0.0028663
22/09/2022,-0.0006442
23/09/2022,0.0046325
26/09/2022,0.00071
27/09/2022,-0.013535
28/09/2022,0.0057788
29/09/2022,-0.009481
30/09/2022,0.0001574
03/10/2022,-0.0107994
04/10/2022,-0.0001531
05/10/2022,-0.0104728
06/10/2022,-0.0023284
07/10/2022,-0.0003519
11/10/2022,-0.005394
12/10/2022,0.008853
13/10/2022,-0.0045447
14/10/2022,0.0149741
18/10/2022,0.0060716
19/10/2022,0.0001521
21/10/2022,-0.0003986
25/10/2022,-0.0030951
26/10/2022,-0.0033593
27/10/2022,-0.0009332
28/10/2022,-0.0073647
31/10/2022,-0.0014
01/11/2022,0.0015545
03/11/2022,-0.0009503
09/11/2022,0.0028133
10/11/2022,-0.0011806
14/11/2022,-0.0068908
15/11/2022,0.0016651
16/11/2022,0.0040975
17/11/2022,-0.0037298
21/11/2022,-0.0031948
22/11/2022,-0.0114846
23/11/2022,0.0020642
25/11/2022,0.004921
28/11/2022,-0.0054078
29/11/2022,0.0009613
30/11/2022,-0.004375
05/12/2022,-0.0077877
06/12/2022,0.0012207
08/12/2022,0.001328
09/12/2022,0.002244
13/12/2022,-0.0026093
14/12/2022,0.0013695
15/12/2022,0.0072346
16/12/2022,-0.0020847
19/12/2022,0.0018134
20/12/2022,-0.0003929
21/12/2022,0.0006824
22/12/2022,-0.0009842
23/12/2022,0.0052137
28/12/2022,0.0029893
29/12/2022,-0.0016193
30/12/2022,0.0062599
04/01/2023,0.006135
05/01/2023,0.0081353
06/01/2023,0.0034366
10/01/2023,-0.0031381
11/01/2023,0.0015941
12/01/2023,-0.0015941
13/01/2023,-0.0059519
17/01/2023,-0.0036402
18/01/2023,-0.005682
19/01/2023,0.0018382
20/01/2023,0.0005703
24/01/2023,-0.0103431
25/01/2023,-0.0002508
26/01/2023,-0.0055075
30/01/2023,-0.0049157
31/01/2023,-0.0052419
02/02/2023,0.0012851
03/02/2023,0.0034976
06/02/2023,0.0045266
07/02/2023,-0.0000777
08/02/2023,0.0042267
09/02/2023,-0.0016217
10/02/2023,-0.0024257
13/02/2023,0.0054283
14/02/2023,-0.0053921
15/02/2023,0.0031648
16/02/2023,-0.0004473
17/02/2023,0.0024009
21/02/2023,-0.0040069
22/02/2023,-0.0061064
23/02/2023,-0.0063257
24/02/2023,0.0012336
28/02/2023,-0.0012016
01/03/2023,-0.0051084
02/03/2023,-0.0033021
03/03/2023,0.0008082
07/03/2023,-0.009449
08/03/2023,-0.0147266
09/03/2023,0.0064068
10/03/2023,-0.0046582
13/03/2023,-0.0064931
14/03/2023,-0.0053396
15/03/2023,0.0006795
16/03/2023,-0.0193872
17/03/2023,-0.0193453
21/03/2023,-0.0023623
23/03/2023,0.0113611
24/03/2023,0.0033879
29/03/2023,0.0184155
30/03/2023,0.0081329
