DATE,Mexc
05/01/2010,0.0065575
06/01/2010,-0.0115039
07/01/2010,0
08/01/2010,-0.0033112
11/01/2010,-0.0116765
12/01/2010,0.0016766
13/01/2010,-0.0016766
14/01/2010,0.0066891
15/01/2010,-0.0050125
19/01/2010,-0.0016766
20/01/2010,0.0016766
21/01/2010,0
22/01/2010,0.0033445
25/01/2010,0.001668
26/01/2010,-0.0033391
27/01/2010,0.0033391
28/01/2010,-0.0033391
29/01/2010,-0.0050292
02/02/2010,0.0116961
03/02/2010,-0.0033278
04/02/2010,0.0033278
05/02/2010,0.0066223
08/02/2010,0.00033
09/02/2010,0.002965
10/02/2010,0.0032842
11/02/2010,-0.0032842
12/02/2010,0.0032842
16/02/2010,0.0032732
17/02/2010,0
18/02/2010,0.0016327
19/02/2010,0.0161815
22/02/2010,-0.0112996
23/02/2010,0
24/02/2010,0.0112996
25/02/2010,-0.0096774
01/03/2010,0.0032573
02/03/2010,-0.0081632
03/03/2010,0.0016379
04/03/2010,-0.0032787
05/03/2010,0.004914
09/03/2010,-0.0146701
10/03/2010,0.0032787
11/03/2010,0.0048981
15/03/2010,0
17/03/2010,-0.0147667
18/03/2010,0.0082307
19/03/2010,-0.0049303
22/03/2010,0.0032895
23/03/2010,-0.0032895
24/03/2010,0.0032895
25/03/2010,0.0130508
26/03/2010,-0.004874
29/03/2010,0.0032518
30/03/2010,-0.0016246
31/03/2010,-0.0032573
01/04/2010,-0.0098362
06/04/2010,0.0081103
07/04/2010,-0.0064831
08/04/2010,0.0080972
12/04/2010,-0.0048661
13/04/2010,0
14/04/2010,-0.0032573
15/04/2010,0.0097404
16/04/2010,-0.0064831
19/04/2010,0
20/04/2010,0.0080972
21/04/2010,-0.0113544
22/04/2010,0
23/04/2010,0.0032573
26/04/2010,-0.009804
27/04/2010,0.0162871
28/04/2010,0.0032258
29/04/2010,0
30/04/2010,0
04/05/2010,0.0016193
05/05/2010,0.0048428
07/05/2010,0.0096154
10/05/2010,0.0126784
11/05/2010,-0.0094936
12/05/2010,0.020457
13/05/2010,0.004662
14/05/2010,-0.0062211
17/05/2010,0.021606
18/05/2010,0.0091186
19/05/2010,0.0105343
20/05/2010,0.0251307
21/05/2010,-0.0058565
24/05/2010,-0.0088496
26/05/2010,-0.0014696
27/05/2010,0.0073261
28/05/2010,-0.0206499
02/06/2010,-0.0015004
03/06/2010,-0.0075357
04/06/2010,0
07/06/2010,0.0120301
08/06/2010,-0.0044944
09/06/2010,-0.010566
10/06/2010,-0.0045629
11/06/2010,-0.0015254
14/06/2010,-0.007663
15/06/2010,0.0091884
16/06/2010,-0.0045836
17/06/2010,-0.0039895
18/06/2010,0.0070477
21/06/2010,-0.0092025
22/06/2010,0.0030768
23/06/2010,-0.0123649
24/06/2010,0.0031056
25/06/2010,0.0123267
28/06/2010,-0.0030675
29/06/2010,-0.0186052
30/06/2010,-0.0031347
02/07/2010,0
06/07/2010,-0.0094936
07/07/2010,-0.0015912
08/07/2010,-0.0079937
09/07/2010,0
12/07/2010,0.0016038
13/07/2010,-0.0016038
14/07/2010,0
15/07/2010,0
16/07/2010,-0.0016062
19/07/2010,-0.0080712
20/07/2010,-0.0016222
21/07/2010,0.0112996
22/07/2010,-0.0129242
23/07/2010,-0.0032573
26/07/2010,-0.0065467
27/07/2010,0
28/07/2010,-0.0132234
29/07/2010,0.0066335
30/07/2010,0.0065899
02/08/2010,-0.0165565
03/08/2010,-0.0067003
05/08/2010,-0.0033445
06/08/2010,0
09/08/2010,-0.0033557
10/08/2010,-0.0067456
11/08/2010,0.0134459
12/08/2010,0.013267
16/08/2010,0.0198352
17/08/2010,0
18/08/2010,0
19/08/2010,-0.0032787
20/08/2010,0.0065467
23/08/2010,0.0032573
24/08/2010,0.0129242
25/08/2010,-0.004827
26/08/2010,0
30/08/2010,-0.0016141
31/08/2010,-0.001617
01/09/2010,-0.0016193
02/09/2010,-0.0016222
03/09/2010,-0.0016246
07/09/2010,0.0016246
08/09/2010,0.0032415
13/09/2010,0.014528
14/09/2010,0
15/09/2010,-0.0064309
16/09/2010,-0.003231
17/09/2010,0
20/09/2010,0
22/09/2010,-0.004874
23/09/2010,-0.006536
24/09/2010,-0.0032842
27/09/2010,-0.0066006
28/09/2010,0
29/09/2010,0
30/09/2010,-0.0066445
01/10/2010,-0.0033391
04/10/2010,0
05/10/2010,0
06/10/2010,-0.0016735
07/10/2010,-0.0016766
08/10/2010,-0.0033612
12/10/2010,0.0067112
13/10/2010,0
14/10/2010,0
15/10/2010,0
18/10/2010,-0.0151644
19/10/2010,0.0101352
21/10/2010,-0.0033612
22/10/2010,0
25/10/2010,0
26/10/2010,0
27/10/2010,0.0033612
28/10/2010,-0.0050464
29/10/2010,-0.0050716
01/11/2010,0.0033841
03/11/2010,-0.0050805
04/11/2010,0
08/11/2010,-0.0074985
09/11/2010,0.000684
10/11/2010,0.0135825
12/11/2010,0
15/11/2010,0.0216856
19/11/2010,-0.0016596
22/11/2010,0
23/11/2010,-0.0033278
24/11/2010,0.0082986
26/11/2010,0.0016515
29/11/2010,0.0065792
30/11/2010,0
01/12/2010,0.006536
02/12/2010,0
08/12/2010,0.0147667
09/12/2010,0
10/12/2010,0
14/12/2010,0
15/12/2010,0.0016515
16/12/2010,-0.0016515
17/12/2010,0
20/12/2010,0.0121574
21/12/2010,-0.0039268
22/12/2010,0.0016379
23/12/2010,0.0146224
24/12/2010,-0.0129871
29/12/2010,-0.0016434
30/12/2010,0
31/12/2010,-0.0032949
04/01/2011,0.0016489
05/01/2011,-0.0016489
06/01/2011,0.0049384
07/01/2011,0.0032787
31/01/2011,-0.005115
02/02/2011,0.005115
04/02/2011,0
07/02/2011,0
08/02/2011,-0.003407
09/02/2011,0.0017049
10/02/2011,0.0017021
11/02/2011,-0.0017021
14/02/2011,0.008482
16/02/2011,0.0016909
17/02/2011,-0.0033841
18/02/2011,-0.0016963
22/02/2011,0.0016963
23/02/2011,-0.0050979
24/02/2011,-0.0017049
25/02/2011,-0.0034189
08/03/2011,-0.0017316
09/03/2011,0.0051858
10/03/2011,-0.0069203
11/03/2011,0.0103629
14/03/2011,-0.0103629
15/03/2011,-0.0017376
16/03/2011,-0.0017407
17/03/2011,-0.0034904
22/03/2011,-0.0035026
23/03/2011,-0.003515
24/03/2011,-0.0017619
25/03/2011,0.0087795
28/03/2011,-0.0070176
29/03/2011,0
30/03/2011,0
31/03/2011,0
01/04/2011,-0.007067
05/04/2011,0.0017715
06/04/2011,-0.0017715
07/04/2011,-0.0035524
08/04/2011,-0.0035651
11/04/2011,-0.0035779
12/04/2011,-0.0017936
13/04/2011,-0.001797
14/04/2011,-0.0054104
15/04/2011,0.0018067
18/04/2011,0
19/04/2011,0.0071943
20/04/2011,-0.009001
21/04/2011,-0.003623
26/04/2011,0
27/04/2011,0
28/04/2011,0
29/04/2011,-0.012809
03/05/2011,0.0036697
04/05/2011,0.0018299
05/05/2011,-0.0018299
06/05/2011,0.0072994
09/05/2011,0.0036297
10/05/2011,0.0140314
11/05/2011,-0.0140314
12/05/2011,0.0179539
13/05/2011,0.0035524
16/05/2011,0.0035398
17/05/2011,0
18/05/2011,0
19/05/2011,-0.0035398
20/05/2011,-0.0071175
23/05/2011,0.0106573
24/05/2011,0.0035272
26/05/2011,-0.0234809
27/05/2011,0.010582
31/05/2011,0
02/06/2011,-0.007143
03/06/2011,-0.0035906
07/06/2011,0
08/06/2011,0.0119069
09/06/2011,-0.0028734
10/06/2011,-0.0018003
13/06/2011,0.0089688
14/06/2011,0
15/06/2011,0.0053427
16/06/2011,-0.0017776
17/06/2011,0.0070922
20/06/2011,0.0105448
21/06/2011,-0.0035026
22/06/2011,-0.010582
23/06/2011,0.010582
24/06/2011,0.0035026
27/06/2011,-0.0105448
28/06/2011,0.0105448
29/06/2011,-0.0212021
30/06/2011,0.0124226
05/07/2011,-0.001781
06/07/2011,0.001781
07/07/2011,0.0035524
08/07/2011,-0.0039084
12/07/2011,0.014286
13/07/2011,0.010582
14/07/2011,-0.0070422
15/07/2011,-0.0035398
18/07/2011,0.007067
19/07/2011,-0.0035272
20/07/2011,-0.0017684
21/07/2011,-0.0039015
22/07/2011,0.0017753
26/07/2011,-0.0035779
27/07/2011,0.007143
28/07/2011,-0.007143
29/07/2011,0.005362
02/08/2011,0
03/08/2011,0.001781
04/08/2011,0
05/08/2011,0
08/08/2011,0.0014224
10/08/2011,0.001781
11/08/2011,0
12/08/2011,-0.0035651
15/08/2011,0.0035651
16/08/2011,-0.0125339
17/08/2011,0.0018003
18/08/2011,0
19/08/2011,0.0053811
24/08/2011,0
26/08/2011,0
29/08/2011,0
06/09/2011,0.0230711
07/09/2011,-0.010582
08/09/2011,-0.0017748
09/09/2011,0.0053146
13/09/2011,-0.0228682
14/09/2011,0.0280719
15/09/2011,0
16/09/2011,-0.0069444
19/09/2011,0.0103986
20/09/2011,-0.0103986
22/09/2011,0.0102918
23/09/2011,-0.0068493
26/09/2011,0.0136521
27/09/2011,-0.0170946
28/09/2011,0.0034425
29/09/2011,-0.0034425
30/09/2011,0
03/10/2011,0
04/10/2011,0.0136988
05/10/2011,0
06/10/2011,-0.0068259
07/10/2011,0
11/10/2011,-0.0051501
14/10/2011,-0.0068967
19/10/2011,-0.0034542
21/10/2011,-0.0051591
24/10/2011,0.0034425
27/10/2011,-0.0034661
28/10/2011,-0.0034783
31/10/2011,0.0069444
03/11/2011,0.0034542
04/11/2011,0
08/11/2011,-0.0069203
09/11/2011,0.0069203
10/11/2011,0.0017228
14/11/2011,0.0017197
15/11/2011,0.0017166
16/11/2011,0
17/11/2011,0.0017138
21/11/2011,-0.0027435
22/11/2011,0
23/11/2011,0.0017157
25/11/2011,0.0044467
28/11/2011,-0.001708
30/11/2011,-0.006861
05/12/2011,-0.0017138
06/12/2011,0.0085397
07/12/2011,-0.003407
08/12/2011,-0.0034189
09/12/2011,0.0034189
13/12/2011,0
14/12/2011,0.0017021
15/12/2011,0.0033958
16/12/2011,-0.0033958
19/12/2011,-0.0136988
20/12/2011,0.0153983
21/12/2011,-0.0034015
22/12/2011,0
23/12/2011,0
28/12/2011,-0.0068145
30/12/2011,0.003407
03/01/2012,0
04/01/2012,-0.003407
05/01/2012,0.0101869
06/01/2012,0
10/01/2012,-0.0033841
11/01/2012,0.0016932
12/01/2012,0.0016909
13/01/2012,-0.0050805
17/01/2012,0.0084531
18/01/2012,-0.0238514
19/01/2012,0.0170946
20/01/2012,-0.0033958
24/01/2012,-0.0017021
25/01/2012,0.0006814
26/01/2012,-0.0023863
27/01/2012,-0.001708
30/01/2012,-0.0017109
31/01/2012,0.0034189
02/02/2012,-0.0102918
03/02/2012,0.0051591
06/02/2012,0.0034246
08/02/2012,-0.0072052
09/02/2012,0.002064
10/02/2012,-0.0017197
13/02/2012,-0.0017228
14/02/2012,0.0034425
15/02/2012,0.0017166
16/02/2012,-0.0017166
17/02/2012,0.0068493
21/02/2012,-0.008569
22/02/2012,0
23/02/2012,-0.0034482
24/02/2012,0
28/02/2012,0.0017254
29/02/2012,-0.0017254
01/03/2012,0.0034482
02/03/2012,-0.0017228
05/03/2012,0.0034425
07/03/2012,0
08/03/2012,0
09/03/2012,-0.008569
13/03/2012,0.006861
14/03/2012,0.001708
15/03/2012,-0.001708
16/03/2012,-0.0034246
19/03/2012,0
21/03/2012,0
22/03/2012,0.0017166
26/03/2012,-0.0006864
27/03/2012,-0.0010302
28/03/2012,-0.002753
29/03/2012,-0.0024149
30/03/2012,0.0017254
02/04/2012,-0.0017254
03/04/2012,0
04/04/2012,0.005168
05/04/2012,0.0017166
10/04/2012,0.0017166
11/04/2012,0.0017138
12/04/2012,-0.003413
13/04/2012,-0.0051413
16/04/2012,0.0017166
17/04/2012,0.0034246
18/04/2012,0.001708
19/04/2012,0
20/04/2012,0
23/04/2012,0
24/04/2012,0.0017049
25/04/2012,-0.0017049
26/04/2012,-0.0068493
27/04/2012,-0.0034425
30/04/2012,0.0034425
02/05/2012,-0.005168
03/05/2012,0.0034482
04/05/2012,0
07/05/2012,0
08/05/2012,0.0034363
09/05/2012,0.0034246
10/05/2012,-0.0017109
11/05/2012,0.0017109
14/05/2012,0.003413
15/05/2012,0
16/05/2012,0.0017021
17/05/2012,0
18/05/2012,0.0016994
21/05/2012,0.0033896
22/05/2012,0.0003386
23/05/2012,0.0030398
24/05/2012,0.0003374
29/05/2012,0.0013478
30/05/2012,0.0050378
31/05/2012,0.0016735
05/06/2012,0
06/06/2012,0
07/06/2012,0
08/06/2012,-0.0016735
11/06/2012,0.0083404
12/06/2012,0.0033166
13/06/2012,0
15/06/2012,-0.0081902
18/06/2012,0.0049222
19/06/2012,0.003268
20/06/2012,0.0145752
21/06/2012,-0.0096934
22/06/2012,0.0016222
25/06/2012,-0.0130508
26/06/2012,0.0179012
27/06/2012,0.0016117
28/06/2012,-0.0016117
29/06/2012,0.0032208
03/07/2012,0.0016141
05/07/2012,-0.0179012
06/07/2012,0.0195129
09/07/2012,0.0064206
10/07/2012,-0.0259335
12/07/2012,0.0016062
13/07/2012,0.0032053
16/07/2012,0.0047884
17/07/2012,-0.0031898
18/07/2012,-0.0080192
19/07/2012,-0.0016117
20/07/2012,0.0016117
24/07/2012,0
26/07/2012,-0.0032153
27/07/2012,0
30/07/2012,0.0016091
31/07/2012,-0.0080712
01/08/2012,-0.0016222
02/08/2012,0.0084062
03/08/2012,-0.0019336
07/08/2012,-0.0016408
08/08/2012,0.0016408
09/08/2012,0.0081632
14/08/2012,-0.0032573
16/08/2012,0.0016301
17/08/2012,-0.0016301
21/08/2012,-0.0016327
22/08/2012,-0.0065575
23/08/2012,0
24/08/2012,-0.0032949
27/08/2012,0
28/08/2012,0.0065792
29/08/2012,-0.0006561
30/08/2012,0.0016391
31/08/2012,0.0016365
04/09/2012,-0.0072203
05/09/2012,0.0032883
06/09/2012,0.0016403
07/09/2012,0.0013101
11/09/2012,-0.0065682
12/09/2012,0
13/09/2012,0
14/09/2012,0
17/09/2012,-0.0033004
18/09/2012,0.0016515
19/09/2012,0
24/09/2012,0.0049465
25/09/2012,0.0016434
26/09/2012,0.004914
27/09/2012,0.0016327
28/09/2012,0.0009782
01/10/2012,0.0006518
02/10/2012,0.0016272
03/10/2012,-0.0016272
04/10/2012,0
05/10/2012,0.0016272
09/10/2012,0.0016246
10/10/2012,0.0016222
11/10/2012,0.0048504
12/10/2012,-0.0064726
16/10/2012,0.0006437
17/10/2012,0.0022497
18/10/2012,0.0003211
19/10/2012,-0.0003211
22/10/2012,0.0009627
23/10/2012,-0.0006416
24/10/2012,0.0016031
25/10/2012,0.001601
29/10/2012,0
30/10/2012,-0.0064206
01/11/2012,0.00194
05/11/2012,0
06/11/2012,0.0061181
07/11/2012,-0.0032153
08/11/2012,0.0003219
09/11/2012,0.0016086
14/11/2012,0.0012848
20/11/2012,-0.0019336
21/11/2012,-0.0016141
23/11/2012,0
26/11/2012,-0.001617
27/11/2012,0
28/11/2012,0.003231
30/11/2012,-0.003231
03/12/2012,-0.0016193
04/12/2012,-0.0016222
05/12/2012,0.0016222
06/12/2012,0
10/12/2012,0
11/12/2012,0
13/12/2012,-0.0016232
14/12/2012,-0.0016258
17/12/2012,0
18/12/2012,0
19/12/2012,-0.0026066
20/12/2012,0
21/12/2012,-0.0016327
27/12/2012,-0.0049059
28/12/2012,0.0049059
31/12/2012,-0.0049059
03/01/2013,0.0049059
04/01/2013,0.0032573
07/01/2013,0.0016246
09/01/2013,-0.0016301
10/01/2013,0.0016301
11/01/2013,-0.0032628
15/01/2013,0
16/01/2013,0
17/01/2013,0
18/01/2013,-0.0016379
22/01/2013,0.0016379
23/01/2013,0.003268
25/01/2013,-0.003268
29/01/2013,-0.0016353
30/01/2013,-0.0016379
31/01/2013,-0.0016408
04/02/2013,-0.0016434
05/02/2013,0
06/02/2013,0.0016434
07/02/2013,0
08/02/2013,0.0032787
11/02/2013,-0.0016379
12/02/2013,0.0016379
13/02/2013,0
14/02/2013,0.0016353
15/02/2013,0.0016327
19/02/2013,0
20/02/2013,0
22/02/2013,0.0016272
27/02/2013,0.0016141
28/02/2013,-0.0016141
01/03/2013,0
05/03/2013,0.0032258
07/03/2013,0.0032208
08/03/2013,-0.0032208
11/03/2013,-0.0016141
13/03/2013,0
14/03/2013,0.0025814
15/03/2013,0
18/03/2013,0.0022535
19/03/2013,0.0016062
21/03/2013,-0.0210533
22/03/2013,0.0178432
25/03/2013,-0.0178432
26/03/2013,0.0194495
27/03/2013,0.0016038
28/03/2013,0
02/04/2013,0
03/04/2013,0
04/04/2013,0
05/04/2013,-0.0016038
08/04/2013,0
10/04/2013,-0.0016091
12/04/2013,0.0016091
15/04/2013,-0.0022535
16/04/2013,0.0022535
17/04/2013,-0.0032208
18/04/2013,0.0025773
19/04/2013,-0.0025773
22/04/2013,0.0016117
23/04/2013,0
24/04/2013,0
25/04/2013,0
26/04/2013,0
29/04/2013,0
30/04/2013,0
02/05/2013,-0.0064621
03/05/2013,0.0016193
06/05/2013,0.001617
07/05/2013,0.0016141
08/05/2013,-0.0016141
09/05/2013,-0.001617
10/05/2013,0
13/05/2013,0.0080581
14/05/2013,0
15/05/2013,0
16/05/2013,0.0032053
17/05/2013,0
20/05/2013,0
21/05/2013,-0.0016015
22/05/2013,-0.0016038
23/05/2013,0.0048039
24/05/2013,-0.0032001
04/06/2013,0.0016062
05/06/2013,0
06/06/2013,-0.0016062
07/06/2013,0
10/06/2013,-0.0032208
11/06/2013,-0.0016141
12/06/2013,-0.0032363
13/06/2013,-0.0081367
14/06/2013,0.00489
17/06/2013,0
18/06/2013,0
19/06/2013,0
20/06/2013,0.0064831
21/06/2013,0
24/06/2013,0.0016141
25/06/2013,0
26/06/2013,0.0016117
28/06/2013,0
02/07/2013,-0.0016117
03/07/2013,0
05/07/2013,0.0032208
08/07/2013,0.0048115
09/07/2013,0
10/07/2013,0
12/07/2013,-0.0016091
15/07/2013,0.0032153
16/07/2013,-0.0006423
17/07/2013,-0.0041847
18/07/2013,0.004827
19/07/2013,-0.0064411
22/07/2013,0.0016141
23/07/2013,0
24/07/2013,0.0041847
26/07/2013,0
29/07/2013,-0.0016246
30/07/2013,0
31/07/2013,0.0032468
01/08/2013,-0.0016222
02/08/2013,0.0048585
05/08/2013,-0.0032363
06/08/2013,0
07/08/2013,0
12/08/2013,-0.0016222
15/08/2013,0
16/08/2013,-0.004874
19/08/2013,0.0032518
20/08/2013,-0.0048819
21/08/2013,-0.0016327
22/08/2013,0.00489
23/08/2013,0
26/08/2013,0
27/08/2013,0
28/08/2013,0
29/08/2013,0
30/08/2013,-0.0016272
03/09/2013,0.005846
04/09/2013,0
05/09/2013,0.0006473
06/09/2013,0
11/09/2013,0
12/09/2013,-0.003231
13/09/2013,0
16/09/2013,0
17/09/2013,0
18/09/2013,0
19/09/2013,-0.0081234
20/09/2013,0
24/09/2013,0
25/09/2013,0
26/09/2013,-0.0065575
27/09/2013,0.0032842
30/09/2013,-0.0032842
02/10/2013,-0.0016434
03/10/2013,-0.0082576
07/10/2013,0.0033112
09/10/2013,0
10/10/2013,0.0049303
14/10/2013,0
18/10/2013,-0.003612
23/10/2013,-0.0099173
24/10/2013,0
25/10/2013,-0.0033278
28/10/2013,0
29/10/2013,0
30/10/2013,0
31/10/2013,0.0033278
06/11/2013,-0.0130293
07/11/2013,0.0081632
08/11/2013,-0.0065253
12/11/2013,0
13/11/2013,0
14/11/2013,-0.0032787
15/11/2013,0.0016408
19/11/2013,0
20/11/2013,-0.0016379
21/11/2013,0
22/11/2013,0
25/11/2013,-0.0016408
26/11/2013,0
27/11/2013,-0.0032895
29/11/2013,0.001646
02/12/2013,-0.000329
03/12/2013,-0.0009875
04/12/2013,-0.0003295
09/12/2013,0
10/12/2013,0.0013216
11/12/2013,-0.0029757
16/12/2013,0.0003326
17/12/2013,0.0006654
18/12/2013,0.0059681
19/12/2013,0
20/12/2013,0.0019815
23/12/2013,0.00033
24/12/2013,-0.00033
27/12/2013,0.0013189
30/12/2013,-0.0033004
31/12/2013,0.0003307
03/01/2014,0.0006607
06/01/2014,0.0019796
07/01/2014,-0.0003297
15/01/2014,0
16/01/2014,0.000994
21/01/2014,0.0033057
22/01/2014,0.0016489
23/01/2014,-0.0046234
24/01/2014,-0.0003312
28/01/2014,0.0009961
29/01/2014,0
30/01/2014,0.0072751
03/02/2014,-0.0049546
04/02/2014,0.008244
05/02/2014,-0.0016434
07/02/2014,-0.0066006
10/02/2014,0.0003312
11/02/2014,-0.0003312
12/02/2014,0.0006621
14/02/2014,0.0003312
18/02/2014,0.0003309
19/02/2014,-0.0036466
20/02/2014,0.0003321
21/02/2014,-0.0003321
25/02/2014,0.0006642
26/02/2014,-0.0003321
27/02/2014,-0.0003321
03/03/2014,0
04/03/2014,0
07/03/2014,0.0003321
10/03/2014,0
11/03/2014,-0.0039921
13/03/2014,0.0016651
14/03/2014,0
17/03/2014,-0.0016651
18/03/2014,0.0003333
21/03/2014,0.0026615
24/03/2014,0.0009961
25/03/2014,-0.0003319
26/03/2014,0.0003319
27/03/2014,-0.0003319
28/03/2014,-0.0019941
01/04/2014,0.001662
02/04/2014,0.0003321
03/04/2014,-0.0006642
04/04/2014,0.0006642
07/04/2014,-0.0006642
08/04/2014,0.0016596
10/04/2014,0.0009966
11/04/2014,0.0006638
14/04/2014,-0.0009959
15/04/2014,0.0069501
16/04/2014,0.000989
17/04/2014,-0.0016489
22/04/2014,-0.0056226
23/04/2014,0.0069411
24/04/2014,-0.0039604
25/04/2014,0
28/04/2014,-0.0076349
29/04/2014,0
30/04/2014,0.0006661
02/05/2014,0.0082905
05/05/2014,-0.0089567
06/05/2014,0.0016646
07/05/2014,0.0003326
08/05/2014,-0.0006654
09/05/2014,0.0003328
12/05/2014,-0.0003328
13/05/2014,0.0079551
14/05/2014,-0.0009909
15/05/2014,0.0003304
16/05/2014,0.0016503
19/05/2014,-0.0023115
20/05/2014,-0.0033112
21/05/2014,0.0118697
22/05/2014,-0.0131972
23/05/2014,0.0019906
27/05/2014,0.0003314
28/05/2014,0.0026474
29/05/2014,-0.0026474
30/05/2014,0.0013247
03/06/2014,-0.0016561
04/06/2014,0.0019867
05/06/2014,0
06/06/2014,0.0003309
09/06/2014,0.0003304
10/06/2014,0.0026412
11/06/2014,-0.0023105
12/06/2014,0.0062592
13/06/2014,-0.0065899
16/06/2014,0.0009913
17/06/2014,-0.0006607
18/06/2014,0
19/06/2014,0.0003304
20/06/2014,-0.0023153
23/06/2014,0.0006621
24/06/2014,0.0009921
25/06/2014,-0.0003304
26/06/2014,0
27/06/2014,0.001982
30/06/2014,-0.0023129
02/07/2014,0.0003307
03/07/2014,-0.0003307
07/07/2014,0.0016515
08/07/2014,-0.0016515
09/07/2014,0.0016515
10/07/2014,-0.001982
14/07/2014,0.0016541
15/07/2014,0.0003307
16/07/2014,0.0029697
17/07/2014,0.000988
18/07/2014,0
21/07/2014,-0.0032971
22/07/2014,0.0039551
23/07/2014,0.0026281
24/07/2014,-0.0026281
31/07/2014,-0.0026238
01/08/2014,0
04/08/2014,0.0016408
05/08/2014,0
06/08/2014,0.0029464
07/08/2014,-0.0013084
08/08/2014,0.0016353
11/08/2014,-0.0016353
12/08/2014,0.003268
14/08/2014,0
18/08/2014,-0.0003269
19/08/2014,0
20/08/2014,0.0029368
21/08/2014,-0.0003259
22/08/2014,-0.0009782
25/08/2014,0.0065041
26/08/2014,0.0016193
27/08/2014,0
28/08/2014,-0.0016193
29/08/2014,0.0016193
02/09/2014,0.00194
03/09/2014,0.001291
04/09/2014,-0.0006454
05/09/2014,0.0070763
09/09/2014,-0.0080323
10/09/2014,0.0041847
11/09/2014,0.0038476
12/09/2014,0.0025566
15/09/2014,0.0107939
16/09/2014,-0.0184836
17/09/2014,-0.0003219
18/09/2014,0.0092876
19/09/2014,-0.002234
23/09/2014,-0.0003195
24/09/2014,-0.0015986
25/09/2014,0.0015986
26/09/2014,0.0019152
29/09/2014,0.0006375
30/09/2014,0.0009556
01/10/2014,-0.0006371
02/10/2014,0.0034983
03/10/2014,-0.0015886
07/10/2014,0.004781
08/10/2014,0.0009534
09/10/2014,-0.0031817
10/10/2014,0.0022283
14/10/2014,-0.0006361
16/10/2014,0
17/10/2014,0.0047779
21/10/2014,-0.00512
22/10/2014,0.0041621
27/10/2014,-0.0015986
28/10/2014,0.00032
29/10/2014,0.0015981
30/10/2014,0.0019145
31/10/2014,0.0003188
03/11/2014,0.0038168
04/11/2014,-0.0031798
05/11/2014,-0.0009558
06/11/2014,0.002547
07/11/2014,0.0022233
10/11/2014,-0.0006347
12/11/2014,0.001586
13/11/2014,0.0015836
14/11/2014,0.0031595
17/11/2014,-0.0041094
19/11/2014,0
20/11/2014,0
21/11/2014,0
24/11/2014,0
25/11/2014,-0.0047581
26/11/2014,0.0006356
28/11/2014,0.000953
01/12/2014,0.0025363
02/12/2014,0.0063133
03/12/2014,-0.0003147
08/12/2014,0
09/12/2014,-0.0015786
11/12/2014,0.0012631
15/12/2014,0.0003159
16/12/2014,-0.001581
17/12/2014,-0.0019007
18/12/2014,-0.0006342
19/12/2014,0.0012681
22/12/2014,-0.0019028
23/12/2014,-0.0012708
24/12/2014,0
29/12/2014,0.0009518
30/12/2014,0.0015845
31/12/2014,0.0025301
05/01/2015,0.0053551
06/01/2015,0.0006282
07/01/2015,0.0046985
09/01/2015,-0.0046766
12/01/2015,0.0015612
13/01/2015,0.001559
15/01/2015,0.0006223
16/01/2015,0.0062015
20/01/2015,0
21/01/2015,0
22/01/2015,0.0030866
23/01/2015,0.0107279
27/01/2015,-0.0009129
28/01/2015,-0.0076394
29/01/2015,0.0015326
30/01/2015,0
02/02/2015,0.0021417
05/02/2015,0.00213
06/02/2015,0.0015185
09/02/2015,0.0045419
10/02/2015,0
11/02/2015,0
12/02/2015,0.0060241
13/02/2015,0.0015004
18/02/2015,-0.0051103
20/02/2015,0.0081043
24/02/2015,-0.0045283
25/02/2015,0.0084364
27/02/2015,0.0086582
02/03/2015,0.0032647
03/03/2015,0.0029585
04/03/2015,0.00295
05/03/2015,0.0108392
09/03/2015,0.0123689
10/03/2015,0.0057013
11/03/2015,0.0051036
13/03/2015,0.0193255
16/03/2015,0.0082874
17/03/2015,-0.0005503
18/03/2015,0.0041201
19/03/2015,0.0019171
23/03/2015,0.0013652
24/03/2015,0.0013633
25/03/2015,-0.0054646
26/03/2015,-0.0068729
27/03/2015,0.0068729
30/03/2015,0
31/03/2015,0.001369
01/04/2015,-0.001369
02/04/2015,-0.0096352
07/04/2015,-0.0019355
08/04/2015,-0.0036047
10/04/2015,0.0011022
13/04/2015,-0.0030341
14/04/2015,0.0013802
15/04/2015,0.0013783
16/04/2015,-0.0035877
17/04/2015,-0.0005529
20/04/2015,-0.004158
21/04/2015,0.0013878
22/04/2015,-0.000555
23/04/2015,-0.0008328
24/04/2015,0
27/04/2015,-0.0055711
28/04/2015,-0.0056024
29/04/2015,-0.0104475
30/04/2015,-0.0209386
04/05/2015,0
05/05/2015,0.0143888
06/05/2015,0
07/05/2015,-0.004869
08/05/2015,0.0020077
11/05/2015,0.0071378
12/05/2015,-0.0037053
13/05/2015,-0.0005713
14/05/2015,-0.0086083
15/05/2015,-0.0028863
18/05/2015,0
19/05/2015,0
20/05/2015,0.0143476
21/05/2015,0
22/05/2015,-0.0028529
26/05/2015,0.0127752
27/05/2015,0.0005639
28/05/2015,-0.0005639
29/05/2015,-0.002825
03/06/2015,-0.0084746
04/06/2015,-0.0056899
05/06/2015,0.0042706
08/06/2015,-0.002845
09/06/2015,-0.0048549
10/06/2015,0.0005724
11/06/2015,0.0008578
12/06/2015,0.007689
15/06/2015,-0.0028408
16/06/2015,-0.000854
17/06/2015,-0.0019951
18/06/2015,-0.003716
19/06/2015,0.0022886
22/06/2015,-0.0017159
23/06/2015,0.0002863
24/06/2015,0.0057061
25/06/2015,-0.0037053
26/06/2015,0.0042739
29/06/2015,0.0011368
30/06/2015,-0.0074115
02/07/2015,0.0025527
03/07/2015,-0.0034051
06/07/2015,0.0039716
07/07/2015,0.0050833
08/07/2015,0.0011263
09/07/2015,0.0002811
10/07/2015,-0.000844
13/07/2015,-0.0062132
14/07/2015,0.0033937
15/07/2015,0.0002825
16/07/2015,0.0019736
21/07/2015,0.0005608
22/07/2015,-0.0005608
23/07/2015,0.0011213
24/07/2015,-0.0044932
27/07/2015,-0.002254
28/07/2015,-0.0014114
29/07/2015,-0.0008478
30/07/2015,0.0022593
31/07/2015,-0.0008469
04/08/2015,0.0005643
05/08/2015,0.0016909
06/08/2015,0.0016885
07/08/2015,0.0011239
10/08/2015,0.0011227
11/08/2015,-0.0016847
12/08/2015,-0.0036592
14/08/2015,0.0011292
17/08/2015,0
18/08/2015,0
19/08/2015,0.0008459
20/08/2015,0.0030954
21/08/2015,-0.005918
24/08/2015,-0.0036812
25/08/2015,-0.007689
26/08/2015,0.0005717
27/08/2015,0.0042765
28/08/2015,0.0008531
31/08/2015,-0.0008531
01/09/2015,-0.0019934
02/09/2015,0.0005698
03/09/2015,0.0059652
04/09/2015,0.0028279
08/09/2015,0.0005648
09/09/2015,-0.0008471
10/09/2015,0
11/09/2015,-0.0042465
15/09/2015,-0.0011342
16/09/2015,0.0002835
17/09/2015,0.0042465
22/09/2015,0.0005643
23/09/2015,0.0064669
28/09/2015,0.0014055
29/09/2015,-0.0028129
30/09/2015,-0.0022562
01/10/2015,-0.0011299
02/10/2015,0.0090041
05/10/2015,-0.0033669
06/10/2015,-0.0022511
07/10/2015,-0.0031033
08/10/2015,0.001976
09/10/2015,0
13/10/2015,0.0005639
16/10/2015,-0.0045226
21/10/2015,-0.0028207
22/10/2015,0.0014114
23/10/2015,0.0014093
26/10/2015,0.0056181
27/10/2015,0
28/10/2015,0.0016792
29/10/2015,0.0030713
30/10/2015,0.0016713
02/11/2015,-0.0013924
03/11/2015,0.0005572
05/11/2015,0.0002782
06/11/2015,0.0005565
09/11/2015,0.0069301
10/11/2015,0
12/11/2015,-0.0030432
13/11/2015,0.0002768
16/11/2015,-0.0147901
17/11/2015,0.0175564
19/11/2015,-0.0035977
20/11/2015,-0.0011096
23/11/2015,0.0013869
24/11/2015,-0.0008318
25/11/2015,0.0041523
27/11/2015,0
30/11/2015,0.0035849
01/12/2015,0.0011003
02/12/2015,-0.0046852
07/12/2015,0.007472
08/12/2015,-0.0019319
09/12/2015,0
10/12/2015,-0.0069301
11/12/2015,0.005548
14/12/2015,-0.0063827
15/12/2015,0.0063827
16/12/2015,0
17/12/2015,0
18/12/2015,-0.0036027
21/12/2015,-0.001389
22/12/2015,0.0022216
23/12/2015,-0.0013878
29/12/2015,0
30/12/2015,0.0011163
31/12/2015,0
04/01/2016,0.0019507
05/01/2016,0.0008347
06/01/2016,0.005548
07/01/2016,0.0022104
11/01/2016,-0.0011072
12/01/2016,-0.0091808
13/01/2016,0.0069628
15/01/2016,-0.0027719
19/01/2016,0
20/01/2016,0.001941
21/01/2016,0
22/01/2016,0
26/01/2016,0.0027664
27/01/2016,-0.0024893
28/01/2016,-0.0024955
29/01/2016,0.0008326
02/02/2016,0
03/02/2016,0.0013859
04/02/2016,-0.0080655
05/02/2016,-0.0008383
09/02/2016,-0.0002794
10/02/2016,-0.0005593
11/02/2016,-0.0072992
12/02/2016,0.0011263
16/02/2016,0.0022492
17/02/2016,0.0025241
18/02/2016,0
19/02/2016,-0.0014014
23/02/2016,-0.0002811
24/02/2016,-0.0014055
25/02/2016,0.0114672
26/02/2016,-0.0011129
29/02/2016,0.0016689
01/03/2016,-0.0008342
02/03/2016,0.00139
03/03/2016,-0.0011117
04/03/2016,-0.0044594
08/03/2016,0
09/03/2016,0.0013957
11/03/2016,-0.0061555
14/03/2016,-0.0016854
15/03/2016,0.0016854
16/03/2016,0.0005612
17/03/2016,-0.0061903
18/03/2016,-0.0016949
21/03/2016,-0.0005658
22/03/2016,-0.0042522
23/03/2016,0.0019867
24/03/2016,0.0045261
29/03/2016,0.0064855
30/03/2016,-0.0008438
31/03/2016,-0.009042
01/04/2016,-0.000284
04/04/2016,-0.0028434
05/04/2016,-0.0011394
06/04/2016,0.002562
07/04/2016,-0.0045595
11/04/2016,0.000571
12/04/2016,-0.0002854
13/04/2016,0
14/04/2016,0.0017118
15/04/2016,0.0014243
18/04/2016,0.0022745
19/04/2016,0
20/04/2016,-0.0036988
21/04/2016,0.0014243
22/04/2016,-0.0008545
25/04/2016,-0.0025673
26/04/2016,0.0025673
27/04/2016,-0.0028529
28/04/2016,0
29/04/2016,0.0019979
03/05/2016,0.0113797
04/05/2016,-0.0022655
05/05/2016,-0.0068281
06/05/2016,0.0014265
09/05/2016,0
10/05/2016,-0.0005703
11/05/2016,-0.0005708
12/05/2016,-0.0025716
13/05/2016,0.005137
16/05/2016,0
17/05/2016,-0.0017095
18/05/2016,0.0017095
19/05/2016,-0.0002849
20/05/2016,0.0059619
23/05/2016,-0.0034025
24/05/2016,-0.000284
26/05/2016,0.0127826
27/05/2016,-0.0050936
31/05/2016,0.0084746
02/06/2016,-0.0008428
03/06/2016,0.0022466
08/06/2016,-0.0002825
09/06/2016,-0.0011311
10/06/2016,0.0008483
13/06/2016,0.005918
14/06/2016,0
15/06/2016,-0.0053527
16/06/2016,0.0031023
17/06/2016,-0.000845
20/06/2016,0.0005634
21/06/2016,-0.0019736
23/06/2016,-0.0036833
24/06/2016,0.0070713
27/06/2016,0.003938
28/06/2016,-0.0002806
29/06/2016,-0.0050676
30/06/2016,0.0053482
08/07/2016,-0.0014071
12/07/2016,-0.0008459
13/07/2016,-0.0005643
14/07/2016,-0.0005648
15/07/2016,0.0008469
18/07/2016,-0.000282
19/07/2016,0.0014102
20/07/2016,-0.0008459
21/07/2016,-0.0011292
22/07/2016,0.0025384
26/07/2016,-0.0011282
27/07/2016,0.0011282
28/07/2016,-0.0022573
29/07/2016,0
02/08/2016,0
03/08/2016,-0.0084794
04/08/2016,-0.0005679
05/08/2016,0.0011353
08/08/2016,-0.0008514
09/08/2016,0.0022688
10/08/2016,-0.0019848
11/08/2016,0.0005674
12/08/2016,-0.0005674
16/08/2016,-0.0008519
17/08/2016,-0.0019906
18/08/2016,-0.0002849
19/08/2016,-0.0005696
22/08/2016,-0.0019963
23/08/2016,0.0005708
24/08/2016,0.0051224
25/08/2016,-0.0059786
26/08/2016,0
29/08/2016,0.0102272
30/08/2016,-0.0042486
31/08/2016,-0.0008519
01/09/2016,0.000284
02/09/2016,0.0034025
07/09/2016,-0.0016997
08/09/2016,-0.0008509
09/09/2016,0
15/09/2016,-0.0008488
16/09/2016,0
19/09/2016,-0.0002832
20/09/2016,-0.0011332
22/09/2016,-0.0005648
23/09/2016,0.0019751
26/09/2016,-0.0056531
27/09/2016,0.0014164
28/09/2016,0
29/09/2016,0
30/09/2016,0.0042367
04/10/2016,0
05/10/2016,-0.0028226
06/10/2016,-0.0002825
07/10/2016,0.0014124
11/10/2016,0.0016928
12/10/2016,0.005621
13/10/2016,-0.0008409
14/10/2016,0.0005608
18/10/2016,0.0028064
19/10/2016,-0.0042129
21/10/2016,0.0025241
24/10/2016,0.0008399
25/10/2016,0
26/10/2016,0.0036318
27/10/2016,0.0011148
28/10/2016,-0.0005572
31/10/2016,-0.0011156
01/11/2016,0.0022297
03/11/2016,-0.0005569
04/11/2016,-0.0013938
07/11/2016,-0.0039129
08/11/2016,0.0002801
09/11/2016,-0.0016811
10/11/2016,-0.0022459
14/11/2016,0.0075598
15/11/2016,0
16/11/2016,-0.0002789
17/11/2016,-0.0008373
21/11/2016,-0.0022414
22/11/2016,0.0094919
23/11/2016,-0.0044556
25/11/2016,0.0027869
28/11/2016,0.0038888
29/11/2016,0.0002773
30/11/2016,-0.0011091
05/12/2016,0.0005565
06/12/2016,0.0002782
07/12/2016,-0.0005565
08/12/2016,-0.0008352
09/12/2016,0.0027816
13/12/2016,-0.0002782
14/12/2016,-0.0033443
15/12/2016,0.0016737
16/12/2016,0.0038941
19/12/2016,0.0008326
20/12/2016,-0.0016656
21/12/2016,0
22/12/2016,0.0016656
23/12/2016,-0.0027778
28/12/2016,0.002501
29/12/2016,0
30/12/2016,-0.0008328
03/01/2017,-0.0016682
04/01/2017,0.0124433
05/01/2017,-0.0102198
06/01/2017,0.0013871
10/01/2017,0.0077415
11/01/2017,-0.0085742
12/01/2017,-0.0008337
13/01/2017,0.0008337
17/01/2017,-0.0036178
18/01/2017,-0.0011156
19/01/2017,0.0005579
20/01/2017,-0.0008371
24/01/2017,0.0055695
25/01/2017,0.0008328
26/01/2017,0
27/01/2017,-0.0117223
30/01/2017,0.0117223
31/01/2017,-0.0136895
02/02/2017,0
03/02/2017,0.0011246
06/02/2017,0.0053244
07/02/2017,-0.006449
08/02/2017,0.006449
10/02/2017,-0.0078564
13/02/2017,-0.0008454
14/02/2017,0.01372
15/02/2017,0
16/02/2017,-0.0114672
17/02/2017,-0.0011258
21/02/2017,0.0005631
22/02/2017,0.0131416
23/02/2017,-0.013423
28/02/2017,0.0014102
02/03/2017,-0.0014088
03/03/2017,0.0014088
07/03/2017,-0.0014067
08/03/2017,0.000844
09/03/2017,0.0123012
10/03/2017,-0.0131452
13/03/2017,-0.0011268
14/03/2017,0.0002818
15/03/2017,0.005059
16/03/2017,-0.0061867
17/03/2017,-0.0022593
21/03/2017,-0.0002825
22/03/2017,0.0016949
23/03/2017,0.0120635
24/03/2017,-0.0160229
27/03/2017,0.015465
28/03/2017,-0.0180185
30/03/2017,0.0034032
31/03/2017,-0.0039716
03/04/2017,-0.0008531
04/04/2017,0.0014215
05/04/2017,0.0005679
06/04/2017,0.0017021
07/04/2017,0.0014164
10/04/2017,-0.0002832
11/04/2017,-0.0014164
12/04/2017,0.003679
13/04/2017,-0.0002825
19/04/2017,-0.0011311
20/04/2017,-0.0014155
21/04/2017,-0.0022688
24/04/2017,-0.0068376
25/04/2017,0.0005717
26/04/2017,0
27/04/2017,-0.0025749
28/04/2017,-0.0025814
02/05/2017,0.0020084
03/05/2017,-0.0043085
04/05/2017,0.0017254
05/05/2017,-0.0072098
08/05/2017,0.0017352
09/05/2017,0.0011551
10/05/2017,0.0086207
11/05/2017,0.0062747
12/05/2017,0.0014207
15/05/2017,-0.0005679
16/05/2017,-0.0037
17/05/2017,-0.0091665
18/05/2017,0.00488
19/05/2017,0.0057111
22/05/2017,-0.0082915
23/05/2017,-0.0002873
24/05/2017,0
26/05/2017,-0.0008624
30/05/2017,0.0014369
31/05/2017,-0.0014369
02/06/2017,-0.000864
06/06/2017,-0.002306
09/06/2017,0.0034571
12/06/2017,0.0020113
13/06/2017,-0.0040264
14/06/2017,0.0023026
15/06/2017,0.0002875
16/06/2017,0.0022969
19/06/2017,-0.0040231
20/06/2017,0.002588
21/06/2017,-0.0020123
22/06/2017,0.0020123
23/06/2017,0.0005744
28/06/2017,-0.0049014
29/06/2017,-0.0020251
30/06/2017,-0.0014489
05/07/2017,-0.0002897
06/07/2017,-0.0017407
07/07/2017,0.0011609
10/07/2017,-0.0002902
12/07/2017,-0.0002906
13/07/2017,-0.000581
14/07/2017,-0.0014546
17/07/2017,-0.0008738
18/07/2017,-0.0064309
19/07/2017,0.0014653
20/07/2017,0
21/07/2017,-0.0108938
24/07/2017,0.0008879
26/07/2017,-0.004153
27/07/2017,0
28/07/2017,-0.0050664
31/07/2017,-0.0080996
01/08/2017,-0.0054364
02/08/2017,-0.0021222
03/08/2017,0.0042398
04/08/2017,-0.0042398
07/08/2017,0.0060515
09/08/2017,-0.0009081
10/08/2017,0.0009081
11/08/2017,0.0090361
14/08/2017,-0.0039055
15/08/2017,0.0030057
16/08/2017,0.0014994
17/08/2017,0.0032909
18/08/2017,-0.0035906
21/08/2017,0.0020962
22/08/2017,-0.0038965
23/08/2017,-0.0024052
24/08/2017,-0.0021093
25/08/2017,0
28/08/2017,-0.0090911
29/08/2017,-0.0070262
30/08/2017,0
31/08/2017,0.000613
05/09/2017,0.0039294
06/09/2017,-0.0066588
12/09/2017,0.0051491
13/09/2017,-0.0006008
14/09/2017,0.0021012
15/09/2017,0.0020969
18/09/2017,0
19/09/2017,-0.0005987
20/09/2017,0.0002995
22/09/2017,0.005686
25/09/2017,-0.0047863
26/09/2017,0.0029941
27/09/2017,0.0044744
28/09/2017,0.008889
29/09/2017,0.002357
02/10/2017,-0.0008831
03/10/2017,-0.0014739
04/10/2017,0
05/10/2017,0
06/10/2017,0.0029454
10/10/2017,0.0035231
11/10/2017,-0.0026412
12/10/2017,-0.0008819
13/10/2017,-0.0014715
17/10/2017,0.001476
18/10/2017,0.0014739
23/10/2017,-0.0032394
24/10/2017,0.0014739
27/10/2017,0.0117476
30/10/2017,0
31/10/2017,-0.0005841
03/11/2017,0.0023344
06/11/2017,-0.0017502
07/11/2017,0.0072727
08/11/2017,-0.0014503
09/11/2017,-0.0043638
10/11/2017,0.0029113
13/11/2017,-0.0005815
14/11/2017,-0.0052495
15/11/2017,-0.0073366
16/11/2017,0
17/11/2017,0.0029411
20/11/2017,-0.004415
21/11/2017,0.0014739
22/11/2017,-0.0014739
24/11/2017,-0.0029542
27/11/2017,-0.0059347
29/11/2017,0.0074351
04/12/2017,0.0059524
05/12/2017,0.0002968
06/12/2017,0.0020742
07/12/2017,0
08/12/2017,0.0064917
11/12/2017,-0.0014715
13/12/2017,0.009409
14/12/2017,-0.0043993
15/12/2017,-0.0002942
18/12/2017,-0.0061936
19/12/2017,0.0073693
20/12/2017,-0.0147934
21/12/2017,0.0103784
22/12/2017,0
27/12/2017,-0.0127733
28/12/2017,0.0074461
29/12/2017,-0.0044611
03/01/2018,-0.0135036
04/01/2018,0.0045216
05/01/2018,0.005399
09/01/2018,0
10/01/2018,0.0044744
11/01/2018,-0.0020857
12/01/2018,-0.0129073
16/01/2018,-0.0075815
19/01/2018,0.0024323
23/01/2018,0
24/01/2018,-0.0107117
25/01/2018,-0.0030816
26/01/2018,-0.0030913
29/01/2018,0.0037084
30/01/2018,-0.0037084
02/02/2018,-0.0077701
05/02/2018,0.0062211
06/02/2018,0.0123267
07/02/2018,-0.0061443
08/02/2018,0.0152907
09/02/2018,-0.0015185
12/02/2018,0
14/02/2018,-0.0091605
15/02/2018,-0.0154562
20/02/2018,0.0172949
21/02/2018,0.0027521
22/02/2018,0.0015254
27/02/2018,0.0106628
28/02/2018,0.0165291
01/03/2018,-0.0089819
02/03/2018,-0.0060332
05/03/2018,0
07/03/2018,-0.0045419
08/03/2018,0.0045419
09/03/2018,-0.0030255
13/03/2018,0.0030255
14/03/2018,-0.0039351
15/03/2018,0.0054448
16/03/2018,0.001507
19/03/2018,0.0045078
21/03/2018,0.001514
22/03/2018,-0.0030303
23/03/2018,0.0030303
26/03/2018,-0.0091186
27/03/2018,-0.0030582
28/03/2018,0.007628
29/03/2018,0.0090771
03/04/2018,0.0074461
04/04/2018,-0.0029716
05/04/2018,-0.0005953
06/04/2018,0
10/04/2018,-0.0008924
11/04/2018,0
12/04/2018,0.0008924
13/04/2018,0.0005946
16/04/2018,0.000891
17/04/2018,-0.000891
18/04/2018,-0.0020823
19/04/2018,0
20/04/2018,0.0014877
23/04/2018,0.0065205
24/04/2018,0
25/04/2018,-0.000591
26/04/2018,0
27/04/2018,0.0079494
30/04/2018,0
02/05/2018,0.0087593
03/05/2018,0.0014524
04/05/2018,-0.0014524
07/05/2018,0.0029027
08/05/2018,0.000869
09/05/2018,-0.0014489
10/05/2018,0.0005798
11/05/2018,-0.0014503
14/05/2018,0
15/05/2018,0.0014503
16/05/2018,-0.0072727
17/05/2018,0.00437
18/05/2018,0.0057969
21/05/2018,-0.0028942
22/05/2018,-0.0029027
23/05/2018,0.0029027
24/05/2018,0.0043385
29/05/2018,-0.0083587
30/05/2018,0.0086455
31/05/2018,-0.0071995
05/06/2018,0.0043893
06/06/2018,-0.001461
07/06/2018,-0.0043955
08/06/2018,-0.0029411
11/06/2018,-0.0014739
12/06/2018,0.0014739
13/06/2018,0.0131676
14/06/2018,0.0008717
18/06/2018,-0.0017123
19/06/2018,0.0045595
21/06/2018,-0.0014236
22/06/2018,-0.0057142
25/06/2018,-0.0043073
26/06/2018,-0.0028818
27/06/2018,0.0043194
28/06/2018,-0.0028775
29/06/2018,-0.001442
03/07/2018,0.0014377
05/07/2018,-0.0072098
06/07/2018,0.0002894
09/07/2018,-0.0090103
10/07/2018,0.0058224
12/07/2018,0.0028942
13/07/2018,-0.0087082
16/07/2018,0
17/07/2018,0.0029113
18/07/2018,0.0043509
19/07/2018,-0.0043509
20/07/2018,0
23/07/2018,-0.0029113
24/07/2018,-0.0073152
25/07/2018,0.0058565
26/07/2018,-0.002924
27/07/2018,0.002924
01/08/2018,0.0029154
06/08/2018,0.0037665
07/08/2018,-0.0008681
08/08/2018,-0.0028985
09/08/2018,0
10/08/2018,0.0063655
14/08/2018,-0.0028696
16/08/2018,0.0014358
17/08/2018,-0.0057552
20/08/2018,0.0028818
23/08/2018,0.0005815
24/08/2018,-0.0061235
27/08/2018,0.0040865
28/08/2018,0.0005825
29/08/2018,-0.0014567
30/08/2018,0
31/08/2018,0.0014567
04/09/2018,0.0037775
05/09/2018,-0.0008705
06/09/2018,-0.002907
07/09/2018,0.0014546
13/09/2018,0.0014503
17/09/2018,-0.0014503
18/09/2018,-0.002907
19/09/2018,0
20/09/2018,-0.0014567
24/09/2018,0.0005853
25/09/2018,0.0008776
26/09/2018,0.001461
27/09/2018,-0.001461
28/09/2018,0.0049584
01/10/2018,0.0037754
02/10/2018,0.0014482
03/10/2018,-0.0011585
04/10/2018,-0.0002897
05/10/2018,-0.0014503
09/10/2018,0.0034771
11/10/2018,-0.0037611
12/10/2018,-0.0046484
16/10/2018,-0.0034873
17/10/2018,0.0034873
18/10/2018,-0.0020328
19/10/2018,0.0081065
22/10/2018,-0.0037556
23/10/2018,0.0028903
24/10/2018,-0.0014443
25/10/2018,-0.0043445
26/10/2018,0.0101082
29/10/2018,-0.0098181
30/10/2018,0.0075166
31/10/2018,-0.0063565
01/11/2018,0.0086579
05/11/2018,-0.0043194
06/11/2018,0
08/11/2018,-0.0023117
09/11/2018,0.0037537
13/11/2018,0.0014398
14/11/2018,0.0014377
15/11/2018,-0.0014377
16/11/2018,-0.0005758
21/11/2018,0.0028942
23/11/2018,-0.001446
26/11/2018,0.0028903
27/11/2018,0
28/11/2018,0.0005767
30/11/2018,-0.0005796
03/12/2018,-0.0101967
04/12/2018,0.002924
05/12/2018,0.009589
06/12/2018,-0.0023162
10/12/2018,-0.0072939
11/12/2018,0.0107763
13/12/2018,0.0087209
14/12/2018,-0.0072622
17/12/2018,0.0058141
18/12/2018,-0.0014503
19/12/2018,-0.0043638
20/12/2018,0.0014567
21/12/2018,-0.0073047
24/12/2018,0.0087593
27/12/2018,0.0008705
28/12/2018,-0.0037775
31/12/2018,-0.0014567
03/01/2019,0.0058141
04/01/2019,-0.0023217
09/01/2019,-0.0005832
10/01/2019,0.0005832
11/01/2019,-0.0049684
15/01/2019,0.0035129
16/01/2019,0.0032094
17/01/2019,-0.0067222
18/01/2019,0.0067222
22/01/2019,-0.0052569
23/01/2019,0.0058393
24/01/2019,-0.0014567
25/01/2019,0.0014567
29/01/2019,-0.0014546
30/01/2019,0
31/01/2019,-0.0034995
04/02/2019,0.0005841
06/02/2019,0.0023329
07/02/2019,0.0005825
08/02/2019,0.002907
11/02/2019,0
12/02/2019,0.0014503
13/02/2019,-0.0023217
14/02/2019,0.0008714
15/02/2019,-0.002907
19/02/2019,-0.0014567
20/02/2019,0
21/02/2019,-0.000875
22/02/2019,-0.0026295
26/02/2019,0
27/02/2019,-0.0014696
28/02/2019,0.0049875
01/03/2019,0
05/03/2019,0.0139499
07/03/2019,0
08/03/2019,0.0114777
11/03/2019,-0.0019991
13/03/2019,-0.0065968
14/03/2019,-0.0005758
15/03/2019,-0.000576
18/03/2019,-0.0025964
19/03/2019,0.000289
21/03/2019,-0.0029027
22/03/2019,0.0037718
25/03/2019,0.0049114
26/03/2019,-0.001442
27/03/2019,0.0043194
28/03/2019,0.0014358
29/03/2019,0.0022931
01/04/2019,-0.0008593
02/04/2019,0.0042887
03/04/2019,-0.002857
04/04/2019,-0.000859
05/04/2019,-0.0005727
08/04/2019,-0.0028696
10/04/2019,0.0031524
11/04/2019,-0.0014317
12/04/2019,-0.0028696
15/04/2019,-0.0014377
16/04/2019,-0.0072203
17/04/2019,0.0072203
18/04/2019,0.0014377
23/04/2019,-0.0014317
24/04/2019,0.0042887
25/04/2019,0.0056899
26/04/2019,-0.0028408
29/04/2019,0.0028408
30/04/2019,-0.0128481
02/05/2019,0.0085838
06/05/2019,-0.0042706
07/05/2019,0.0005705
08/05/2019,0
09/05/2019,0.0022786
10/05/2019,-0.0071378
13/05/2019,-0.0014338
15/05/2019,0
16/05/2019,0.0042522
17/05/2019,0.0014136
20/05/2019,-0.0014136
21/05/2019,0.002825
22/05/2019,0
23/05/2019,-0.0008469
28/05/2019,0
29/05/2019,0.0008438
30/05/2019,0.0014043
31/05/2019,0.0047598
10/06/2019,0.0056417
11/06/2019,0
12/06/2019,-0.0028167
13/06/2019,0.0025356
14/06/2019,0.0064507
17/06/2019,0.0058537
18/06/2019,-0.0013907
19/06/2019,0.0047202
20/06/2019,-0.0069492
21/06/2019,-0.0019546
24/06/2019,-0.0081379
25/06/2019,-0.0039527
26/06/2019,0.0056417
27/06/2019,0.0014055
28/06/2019,0.0014038
01/07/2019,0.0028009
02/07/2019,0.0050223
03/07/2019,0
05/07/2019,-0.0036247
08/07/2019,0.006959
09/07/2019,-0.0022216
10/07/2019,-0.006135
12/07/2019,0
15/07/2019,0
16/07/2019,0.0019507
17/07/2019,0
18/07/2019,-0.0019507
19/07/2019,0
22/07/2019,0.0013938
23/07/2019,0.0083218
24/07/2019,0.0027585
26/07/2019,-0.0096886
29/07/2019,0
30/07/2019,0.0083103
31/07/2019,-0.0013802
01/08/2019,0.0013802
02/08/2019,-0.0041466
06/08/2019,0.0082986
07/08/2019,-0.0124741
08/08/2019,0
09/08/2019,0
14/08/2019,0.0013916
15/08/2019,0.00139
16/08/2019,0.0027738
19/08/2019,-0.0013859
20/08/2019,0.0005546
21/08/2019,-0.0005546
22/08/2019,0.0041523
23/08/2019,0
26/08/2019,-0.0041523
27/08/2019,0.0005546
28/08/2019,0.0027685
29/08/2019,-0.0005529
30/08/2019,-0.0013843
04/09/2019,0.0027664
05/09/2019,-0.0013821
06/09/2019,0
10/09/2019,0.0027623
11/09/2019,-0.0013802
12/09/2019,0.0030341
16/09/2019,0.0022061
17/09/2019,0
18/09/2019,-0.0013783
19/09/2019,0.0005517
20/09/2019,0
24/09/2019,0.0008249
25/09/2019,-0.0008249
26/09/2019,0.0013745
02/10/2019,-0.0032842
03/10/2019,0.0005481
04/10/2019,-0.0010965
08/10/2019,0.0068824
09/10/2019,0.0013707
11/10/2019,-0.0013707
16/10/2019,0.0013728
17/10/2019,0
18/10/2019,-0.0021973
22/10/2019,0.0019293
23/10/2019,0.0013757
24/10/2019,-0.0027533
25/10/2019,0.0022032
28/10/2019,0
29/10/2019,0.0027473
30/10/2019,-0.0013728
31/10/2019,-0.0041294
04/11/2019,-0.0005519
05/11/2019,0.0027566
06/11/2019,0.0027487
08/11/2019,-0.0013735
12/11/2019,0.0008242
13/11/2019,0.0016468
14/11/2019,0.0049233
15/11/2019,-0.0013652
19/11/2019,-0.0027361
20/11/2019,0.001369
21/11/2019,0
22/11/2019,0
25/11/2019,0.0013671
26/11/2019,0.0013652
27/11/2019,0
29/11/2019,0.0054421
02/12/2019,-0.0054421
03/12/2019,-0.0027323
04/12/2019,0.0008204
09/12/2019,0.0068259
10/12/2019,-0.0027246
11/12/2019,-0.0016384
13/12/2019,-0.002466
16/12/2019,0.0027397
17/12/2019,0
18/12/2019,0.0013671
19/12/2019,-0.0013671
20/12/2019,-0.0041125
23/12/2019,0.0068448
27/12/2019,-0.0027323
30/12/2019,-0.0027397
03/01/2020,0
06/01/2020,0.0005486
09/01/2020,0.0019159
10/01/2020,0
14/01/2020,0
15/01/2020,0.0041068
17/01/2020,0.0005486
21/01/2020,0.0049233
22/01/2020,-0.000546
23/01/2020,0
24/01/2020,0.0032706
28/01/2020,-0.0013559
29/01/2020,0
30/01/2020,0.0013559
31/01/2020,-0.0032573
03/02/2020,0.0005436
04/02/2020,-0.0013597
05/02/2020,0.0040734
06/02/2020,0
07/02/2020,-0.0059798
12/02/2020,0.0013485
13/02/2020,0.0026917
14/02/2020,0.0026846
18/02/2020,-0.0013413
19/02/2020,0.0053549
20/02/2020,0.0053263
25/02/2020,-0.0016007
26/02/2020,0
27/02/2020,-0.0013361
28/02/2020,0.0079894
02/03/2020,-0.0106668
03/03/2020,0.0040135
04/03/2020,-0.0032096
05/03/2020,-0.0018768
09/03/2020,-0.0013506
10/03/2020,0.0094151
11/03/2020,0.0214548
13/03/2020,0.0023558
16/03/2020,0.005475
17/03/2020,0.0177817
18/03/2020,0.0038242
19/03/2020,-0.0115166
23/03/2020,0
24/03/2020,0.0053427
26/03/2020,-0.0066192
27/03/2020,0.0089004
30/03/2020,-0.0038049
31/03/2020,-0.0025444
01/04/2020,-0.0012746
02/04/2020,0.005089
03/04/2020,0.006325
06/04/2020,0.0025189
07/04/2020,-0.0113852
08/04/2020,0
14/04/2020,0.000253
15/04/2020,-0.000253
16/04/2020,0.0050504
17/04/2020,0.0025158
20/04/2020,0.0037618
21/04/2020,0.0012507
22/04/2020,-0.0062697
23/04/2020,0.0037665
24/04/2020,0.0025032
27/04/2020,0.0012491
28/04/2020,0
29/04/2020,0.001497
30/04/2020,-0.0065033
04/05/2020,0.0037572
05/05/2020,0.0012491
06/05/2020,-0.0050063
07/05/2020,0.0037572
08/05/2020,-0.0072765
11/05/2020,0.0087755
12/05/2020,-0.0052562
13/05/2020,0
14/05/2020,0.0050063
15/05/2020,-0.0050063
18/05/2020,0.0012541
19/05/2020,0.0099752
20/05/2020,-0.0109782
21/05/2020,0
22/05/2020,-0.0002511
26/05/2020,0.0037572
27/05/2020,-0.0025032
28/05/2020,0
29/05/2020,0.0077393
02/06/2020,-0.0137589
03/06/2020,0
04/06/2020,0.0112712
05/06/2020,-0.0087554
08/06/2020,0.0077586
09/06/2020,-0.0087643
10/06/2020,0.0072672
11/06/2020,-0.0075188
12/06/2020,-0.0012586
15/06/2020,0.0012586
16/06/2020,0.0087664
17/06/2020,-0.0087664
18/06/2020,0.0062697
19/06/2020,0
22/06/2020,0.0062306
24/06/2020,0
25/06/2020,0.0024877
26/06/2020,0
29/06/2020,-0.0074813
30/06/2020,0.0049937
01/07/2020,0
02/07/2020,-0.0075002
03/07/2020,0.0020056
06/07/2020,-0.0057766
07/07/2020,0.0037711
08/07/2020,0.0050063
09/07/2020,-0.0024998
10/07/2020,0
13/07/2020,0.0002501
14/07/2020,0.0010006
15/07/2020,-0.0037572
16/07/2020,0.0025065
17/07/2020,0
20/07/2020,0.0024998
21/07/2020,0.0074627
22/07/2020,-0.0074627
23/07/2020,0
24/07/2020,0.0024939
27/07/2020,-0.0112712
28/07/2020,0.0112712
29/07/2020,-0.0112712
03/08/2020,0.0037856
05/08/2020,0
06/08/2020,0
07/08/2020,-0.0042913
10/08/2020,0.0017693
11/08/2020,0
12/08/2020,0.0062931
14/08/2020,-0.0007591
17/08/2020,-0.0005066
18/08/2020,0.0017715
19/08/2020,0
21/08/2020,0
24/08/2020,0
25/08/2020,0.0075567
26/08/2020,-0.0062931
27/08/2020,0
28/08/2020,0
31/08/2020,0
01/09/2020,-0.0025284
02/09/2020,-0.0050762
03/09/2020,0.0076046
04/09/2020,0.0012617
08/09/2020,0.0012603
09/09/2020,-0.002522
10/09/2020,0
11/09/2020,0.0012617
15/09/2020,0
16/09/2020,0.0050378
17/09/2020,-0.0025158
18/09/2020,-0.002522
22/09/2020,-0.0076046
23/09/2020,0.0101266
24/09/2020,0.0012586
25/09/2020,0
28/09/2020,0.0037665
29/09/2020,-0.0037665
30/09/2020,-0.0012586
01/10/2020,0
02/10/2020,0
05/10/2020,0
06/10/2020,-0.002522
07/10/2020,0
08/10/2020,0
09/10/2020,0
13/10/2020,0.0087996
14/10/2020,-0.0100632
15/10/2020,0.0037856
21/10/2020,0.0050189
22/10/2020,-0.0025065
23/10/2020,0.0037572
26/10/2020,-0.0075283
27/10/2020,0
28/10/2020,0.0012586
30/10/2020,0
03/11/2020,-0.0012572
05/11/2020,0
06/11/2020,-0.0012553
09/11/2020,0.0012553
10/11/2020,0.0012541
12/11/2020,-0.0050251
13/11/2020,0
16/11/2020,0.0087774
17/11/2020,-0.0075188
19/11/2020,0
20/11/2020,0.002522
23/11/2020,0.0012586
24/11/2020,0
25/11/2020,0
27/11/2020,-0.0012586
30/11/2020,0
01/12/2020,0
02/12/2020,-0.0012603
08/12/2020,-0.0050633
09/12/2020,0.0088439
10/12/2020,0.0025125
11/12/2020,-0.0100882
14/12/2020,0
15/12/2020,0
16/12/2020,-0.0063572
17/12/2020,0
18/12/2020,0
21/12/2020,0
22/12/2020,0.0025477
23/12/2020,0.0012712
24/12/2020,0.0007622
29/12/2020,0
30/12/2020,0.0012712
31/12/2020,0.0050697
04/01/2021,-0.0076141
05/01/2021,0
06/01/2021,-0.0012746
11/01/2021,-0.003829
12/01/2021,0
13/01/2021,0.0071356
15/01/2021,0.003819
19/01/2021,0.0025382
20/01/2021,0.0012667
21/01/2021,-0.0038049
22/01/2021,0.0063334
26/01/2021,0
27/01/2021,0.0038095
29/01/2021,0
02/02/2021,0.0025315
03/02/2021,0
04/02/2021,0
05/02/2021,0.0012636
08/02/2021,0
09/02/2021,0
10/02/2021,0
11/02/2021,0
16/02/2021,0.0100503
17/02/2021,-0.0100503
18/02/2021,0
19/02/2021,0
23/02/2021,0
24/02/2021,0
25/02/2021,0.0012636
26/02/2021,0.002522
01/03/2021,-0.0012603
02/03/2021,0.0037761
03/03/2021,-0.0063014
04/03/2021,0.0037856
05/03/2021,0
09/03/2021,0
10/03/2021,0
15/03/2021,0.0075092
16/03/2021,0
17/03/2021,0
18/03/2021,0
19/03/2021,0
22/03/2021,0
23/03/2021,0.0012462
24/03/2021,0
25/03/2021,-0.0012462
26/03/2021,0.0024908
29/03/2021,0
30/03/2021,0
31/03/2021,0.011132
01/04/2021,-0.0049324
06/04/2021,0
07/04/2021,-0.0074813
08/04/2021,0.0074813
09/04/2021,0.013572
12/04/2021,-0.0148151
14/04/2021,0.0209239
15/04/2021,0
16/04/2021,-0.0196807
19/04/2021,-0.0012431
20/04/2021,0.0233569
21/04/2021,-0.0221138
22/04/2021,0.0012414
23/04/2021,-0.0012414
26/04/2021,0
27/04/2021,-0.0024877
29/04/2021,0
30/04/2021,0
04/05/2021,-0.0024846
05/05/2021,0.012361
06/05/2021,-0.004926
07/05/2021,0.0012338
10/05/2021,-0.0099134
11/05/2021,0.0062075
17/05/2021,-0.0074258
18/05/2021,-0.0024877
19/05/2021,0
20/05/2021,0.0086796
21/05/2021,0.0012338
24/05/2021,-0.0012338
25/05/2021,-0.006192
26/05/2021,0
27/05/2021,0.0012414
28/05/2021,0
01/06/2021,0.0123305
04/06/2021,-0.0098646
08/06/2021,-0.0037107
09/06/2021,0.0171995
10/06/2021,-0.0134888
11/06/2021,0.0012338
14/06/2021,0.0012321
15/06/2021,0.001231
16/06/2021,0
17/06/2021,0.001229
18/06/2021,0.0012279
21/06/2021,0.0024509
22/06/2021,-0.0012248
23/06/2021,0
24/06/2021,0.0012248
25/06/2021,-0.0012248
28/06/2021,0.0372863
29/06/2021,0
30/06/2021,0.0117373
01/07/2021,-0.0082016
02/07/2021,0.0105326
06/07/2021,-0.0070095
07/07/2021,0.008173
08/07/2021,-0.0105205
09/07/2021,-0.0047114
13/07/2021,0.0129035
14/07/2021,0
15/07/2021,-0.0011661
16/07/2021,0
19/07/2021,-0.0044439
22/07/2021,0.0070589
23/07/2021,0.0070095
26/07/2021,-0.0070095
27/07/2021,-0.0047002
28/07/2021,-0.0023587
29/07/2021,0.0140684
30/07/2021,-0.0152497
03/08/2021,0.0023615
05/08/2021,0.0047171
06/08/2021,0.0105326
09/08/2021,-0.0140684
11/08/2021,-0.0094008
12/08/2021,0.0094008
16/08/2021,0
17/08/2021,0
18/08/2021,0.0082402
19/08/2021,0.002342
20/08/2021,-0.0117648
23/08/2021,0
24/08/2021,0
25/08/2021,0.0070753
26/08/2021,0.0081921
27/08/2021,-0.0081921
30/08/2021,0
31/08/2021,0.0081921
01/09/2021,-0.0164516
02/09/2021,0
03/09/2021,0.0035481
07/09/2021,0
08/09/2021,-0.0035481
09/09/2021,0.0011842
10/09/2021,-0.0023696
14/09/2021,0.0011871
15/09/2021,0.017637
16/09/2021,0
17/09/2021,-0.0081921
20/09/2021,-0.0070753
22/09/2021,0
23/09/2021,0.0047226
24/09/2021,0.0035272
27/09/2021,-0.0082498
28/09/2021,0.0070753
29/09/2021,0.0046895
30/09/2021,-0.0058651
01/10/2021,0.0011756
05/10/2021,0.0035272
06/10/2021,-0.0058858
07/10/2021,0.0082307
08/10/2021,-0.005872
12/10/2021,0
13/10/2021,0.0070422
14/10/2021,0
19/10/2021,0
21/10/2021,0
22/10/2021,0.0035272
25/10/2021,0.003515
26/10/2021,0
27/10/2021,0.0127835
28/10/2021,-0.0092809
29/10/2021,0
03/11/2021,0
05/11/2021,0.0023284
09/11/2021,-0.0023203
10/11/2021,-0.0011621
12/11/2021,0.0011621
15/11/2021,0
16/11/2021,0.0011606
17/11/2021,0.0011597
19/11/2021,0
22/11/2021,0.0046241
23/11/2021,-0.0023093
24/11/2021,0.0126364
26/11/2021,-0.0226285
29/11/2021,0.0260475
30/11/2021,-0.013746
01/12/2021,0.0046029
06/12/2021,-0.0007005
07/12/2021,0
08/12/2021,0.0157557
09/12/2021,0
10/12/2021,0
14/12/2021,0
15/12/2021,-0.009238
16/12/2021,-0.0034862
20/12/2021,-0.0034385
21/12/2021,0.0045819
22/12/2021,-0.0011435
23/12/2021,0.0011435
24/12/2021,-0.0045819
29/12/2021,-0.0022986
30/12/2021,0.0068805
31/12/2021,-0.0068805
04/01/2022,0
05/01/2022,0.0138729
06/01/2022,0
10/01/2022,-0.0011435
11/01/2022,0.0011435
13/01/2022,-0.0022881
14/01/2022,0
19/01/2022,0
20/01/2022,0.0057111
21/01/2022,-0.0080049
25/01/2022,0.0045819
26/01/2022,0.0022831
27/01/2022,-0.0034266
28/01/2022,-0.0161479
31/01/2022,0.0127094
04/02/2022,-0.0023015
07/02/2022,0.0068886
08/02/2022,0
09/02/2022,-0.0034385
10/02/2022,0
11/02/2022,0.0011475
14/02/2022,-0.0080597
15/02/2022,0
16/02/2022,0.0114942
17/02/2022,-0.0172913
18/02/2022,0.0161479
22/02/2022,0
23/02/2022,0.0034266
24/02/2022,0.0022781
25/02/2022,-0.0022781
02/03/2022,0.0182862
03/03/2022,0
04/03/2022,-0.0011332
08/03/2022,0.0115342
09/03/2022,0.0091326
10/03/2022,0.0034032
11/03/2022,0.0045197
14/03/2022,-0.0022571
15/03/2022,-0.0011306
16/03/2022,0
17/03/2022,0
18/03/2022,-0.001132
21/03/2022,0
22/03/2022,0.0078962
23/03/2022,-0.0045044
24/03/2022,0
25/03/2022,0
28/03/2022,0.0112236
29/03/2022,-0.0067191
30/03/2022,-0.0067642
31/03/2022,0.0223722
01/04/2022,-0.0156081
04/04/2022,0.001123
05/04/2022,0.0055962
06/04/2022,-0.0022347
07/04/2022,0
08/04/2022,-0.0387733
11/04/2022,0.0069525
12/04/2022,-0.0046299
13/04/2022,-0.0069847
14/04/2022,-0.001169
19/04/2022,0
20/04/2022,-0.0011661
21/04/2022,0.0011661
22/04/2022,-0.0035026
25/04/2022,0
26/04/2022,0.0069931
27/04/2022,-0.0140352
04/05/2022,0.007026
05/05/2022,0
06/05/2022,0.0058172
09/05/2022,-0.0116687
10/05/2022,0.0116687
11/05/2022,-0.0011606
12/05/2022,0.0034783
13/05/2022,-0.0081348
16/05/2022,0.0069768
17/05/2022,-0.0140028
18/05/2022,0.0128431
19/05/2022,0.0011597
20/05/2022,-0.0046458
23/05/2022,0.0069606
24/05/2022,0.0023093
25/05/2022,-0.0057838
26/05/2022,-0.0034862
27/05/2022,0.0058038
31/05/2022,-0.0058038
02/06/2022,0.0046136
03/06/2022,-0.0104108
09/06/2022,-0.01021
10/06/2022,0.0022781
13/06/2022,0
14/06/2022,0.0068028
15/06/2022,0
16/06/2022,0.0045094
17/06/2022,0.0078433
21/06/2022,-0.0078433
22/06/2022,0.0122976
23/06/2022,-0.0236099
24/06/2022,0.0191555
28/06/2022,0
29/06/2022,-0.0011168
30/06/2022,0.0183775
01/07/2022,-0.0006583
05/07/2022,-0.0088203
06/07/2022,0.0066223
07/07/2022,0.0054855
08/07/2022,-0.0098956
12/07/2022,0
13/07/2022,0.0033538
14/07/2022,0.0022297
15/07/2022,0.0022247
18/07/2022,0.0143411
19/07/2022,-0.0065935
20/07/2022,-0.0177982
21/07/2022,0
22/07/2022,0.0177982
26/07/2022,-0.0155907
27/07/2022,0
28/07/2022,0.0189002
29/07/2022,0
01/08/2022,-0.0189002
02/08/2022,0.0298531
03/08/2022,-0.0087528
05/08/2022,0.029886
08/08/2022,-0.0098629
10/08/2022,0.0255997
11/08/2022,-0.0143888
12/08/2022,0.0110867
16/08/2022,-0.0033131
17/08/2022,0.0022099
18/08/2022,0.0011032
19/08/2022,0.0109649
22/08/2022,0.0086863
23/08/2022,-0.0498717
24/08/2022,0
25/08/2022,0
26/08/2022,0
29/08/2022,0.0011356
30/08/2022,-0.0011356
31/08/2022,0.0090499
02/09/2022,0.013423
06/09/2022,-0.0213373
07/09/2022,-0.0045507
08/09/2022,0.0068183
09/09/2022,0.0146153
14/09/2022,-0.0011103
15/09/2022,-0.0033391
16/09/2022,0.0121887
19/09/2022,-0.0088496
20/09/2022,-0.0281711
22/09/2022,0.0033841
23/09/2022,0
26/09/2022,0.013423
27/09/2022,0.0088496
28/09/2022,-0.004415
29/09/2022,-0.0044346
30/09/2022,0.0132451
03/10/2022,-0.0266681
04/10/2022,0.0244727
05/10/2022,0.0021954
06/10/2022,-0.001097
07/10/2022,-0.0077136
11/10/2022,-0.0348938
12/10/2022,0
13/10/2022,0.0022881
14/10/2022,0.0056982
18/10/2022,0.0145173
19/10/2022,-0.0156426
21/10/2022,-0.0268474
25/10/2022,0.0202029
26/10/2022,-0.0304592
27/10/2022,0
28/10/2022,0.0147812
31/10/2022,-0.0113509
01/11/2022,0.0102217
03/11/2022,0.0045094
09/11/2022,-0.022651
10/11/2022,0
14/11/2022,0.0022881
15/11/2022,-0.0022881
16/11/2022,-0.0022938
17/11/2022,0
21/11/2022,0.0022938
22/11/2022,0
23/11/2022,-0.0034425
25/11/2022,0
28/11/2022,0.0080137
29/11/2022,0.0056851
30/11/2022,0.0022652
05/12/2022,0
06/12/2022,0
08/12/2022,0.0080137
09/12/2022,-0.0080137
13/12/2022,0.0068729
14/12/2022,0
15/12/2022,-0.0022857
16/12/2022,0.0091116
19/12/2022,-0.0079682
20/12/2022,0.0022831
21/12/2022,-0.0080137
22/12/2022,0
23/12/2022,0.0136988
28/12/2022,0
29/12/2022,0.0091536
30/12/2022,-0.0011399
04/01/2023,-0.006865
05/01/2023,0
06/01/2023,0.0011475
10/01/2023,0
11/01/2023,0.0136833
12/01/2023,0.0056467
13/01/2023,-0.01933
17/01/2023,0.0136833
18/01/2023,0.0033917
19/01/2023,-0.0022597
20/01/2023,-0.0102334
24/01/2023,-0.001132
25/01/2023,0.0101409
26/01/2023,0.0089288
30/01/2023,-0.0156779
31/01/2023,-0.0056593
02/02/2023,0.0067873
03/02/2023,0.0200901
06/02/2023,-0.0011055
07/02/2023,0.004415
08/02/2023,-0.004415
09/02/2023,0
10/02/2023,0.0022099
13/02/2023,0.0087912
14/02/2023,0
15/02/2023,-0.0021906
16/02/2023,0.0087337
17/02/2023,-0.0021763
21/02/2023,0.0119114
22/02/2023,-0.0228643
23/02/2023,0.0131292
24/02/2023,0.0043385
28/02/2023,0.002167
01/03/2023,0
02/03/2023,0
03/03/2023,0
07/03/2023,0
08/03/2023,0.0150378
09/03/2023,-0.0042734
10/03/2023,0.0042734
13/03/2023,0.0021298
14/03/2023,0
15/03/2023,-0.0064032
16/03/2023,0.0064032
17/03/2023,-0.0139263
21/03/2023,0
23/03/2023,0.0010784
24/03/2023,-0.0119245
29/03/2023,0
30/03/2023,-0.001091
