DATE,Msem
05/01/2010,0.0074096
06/01/2010,0.0043788
07/01/2010,0.0085111
08/01/2010,0.0055346
11/01/2010,-0.0007353
12/01/2010,0.003406
13/01/2010,-0.006587
14/01/2010,-0.0034165
15/01/2010,0.0091825
19/01/2010,-0.0017557
20/01/2010,0.003438
21/01/2010,0.0014281
22/01/2010,-0.0034275
25/01/2010,0.0008216
26/01/2010,0.0041251
27/01/2010,-0.0001693
28/01/2010,0.0050397
29/01/2010,0.0116529
02/02/2010,0.0023465
03/02/2010,0.0009565
04/02/2010,-0.0006356
05/02/2010,-0.011929
08/02/2010,-0.0075712
09/02/2010,-0.0002804
10/02/2010,-0.0011868
11/02/2010,-0.0006614
12/02/2010,-0.0111136
16/02/2010,-0.0083809
17/02/2010,-0.0036182
18/02/2010,-0.002399
19/02/2010,0.0035906
22/02/2010,-0.0029426
23/02/2010,-0.0022826
24/02/2010,-0.0017581
25/02/2010,-0.0048866
01/03/2010,-0.0072312
02/03/2010,-0.0039787
03/03/2010,-0.0082664
04/03/2010,0.0029378
05/03/2010,0.012393
09/03/2010,0.0090303
10/03/2010,0.0045633
11/03/2010,0.0023937
15/03/2010,-0.0044074
17/03/2010,-0.0031242
18/03/2010,0.0020556
19/03/2010,-0.0021949
22/03/2010,-0.002461
23/03/2010,0.0000725
24/03/2010,-0.0015607
25/03/2010,-0.0004196
26/03/2010,0.0003405
29/03/2010,0.0023923
30/03/2010,-0.0029578
31/03/2010,-0.002533
01/04/2010,-0.0003662
06/04/2010,-0.004631
07/04/2010,0.0022092
08/04/2010,0.0014658
12/04/2010,-0.0009537
13/04/2010,0.0012431
14/04/2010,0.0028834
15/04/2010,0.00173
16/04/2010,0.0025234
19/04/2010,-0.0008502
20/04/2010,0.0045309
21/04/2010,0.0021868
22/04/2010,0.0024962
23/04/2010,0.0016136
26/04/2010,0.0013976
27/04/2010,0.000627
28/04/2010,-0.0021491
29/04/2010,0.0002189
30/04/2010,-0.0000768
04/05/2010,-0.0046258
05/05/2010,0.0014291
07/05/2010,-0.0085101
10/05/2010,-0.0145879
11/05/2010,0.0054235
12/05/2010,-0.0015821
13/05/2010,-0.0127721
14/05/2010,-0.003922
17/05/2010,-0.0137138
18/05/2010,0.0141764
19/05/2010,0.004221
20/05/2010,0.0017729
21/05/2010,-0.0016994
24/05/2010,-0.0044975
26/05/2010,-0.0103889
27/05/2010,-0.001369
28/05/2010,0.0036821
02/06/2010,-0.0009255
03/06/2010,0.0039124
04/06/2010,0.0016165
07/06/2010,-0.0016041
08/06/2010,-0.0019941
09/06/2010,-0.0010481
10/06/2010,-0.0006418
11/06/2010,-0.0024099
14/06/2010,-0.0004706
15/06/2010,0.004663
16/06/2010,0.0033703
17/06/2010,0.0033288
18/06/2010,0.0022621
21/06/2010,0.0034318
22/06/2010,-0.0006514
23/06/2010,0.0014544
24/06/2010,0.0005226
25/06/2010,0.0009294
28/06/2010,0.0012321
29/06/2010,0.0022898
30/06/2010,0.0008221
02/07/2010,0.0039549
06/07/2010,0.0010448
07/07/2010,0.0012612
08/07/2010,0.0006871
09/07/2010,0.0036569
12/07/2010,0.001596
13/07/2010,0.0048676
14/07/2010,0.0068598
15/07/2010,0.0035486
16/07/2010,-0.0031042
19/07/2010,-0.0015821
20/07/2010,0.0043025
21/07/2010,0.0025892
22/07/2010,-0.0004535
23/07/2010,-0.00174
26/07/2010,-0.0013766
27/07/2010,0.0008154
28/07/2010,0.0096288
29/07/2010,0.0045991
30/07/2010,-0.0007048
02/08/2010,0.0020256
03/08/2010,0.0003953
05/08/2010,0.0041342
06/08/2010,0.0015788
09/08/2010,-0.0000858
10/08/2010,0.0018053
11/08/2010,-0.0018973
12/08/2010,-0.0061646
16/08/2010,-0.0003586
17/08/2010,0.0003872
18/08/2010,0.0005322
19/08/2010,-0.000607
20/08/2010,0.0004449
23/08/2010,0.0062761
24/08/2010,-0.0072651
25/08/2010,0.0009427
26/08/2010,0.0014501
30/08/2010,-0.0028262
31/08/2010,-0.0047107
01/09/2010,-0.0036879
02/09/2010,-0.0093412
03/09/2010,0.0003595
07/09/2010,-0.0021992
08/09/2010,-0.0013113
13/09/2010,0.0032144
14/09/2010,0.0035801
15/09/2010,0.0158858
16/09/2010,0.017302
17/09/2010,0.0116863
20/09/2010,-0.004921
22/09/2010,0.0097289
23/09/2010,-0.001461
24/09/2010,-0.0064778
27/09/2010,-0.0022726
28/09/2010,0.0063233
29/09/2010,0.0003719
30/09/2010,-0.0076318
01/10/2010,-0.0078907
04/10/2010,0.0023727
05/10/2010,0.0126653
06/10/2010,0.004231
07/10/2010,0.0014195
08/10/2010,0.0061316
12/10/2010,0.0107198
13/10/2010,0.0123663
14/10/2010,0.0128603
15/10/2010,0.003633
18/10/2010,-0.0024347
19/10/2010,-0.0063071
21/10/2010,-0.0020642
22/10/2010,0.0013256
25/10/2010,0.0015955
26/10/2010,0.0004878
27/10/2010,0.0020947
28/10/2010,0.0021553
29/10/2010,0.003582
01/11/2010,0.0032263
03/11/2010,-0.0017328
04/11/2010,0.0016522
08/11/2010,0.0028367
09/11/2010,0.0101566
10/11/2010,-0.0017686
12/11/2010,0.000731
15/11/2010,0.0053768
19/11/2010,-0.002295
22/11/2010,-0.0017824
23/11/2010,0.0005178
24/11/2010,-0.007205
26/11/2010,0.0053678
29/11/2010,-0.0021129
30/11/2010,0.0009756
01/12/2010,0.0048761
02/12/2010,0.0041142
08/12/2010,0.0010843
09/12/2010,-0.0039983
10/12/2010,-0.0038638
14/12/2010,-0.0010228
15/12/2010,-0.0004387
16/12/2010,-0.000392
17/12/2010,0.0001726
20/12/2010,-0.0034175
21/12/2010,-0.0062847
22/12/2010,0.009582
23/12/2010,0.0076361
24/12/2010,-0.0014687
29/12/2010,0.0051579
30/12/2010,0.0081029
31/12/2010,0.0080528
04/01/2011,0.006813
05/01/2011,0.0048795
06/01/2011,0.0043063
07/01/2011,-0.0023589
31/01/2011,-0.0077662
02/02/2011,0.0026546
04/02/2011,-0.0005374
07/02/2011,-0.0023541
08/02/2011,-0.0045023
09/02/2011,0.0034046
10/02/2011,0.0094194
11/02/2011,0.0053811
14/02/2011,0.0102425
16/02/2011,-0.0004439
17/02/2011,-0.0030494
18/02/2011,-0.0032578
22/02/2011,-0.0120511
23/02/2011,-0.0012097
24/02/2011,-0.0014968
25/02/2011,-0.0004191
08/03/2011,-0.0005016
09/03/2011,-0.0033698
10/03/2011,0.0001941
11/03/2011,-0.0016112
14/03/2011,-0.002635
15/03/2011,-0.000761
16/03/2011,-0.0083919
17/03/2011,-0.0164995
22/03/2011,0.012466
23/03/2011,0.0039344
24/03/2011,0.0052967
25/03/2011,0.0016475
28/03/2011,0.0012136
29/03/2011,0.0001354
30/03/2011,0.0016274
31/03/2011,0.0034361
01/04/2011,0.0001597
05/04/2011,-0.0011721
06/04/2011,0.0032735
07/04/2011,0.0033131
08/04/2011,0.0050397
11/04/2011,0.0067463
12/04/2011,-0.0012946
13/04/2011,0.0032673
14/04/2011,0.0034909
15/04/2011,-0.0014
18/04/2011,-0.0029178
19/04/2011,-0.000196
20/04/2011,0.0001764
21/04/2011,0.0019512
26/04/2011,-0.0009475
27/04/2011,0.0003257
28/04/2011,0.0010438
29/04/2011,0.0009313
03/05/2011,0.0020933
04/05/2011,-0.0030007
05/05/2011,-0.0044861
06/05/2011,0.0022068
09/05/2011,0.0060058
10/05/2011,0.009129
11/05/2011,0.0091553
12/05/2011,-0.0005841
13/05/2011,0.0024443
16/05/2011,0.0019274
17/05/2011,-0.0014396
18/05/2011,-0.0047112
19/05/2011,-0.0025692
20/05/2011,-0.0029535
23/05/2011,-0.0017395
24/05/2011,-0.0005178
26/05/2011,-0.0023046
27/05/2011,0.0013595
31/05/2011,-0.0020566
02/06/2011,-0.0010047
03/06/2011,0.0010576
07/06/2011,0.0017891
08/06/2011,-0.0017214
09/06/2011,0.0024848
10/06/2011,-0.0002398
13/06/2011,-0.0002546
14/06/2011,0.0006771
15/06/2011,0.0009308
16/06/2011,0.001471
17/06/2011,0.0020614
20/06/2011,-0.0029526
21/06/2011,-0.0017605
22/06/2011,0.0039964
23/06/2011,-0.0028687
24/06/2011,0.0014138
27/06/2011,0.0002012
28/06/2011,-0.0006371
29/06/2011,0.0016465
30/06/2011,0.0033665
05/07/2011,0.0029421
06/07/2011,-0.0025415
07/07/2011,0.0005908
08/07/2011,-0.0001478
12/07/2011,-0.0045667
13/07/2011,-0.0077424
14/07/2011,-0.0029793
15/07/2011,0.001452
18/07/2011,-0.0037241
19/07/2011,-0.0007014
20/07/2011,-0.0028071
21/07/2011,-0.0007381
22/07/2011,0.00173
26/07/2011,0.0008636
27/07/2011,-0.0034451
28/07/2011,-0.0039611
29/07/2011,0.001842
02/08/2011,-0.0008755
03/08/2011,-0.0046453
04/08/2011,0.0043454
05/08/2011,-0.012609
08/08/2011,-0.0323238
10/08/2011,0.033112
11/08/2011,-0.0111122
12/08/2011,0.0090408
15/08/2011,0.0001793
16/08/2011,0.0011201
17/08/2011,-0.0033183
18/08/2011,-0.0023732
19/08/2011,-0.008194
24/08/2011,0.0041103
26/08/2011,-0.0015335
29/08/2011,0.0017753
06/09/2011,-0.0115504
07/09/2011,0.0012221
08/09/2011,0.0077591
09/09/2011,-0.0079818
13/09/2011,-0.0018005
14/09/2011,-0.0095544
15/09/2011,-0.0059423
16/09/2011,0.0018601
19/09/2011,-0.0001631
20/09/2011,-0.0033388
22/09/2011,-0.0030961
23/09/2011,-0.015954
26/09/2011,-0.003561
27/09/2011,0.0065241
28/09/2011,0.0130916
29/09/2011,-0.0000582
30/09/2011,0.0074034
03/10/2011,-0.0035787
04/10/2011,0.0002375
05/10/2011,-0.004179
06/10/2011,-0.002861
07/10/2011,0.0014501
11/10/2011,0.0002813
14/10/2011,0.0018535
19/10/2011,-0.0022182
21/10/2011,0.0023403
24/10/2011,0.0049853
27/10/2011,-0.005034
28/10/2011,-0.0055137
31/10/2011,-0.0056767
03/11/2011,0.00316
04/11/2011,0.0018883
08/11/2011,0.0007901
09/11/2011,0.0003715
10/11/2011,0.0002408
14/11/2011,0.0061469
15/11/2011,-0.0030503
16/11/2011,-0.0049233
17/11/2011,-0.0000577
21/11/2011,-0.0018864
22/11/2011,-0.0011134
23/11/2011,-0.0014582
25/11/2011,-0.0031614
28/11/2011,-0.00214
30/11/2011,-0.0091796
05/12/2011,0.003191
06/12/2011,0.0017233
07/12/2011,-0.0001717
08/12/2011,-0.0025082
09/12/2011,0.0002365
13/12/2011,0.0021782
14/12/2011,-0.001904
15/12/2011,0.0023661
16/12/2011,-0.0033836
19/12/2011,-0.0004153
20/12/2011,-0.0025802
21/12/2011,0.0045085
22/12/2011,0.0008497
23/12/2011,0.0054951
28/12/2011,0.0059624
30/12/2011,0.0035439
03/01/2012,-0.0003605
04/01/2012,0.0012813
05/01/2012,0.000762
06/01/2012,0.0012517
10/01/2012,-0.0021205
11/01/2012,-0.0035777
12/01/2012,-0.0034089
13/01/2012,0.0010681
17/01/2012,-0.0001974
18/01/2012,-0.0044951
19/01/2012,-0.0005636
20/01/2012,-0.0056829
24/01/2012,-0.0028915
25/01/2012,-0.0056124
26/01/2012,-0.0006533
27/01/2012,-0.0003324
30/01/2012,0.0023398
31/01/2012,-0.0061665
02/02/2012,0.001585
03/02/2012,0.0008187
06/02/2012,-0.0020595
08/02/2012,0.0024519
09/02/2012,-0.0002179
10/02/2012,-0.0001473
13/02/2012,-0.0043578
14/02/2012,-0.0054016
15/02/2012,0.0050836
16/02/2012,-0.0020523
17/02/2012,0.0013995
21/02/2012,-0.0037699
22/02/2012,-0.001791
23/02/2012,-0.0019321
24/02/2012,-0.0047088
28/02/2012,-0.0080829
29/02/2012,-0.0061278
01/03/2012,0.0035911
02/03/2012,0.0001068
05/03/2012,-0.0008373
07/03/2012,-0.0004997
08/03/2012,-0.0061383
09/03/2012,-0.0002432
13/03/2012,0.0017514
14/03/2012,-0.0028663
15/03/2012,-0.0016718
16/03/2012,-0.001163
19/03/2012,-0.0030537
21/03/2012,0.0007725
22/03/2012,0.0015779
26/03/2012,0.0001078
27/03/2012,0.0020843
28/03/2012,0.003417
29/03/2012,0.0113983
30/03/2012,0.0068173
02/04/2012,-0.0050459
03/04/2012,0.0025401
04/04/2012,0.001708
05/04/2012,-0.0021691
10/04/2012,0.0017419
11/04/2012,-0.0007262
12/04/2012,0.0003052
13/04/2012,0.0006771
16/04/2012,-0.0023494
17/04/2012,-0.003325
18/04/2012,-0.0012336
19/04/2012,0.0017076
20/04/2012,-0.0006247
23/04/2012,0.0011601
24/04/2012,-0.0006747
25/04/2012,0.0014601
26/04/2012,-0.0004954
27/04/2012,0.000618
30/04/2012,0.000885
02/05/2012,0.0010061
03/05/2012,0.0000944
04/05/2012,-0.0008559
07/05/2012,-0.0012355
08/05/2012,0.0028248
09/05/2012,0.0018253
10/05/2012,-0.0025864
11/05/2012,0.0002446
14/05/2012,0.0032444
15/05/2012,0.0013671
16/05/2012,0.0070701
17/05/2012,0.0032015
18/05/2012,-0.0029383
21/05/2012,0.0025768
22/05/2012,-0.0014462
23/05/2012,-0.0019321
24/05/2012,-0.0037155
29/05/2012,-0.0047956
30/05/2012,0.0021629
31/05/2012,-0.0025783
05/06/2012,-0.0017395
06/06/2012,-0.0020323
07/06/2012,-0.0006132
08/06/2012,0.00073
11/06/2012,-0.0009308
12/06/2012,-0.0017362
13/06/2012,0.000402
15/06/2012,-0.0016532
18/06/2012,-0.0011077
19/06/2012,0.0005765
20/06/2012,-0.0018253
21/06/2012,-0.0012727
22/06/2012,-0.0009432
25/06/2012,0.0048461
26/06/2012,-0.002821
27/06/2012,-0.0047469
28/06/2012,0.0004725
29/06/2012,-0.0003939
03/07/2012,0.0008993
05/07/2012,-0.0019178
06/07/2012,-0.0005407
09/07/2012,-0.0070477
10/07/2012,-0.0017657
12/07/2012,-0.0011735
13/07/2012,0.0010881
16/07/2012,0.0002623
17/07/2012,-0.0030513
18/07/2012,-0.0022068
19/07/2012,-0.0012426
20/07/2012,-0.0011702
24/07/2012,-0.0001602
26/07/2012,-0.0003953
27/07/2012,0.0024552
30/07/2012,0.0026031
31/07/2012,-0.0013065
01/08/2012,0.0015631
02/08/2012,-0.0005531
03/08/2012,-0.0024896
07/08/2012,0.0009112
08/08/2012,-0.0054393
09/08/2012,-0.0025949
14/08/2012,-0.000411
16/08/2012,-0.0017838
17/08/2012,-0.0037408
21/08/2012,0.0002093
22/08/2012,-0.0036488
23/08/2012,-0.0034518
24/08/2012,-0.0013661
27/08/2012,-0.0066113
28/08/2012,-0.0036454
29/08/2012,-0.0026474
30/08/2012,-0.0007496
31/08/2012,0.0031953
04/09/2012,0.0042014
05/09/2012,0.0021
06/09/2012,-0.0019464
07/09/2012,0.0009737
11/09/2012,0.0035758
12/09/2012,-0.001224
13/09/2012,-0.0011663
14/09/2012,0.0033541
17/09/2012,0.0016961
18/09/2012,0.0015121
19/09/2012,0.0055528
24/09/2012,-0.0005536
25/09/2012,-0.0016685
26/09/2012,-0.010047
27/09/2012,0.0057225
28/09/2012,-0.0011911
01/10/2012,-0.0019102
02/10/2012,0.0011759
03/10/2012,-0.0018587
04/10/2012,-0.0004354
05/10/2012,-0.0001769
09/10/2012,-0.0000296
10/10/2012,0.0010247
11/10/2012,-0.0013018
12/10/2012,-0.0031629
16/10/2012,-0.002666
17/10/2012,0.0004792
18/10/2012,0.0032663
19/10/2012,-0.0006075
22/10/2012,-0.0001063
23/10/2012,0.0007081
24/10/2012,-0.0011392
25/10/2012,-0.0015597
29/10/2012,-0.0044708
30/10/2012,-0.0099669
01/11/2012,-0.0041823
05/11/2012,0.0021353
06/11/2012,-0.000493
07/11/2012,0.0010338
08/11/2012,-0.0001321
09/11/2012,-0.0032849
14/11/2012,-0.0024924
20/11/2012,-0.0024085
21/11/2012,0.0014553
23/11/2012,0.0061421
26/11/2012,0.0025992
27/11/2012,-0.0007777
28/11/2012,0.0021291
30/11/2012,0.0037942
03/12/2012,0.0035963
04/12/2012,-0.0009604
05/12/2012,0.0030017
06/12/2012,0.0059237
10/12/2012,0.0012636
11/12/2012,-0.001123
13/12/2012,-0.0009303
14/12/2012,-0.0024667
17/12/2012,0.0027304
18/12/2012,-0.0007257
19/12/2012,0.001965
20/12/2012,0.0053968
21/12/2012,-0.0005932
27/12/2012,0.0030379
28/12/2012,0.0007291
31/12/2012,0.002017
03/01/2013,-0.0002537
04/01/2013,0.0003867
07/01/2013,-0.0000577
09/01/2013,0.0015678
10/01/2013,0.0048199
11/01/2013,0.0071616
15/01/2013,0.0063238
16/01/2013,-0.0012851
17/01/2013,-0.000134
18/01/2013,-0.000783
22/01/2013,-0.0020843
23/01/2013,0.0004821
25/01/2013,0.0009451
29/01/2013,0.0014114
30/01/2013,0.0019827
31/01/2013,0.0019069
04/02/2013,0.0030389
05/02/2013,0.0008631
06/02/2013,0.0018959
07/02/2013,0.0019798
08/02/2013,0.0024109
11/02/2013,0.0030794
12/02/2013,0.0018945
13/02/2013,0.0033474
14/02/2013,0.0001035
15/02/2013,0.0064931
19/02/2013,0.0046468
20/02/2013,0.0044856
22/02/2013,0.0046887
27/02/2013,-0.002872
28/02/2013,0.0014262
01/03/2013,0.004704
05/03/2013,0.0043716
07/03/2013,-0.001977
08/03/2013,0.0008779
11/03/2013,0.001606
13/03/2013,0.0038042
14/03/2013,0.0069222
15/03/2013,0.0005431
18/03/2013,0.0003076
19/03/2013,-0.0018854
21/03/2013,0.0009794
22/03/2013,-0.0031886
25/03/2013,0.0001836
26/03/2013,0.0043135
27/03/2013,0.0016356
28/03/2013,0.0051813
02/04/2013,-0.0007329
03/04/2013,-0.0027852
04/04/2013,-0.0027561
05/04/2013,-0.0014071
08/04/2013,0.0019193
10/04/2013,0.0006738
12/04/2013,-0.0007048
15/04/2013,-0.005444
16/04/2013,0.0011973
17/04/2013,0.0015993
18/04/2013,-0.0017357
19/04/2013,-0.000567
22/04/2013,0.0003939
23/04/2013,0.0001678
24/04/2013,-0.0014234
25/04/2013,-0.0021572
26/04/2013,0.0007954
29/04/2013,0.0038552
30/04/2013,0.0032344
02/05/2013,0.0041771
03/05/2013,0.0008116
06/05/2013,0
07/05/2013,0.0000257
08/05/2013,0.0062666
09/05/2013,0.005847
10/05/2013,0.0036302
13/05/2013,0.0021272
14/05/2013,-0.0041199
15/05/2013,0.003118
16/05/2013,-0.0022364
17/05/2013,0.0014849
20/05/2013,-0.003788
21/05/2013,0.0005593
22/05/2013,0.0000515
23/05/2013,-0.0004778
24/05/2013,-0.0023904
04/06/2013,0.0019865
05/06/2013,0
06/06/2013,0.0002723
07/06/2013,-0.0053697
10/06/2013,-0.0017166
11/06/2013,0.0018148
12/06/2013,-0.0002322
13/06/2013,-0.0021472
14/06/2013,-0.0009117
17/06/2013,-0.0017433
18/06/2013,0.0044765
19/06/2013,-0.000967
20/06/2013,-0.0012274
21/06/2013,0.0006528
24/06/2013,-0.0047278
25/06/2013,-0.0030632
26/06/2013,-0.004796
28/06/2013,0.0006475
02/07/2013,-0.0003667
03/07/2013,-0.0047321
05/07/2013,-0.0029263
08/07/2013,-0.0089469
09/07/2013,-0.0005598
10/07/2013,-0.0037274
12/07/2013,-0.0052943
15/07/2013,-0.0009193
16/07/2013,0.0014834
17/07/2013,-0.0043221
18/07/2013,0.0046763
19/07/2013,-0.0003438
22/07/2013,0.0015883
23/07/2013,0.0006804
24/07/2013,0.0010123
26/07/2013,0.0002251
29/07/2013,0.0002785
30/07/2013,0.0001717
31/07/2013,-0.0002518
01/08/2013,0.0019751
02/08/2013,0.0005403
05/08/2013,0.0000749
06/08/2013,0.0028338
07/08/2013,-0.0035772
12/08/2013,0.0003533
15/08/2013,0.0044746
16/08/2013,0.0025187
19/08/2013,0.0036311
20/08/2013,0.00106
21/08/2013,0.0037823
22/08/2013,0.0048084
23/08/2013,0.0041823
26/08/2013,0.0031223
27/08/2013,-0.0003424
28/08/2013,-0.0013037
29/08/2013,0.0026727
30/08/2013,-0.0003319
03/09/2013,-0.0000257
04/09/2013,0.0029454
05/09/2013,0.0005012
06/09/2013,-0.0008993
11/09/2013,0.0058708
12/09/2013,-0.0025067
13/09/2013,0.0006323
16/09/2013,0.0037503
17/09/2013,0.0060501
18/09/2013,-0.0030947
19/09/2013,0.0004544
20/09/2013,0.0014124
24/09/2013,-0.0051551
25/09/2013,-0.0007987
26/09/2013,0.0003123
27/09/2013,0.0028629
30/09/2013,0.0013471
02/10/2013,-0.0014372
03/10/2013,-0.0003519
07/10/2013,0.0024195
09/10/2013,0.0028896
10/10/2013,0.0000257
14/10/2013,-0.0011621
18/10/2013,0.0006719
23/10/2013,0.0022902
24/10/2013,0.0051894
25/10/2013,0.003325
28/10/2013,0.0032797
29/10/2013,0.0068374
30/10/2013,0.00176
31/10/2013,0.0039082
06/11/2013,-0.000329
07/11/2013,0.0022259
08/11/2013,-0.0007744
12/11/2013,-0.0087361
13/11/2013,0.0053692
14/11/2013,0.0009632
15/11/2013,0.0075655
19/11/2013,-0.0001369
20/11/2013,0.0005336
21/11/2013,-0.0006757
22/11/2013,-0.0017347
25/11/2013,-0.0023179
26/11/2013,-0.0017915
27/11/2013,0.0004287
29/11/2013,0.0003295
02/12/2013,0.0000987
03/12/2013,0.0036249
04/12/2013,-0.0014572
09/12/2013,0.0046954
10/12/2013,0.003263
11/12/2013,0.0021935
16/12/2013,0.0030098
17/12/2013,-0.0001154
18/12/2013,-0.0013618
19/12/2013,-0.0019536
20/12/2013,0.0030112
23/12/2013,0.0042858
24/12/2013,0.0003605
27/12/2013,0.0020347
30/12/2013,0.0003057
31/12/2013,0.0020065
03/01/2014,0.0069804
06/01/2014,0.0065789
07/01/2014,0.0040493
15/01/2014,0.0011744
16/01/2014,0.0017266
21/01/2014,-0.0031548
22/01/2014,-0.0012188
23/01/2014,-0.0029941
24/01/2014,-0.0013938
28/01/2014,-0.0035663
29/01/2014,-0.004127
30/01/2014,-0.0046759
03/02/2014,-0.0060425
04/02/2014,-0.0068359
05/02/2014,-0.0016909
07/02/2014,0.0057507
10/02/2014,-0.0002513
11/02/2014,-0.0007067
12/02/2014,0.0079346
14/02/2014,0.0005121
18/02/2014,-0.0024548
19/02/2014,0.0027661
20/02/2014,-0.0006561
21/02/2014,-0.0010495
25/02/2014,0.0011268
26/02/2014,-0.001266
27/02/2014,-0.0024066
03/03/2014,0.0026851
04/03/2014,-0.0027523
07/03/2014,-0.0016904
10/03/2014,-0.0010996
11/03/2014,0.0001783
13/03/2014,-0.0024199
14/03/2014,-0.0001888
17/03/2014,-0.0019512
18/03/2014,0.0018449
21/03/2014,-0.0019374
24/03/2014,-0.0007472
25/03/2014,0.0027766
26/03/2014,0.0069776
27/03/2014,0.0021071
28/03/2014,0.0032983
01/04/2014,-0.0011911
02/04/2014,0.0002012
03/04/2014,0.0011473
04/04/2014,0.0043058
07/04/2014,-0.000433
08/04/2014,-0.0015483
10/04/2014,0.0013332
11/04/2014,-0.0028548
14/04/2014,-0.002944
15/04/2014,-0.0006175
16/04/2014,-0.0009394
17/04/2014,0.0020356
22/04/2014,-0.0001965
23/04/2014,-0.0004983
24/04/2014,-0.0024095
25/04/2014,0.000639
28/04/2014,-0.0014758
29/04/2014,-0.0021906
30/04/2014,-0.0004387
02/05/2014,-0.0041313
05/05/2014,-0.0063291
06/05/2014,-0.0047817
07/05/2014,-0.0064692
08/05/2014,0.0011773
09/05/2014,0.0010872
12/05/2014,0.0008159
13/05/2014,0.0015216
14/05/2014,0.00173
15/05/2014,0.0014634
16/05/2014,0.0060396
19/05/2014,0.0011172
20/05/2014,-0.0005922
21/05/2014,0.0011067
22/05/2014,0.0019388
23/05/2014,0.0027957
27/05/2014,0.0021901
28/05/2014,0.0003514
29/05/2014,0.0031743
30/05/2014,-0.0022497
03/06/2014,0.0010252
04/06/2014,0.0007353
05/06/2014,0.004087
06/06/2014,0.0013633
09/06/2014,0.0004301
10/06/2014,-0.0010042
11/06/2014,-0.0019388
12/06/2014,-0.0031295
13/06/2014,-0.0024304
16/06/2014,-0.0006847
17/06/2014,-0.0014958
18/06/2014,-0.000464
19/06/2014,-0.0036011
20/06/2014,0.0029392
23/06/2014,0.0035133
24/06/2014,-0.0009737
25/06/2014,0.0005064
26/06/2014,0.000289
27/06/2014,0.000906
30/06/2014,0.0036616
02/07/2014,0.0003061
03/07/2014,-0.0010281
07/07/2014,-0.001935
08/07/2014,-0.003583
09/07/2014,-0.0037885
10/07/2014,0.0045919
14/07/2014,-0.0024166
15/07/2014,-0.0025868
16/07/2014,-0.0001984
17/07/2014,0.0032101
18/07/2014,0.0031328
21/07/2014,9.54E-06
22/07/2014,0.0010295
23/07/2014,0.0010567
24/07/2014,0.002398
31/07/2014,0.0043993
01/08/2014,-0.0022759
04/08/2014,0.0008101
05/08/2014,-0.000248
06/08/2014,0.0010238
07/08/2014,0.0025144
08/08/2014,-0.000114
11/08/2014,-0.0051742
12/08/2014,-0.0005965
14/08/2014,0.0014882
18/08/2014,0.0036907
19/08/2014,0.0015087
20/08/2014,0.0014353
21/08/2014,0.0062385
22/08/2014,-0.0042334
25/08/2014,-0.0011773
26/08/2014,-0.0013676
27/08/2014,-0.000185
28/08/2014,0.0006633
29/08/2014,-0.0017581
02/09/2014,0.0011139
03/09/2014,-0.0014458
04/09/2014,-0.0006218
05/09/2014,0.0037618
09/09/2014,0.0006762
10/09/2014,0.0001559
11/09/2014,0.0021853
12/09/2014,0.0023031
15/09/2014,-0.0003715
16/09/2014,0.0005741
17/09/2014,-0.0021377
18/09/2014,0.000947
19/09/2014,-0.0009236
23/09/2014,0.000906
24/09/2014,0.005393
25/09/2014,0.0044827
26/09/2014,0.0049267
29/09/2014,0.0009103
30/09/2014,-0.0000792
01/10/2014,-0.0034499
02/10/2014,0.0044289
03/10/2014,0.0001626
07/10/2014,0.000555
08/10/2014,0.003077
09/10/2014,-0.0024719
10/10/2014,-0.0041838
14/10/2014,-0.0013132
16/10/2014,-0.00385
17/10/2014,-0.0038419
21/10/2014,-0.0015922
22/10/2014,-0.0015478
27/10/2014,0.0013623
28/10/2014,0.0003991
29/10/2014,-0.0000892
30/10/2014,0.0004601
31/10/2014,-0.000596
03/11/2014,-0.0002584
04/11/2014,-0.0032358
05/11/2014,-0.0004144
06/11/2014,-0.0011601
07/11/2014,-0.0021253
10/11/2014,-0.0025992
12/11/2014,-0.0012951
13/11/2014,0.0006642
14/11/2014,-0.0025978
17/11/2014,-0.0011039
19/11/2014,-0.0016541
20/11/2014,-0.0004964
21/11/2014,0.0007873
24/11/2014,-0.0011311
25/11/2014,-0.0004964
26/11/2014,-0.000134
28/11/2014,0.0035005
01/12/2014,0.0003619
02/12/2014,-0.000752
03/12/2014,0.0005522
08/12/2014,-0.0020294
09/12/2014,-0.002965
11/12/2014,-0.0004644
15/12/2014,-0.0027757
16/12/2014,0.0002451
17/12/2014,-0.0034337
18/12/2014,-0.0038815
19/12/2014,-0.0023561
22/12/2014,0.0014553
23/12/2014,0.0035853
24/12/2014,-0.0007396
29/12/2014,0.0014286
30/12/2014,-0.002439
31/12/2014,0.0028152
05/01/2015,-0.0017228
06/01/2015,-0.0039835
07/01/2015,-0.0021653
09/01/2015,0.0013146
12/01/2015,-0.0030217
13/01/2015,0.0001612
15/01/2015,0.0002351
16/01/2015,-0.0007687
20/01/2015,-0.004631
21/01/2015,-0.00243
22/01/2015,-0.0039158
23/01/2015,0.0015149
27/01/2015,-0.0021892
28/01/2015,0.0007663
29/01/2015,-0.0019546
30/01/2015,0.0002427
02/02/2015,-0.0058055
05/02/2015,-0.0023394
06/02/2015,-0.0018277
09/02/2015,-0.0020175
10/02/2015,0.0001006
11/02/2015,-0.0010352
12/02/2015,0.0003719
13/02/2015,-0.0006332
18/02/2015,0.0064516
20/02/2015,-0.0000854
24/02/2015,0.0042863
25/02/2015,0.0009227
27/02/2015,-0.0030866
02/03/2015,-0.0000148
03/03/2015,-0.0027037
04/03/2015,-0.0020084
05/03/2015,-0.002542
09/03/2015,-0.002461
10/03/2015,-0.0007362
11/03/2015,-0.0033336
13/03/2015,-0.0053749
16/03/2015,-0.0032516
17/03/2015,-0.0016499
18/03/2015,-0.0032873
19/03/2015,0.0001888
23/03/2015,0.003109
24/03/2015,0.0064168
25/03/2015,0.002418
26/03/2015,0.00002
27/03/2015,0.0028
30/03/2015,-0.0034266
31/03/2015,-0.0015078
01/04/2015,0.0013256
02/04/2015,-0.0011582
07/04/2015,-0.0069709
08/04/2015,-0.0008864
10/04/2015,-0.0000405
13/04/2015,-0.004705
14/04/2015,-0.0006709
15/04/2015,-0.0016923
16/04/2015,0.0004516
17/04/2015,-0.0032573
20/04/2015,0.0010285
21/04/2015,-0.0022182
22/04/2015,-0.0032411
23/04/2015,-0.0015936
24/04/2015,-0.0004663
27/04/2015,0.0031085
28/04/2015,0.003881
29/04/2015,0.0047469
30/04/2015,0.0011106
04/05/2015,-0.0022526
05/05/2015,-0.0011282
06/05/2015,-0.0016127
07/05/2015,0.0034938
08/05/2015,0.0014381
11/05/2015,-0.0047059
12/05/2015,-0.0033097
13/05/2015,0.0085783
14/05/2015,0.0022769
15/05/2015,0.0076919
18/05/2015,-0.0002632
19/05/2015,-0.0025296
20/05/2015,-0.0025406
21/05/2015,0.001647
22/05/2015,0.00318
26/05/2015,-0.0035863
27/05/2015,-0.0025234
28/05/2015,-0.0034804
29/05/2015,-0.0021138
03/06/2015,0.0014043
04/06/2015,0.0041752
05/06/2015,0.0014524
08/06/2015,0.0019517
09/06/2015,0.0008655
10/06/2015,0.0001721
11/06/2015,0.0007081
12/06/2015,-0.0015383
15/06/2015,-0.0026007
16/06/2015,0.0017347
17/06/2015,0.001256
18/06/2015,0.0037484
19/06/2015,0.001914
22/06/2015,-0.0006647
23/06/2015,-0.0004835
24/06/2015,-0.0012903
25/06/2015,0.0018597
26/06/2015,-0.0022688
29/06/2015,-0.0006461
30/06/2015,0.0003991
02/07/2015,-0.0034575
03/07/2015,-0.0009003
06/07/2015,0.0001168
07/07/2015,0.0043831
08/07/2015,-0.0018563
09/07/2015,-0.0026388
10/07/2015,-0.0021195
13/07/2015,-0.0077949
14/07/2015,0.0014029
15/07/2015,0.0016618
16/07/2015,-0.0000973
21/07/2015,-0.0014839
22/07/2015,0.0001483
23/07/2015,0.0001793
24/07/2015,0.000123
27/07/2015,0.0023055
28/07/2015,0.0054135
29/07/2015,0.0011725
30/07/2015,0.00109
31/07/2015,-0.0001621
04/08/2015,0.0035777
05/08/2015,0.0015197
06/08/2015,-0.0004692
07/08/2015,-0.0030732
10/08/2015,-0.0043879
11/08/2015,-0.001308
12/08/2015,-0.0014315
14/08/2015,-0.0003715
17/08/2015,0.0027595
18/08/2015,-0.0021996
19/08/2015,0.0017581
20/08/2015,-0.0014024
21/08/2015,-0.0023923
24/08/2015,-0.002521
25/08/2015,-0.0069575
26/08/2015,-0.0025964
27/08/2015,-0.0030432
28/08/2015,-0.0019059
31/08/2015,-0.0004511
01/09/2015,0.0001764
02/09/2015,0.0055022
03/09/2015,0.0025134
04/09/2015,-0.0005918
08/09/2015,-0.0013342
09/09/2015,-0.0010309
10/09/2015,-0.0024123
11/09/2015,-0.0023146
15/09/2015,-0.0013409
16/09/2015,-0.0022697
17/09/2015,-0.0008445
22/09/2015,-0.0024257
23/09/2015,-0.0000787
28/09/2015,0.0004077
29/09/2015,-0.0011606
30/09/2015,-0.0020213
01/10/2015,0.0037093
02/10/2015,0.0002456
05/10/2015,-0.0004702
06/10/2015,-0.0004807
07/10/2015,0
08/10/2015,-0.0065804
09/10/2015,-0.0021062
13/10/2015,-0.0068717
16/10/2015,-0.0033932
21/10/2015,-0.0008454
22/10/2015,0.0019255
23/10/2015,-0.0001497
26/10/2015,0
27/10/2015,0.0032015
28/10/2015,0.0025115
29/10/2015,-0.0009518
30/10/2015,0.0007229
02/11/2015,-0.0012126
03/11/2015,0.002758
05/11/2015,-0.0013151
06/11/2015,-0.0047817
09/11/2015,-0.0009599
10/11/2015,-0.0010519
12/11/2015,-0.0065765
13/11/2015,-0.0025363
16/11/2015,-0.0023966
17/11/2015,-0.004642
19/11/2015,-0.0036802
20/11/2015,-0.0050249
23/11/2015,-0.0019836
24/11/2015,0.0006175
25/11/2015,0.0026484
27/11/2015,0.0022354
30/11/2015,-0.0015264
01/12/2015,-0.0004454
02/12/2015,-0.0014629
07/12/2015,-0.0043612
08/12/2015,-0.0023932
09/12/2015,0.0027361
10/12/2015,0.0003209
11/12/2015,0.0010996
14/12/2015,-0.0003037
15/12/2015,-0.0019636
16/12/2015,-0.0009689
17/12/2015,-0.0010257
18/12/2015,0.002111
21/12/2015,-0.000875
22/12/2015,-0.001297
23/12/2015,-0.0033169
29/12/2015,0.0020237
30/12/2015,0.0054164
31/12/2015,0.0003648
04/01/2016,-0.0027647
05/01/2016,-0.0008311
06/01/2016,-0.0006537
07/01/2016,0.0000219
11/01/2016,-0.0010519
12/01/2016,0
13/01/2016,0.0052886
15/01/2016,0.0018883
19/01/2016,0.0025063
20/01/2016,0.0019403
21/01/2016,-0.003355
22/01/2016,-0.0031066
26/01/2016,-0.0016994
27/01/2016,0.0035396
28/01/2016,0.0118265
29/01/2016,0.0054846
02/02/2016,0.0052652
03/02/2016,-0.0054879
04/02/2016,-0.0007005
05/02/2016,0.008625
09/02/2016,0.00425
10/02/2016,0.0065727
11/02/2016,-0.0126767
12/02/2016,-0.000248
16/02/2016,-0.0056872
17/02/2016,-0.000874
18/02/2016,-0.0053473
19/02/2016,-0.0041256
23/02/2016,-0.0018435
24/02/2016,-0.0035534
25/02/2016,-0.003777
26/02/2016,0.0022502
29/02/2016,0.0024385
01/03/2016,0.0002375
02/03/2016,0.0044842
03/03/2016,0.0014338
04/03/2016,-0.0005326
08/03/2016,-0.0008354
09/03/2016,-0.0009851
11/03/2016,-0.0007491
14/03/2016,-0.0031567
15/03/2016,-0.0040593
16/03/2016,-0.0010719
17/03/2016,-0.0017066
18/03/2016,-0.0030379
21/03/2016,-0.0023751
22/03/2016,-0.0014782
23/03/2016,-0.0003419
24/03/2016,0.0000787
29/03/2016,-0.0036836
30/03/2016,-0.0000615
31/03/2016,0.0018601
01/04/2016,-0.0006509
04/04/2016,-0.0000114
05/04/2016,0.0025525
06/04/2016,-0.0009556
07/04/2016,-0.0039439
11/04/2016,-0.0006809
12/04/2016,-0.0031042
13/04/2016,0.0006046
14/04/2016,-0.0002241
15/04/2016,-0.0024443
18/04/2016,-0.001832
19/04/2016,-0.0006976
20/04/2016,-0.0045633
21/04/2016,-0.0009222
22/04/2016,-0.0007415
25/04/2016,-0.0012412
26/04/2016,0.0013204
27/04/2016,0.0007133
28/04/2016,0.0033388
29/04/2016,0.0049729
03/05/2016,-0.0004148
04/05/2016,0.0026979
05/05/2016,-0.0017176
06/05/2016,-0.0041966
09/05/2016,-0.0002928
10/05/2016,-0.0047069
11/05/2016,-0.0028238
12/05/2016,-0.0008955
13/05/2016,0.0077515
16/05/2016,0.0048618
17/05/2016,-0.002821
18/05/2016,-0.0017767
19/05/2016,-0.0055799
20/05/2016,-0.004343
23/05/2016,-0.0023613
24/05/2016,-0.0042124
26/05/2016,-0.0023541
27/05/2016,0.0032349
31/05/2016,-0.0016017
02/06/2016,0.0022187
03/06/2016,0.0004382
08/06/2016,0.0002675
09/06/2016,-0.0021768
10/06/2016,0.0015392
13/06/2016,-0.000855
14/06/2016,-0.0027909
15/06/2016,0.0000973
16/06/2016,-0.0021229
17/06/2016,-0.0005155
20/06/2016,0.000905
21/06/2016,0.0002689
23/06/2016,0.0028424
24/06/2016,-0.0008421
27/06/2016,-0.001658
28/06/2016,-0.0011868
29/06/2016,0.0002737
30/06/2016,0.0000114
08/07/2016,-0.0013351
12/07/2016,-0.0054331
13/07/2016,0.0000286
14/07/2016,0.0036383
15/07/2016,-0.0014892
18/07/2016,-0.0053015
19/07/2016,-0.000936
20/07/2016,0.0014296
21/07/2016,0.0013704
22/07/2016,0.0026722
26/07/2016,0.0021672
27/07/2016,0.0099621
28/07/2016,0.0013046
29/07/2016,0.0040369
02/08/2016,0.0058036
03/08/2016,0.0081892
04/08/2016,0.0134697
05/08/2016,0.0003791
08/08/2016,-0.0000272
09/08/2016,-0.0086226
10/08/2016,-0.0022593
11/08/2016,0.0003834
12/08/2016,0.001936
16/08/2016,-0.0072985
17/08/2016,0.0008416
18/08/2016,-0.0032992
19/08/2016,-0.0012918
22/08/2016,0.0024109
23/08/2016,-0.0007439
24/08/2016,-0.0012693
25/08/2016,0.0020795
26/08/2016,0.0019102
29/08/2016,-0.0021801
30/08/2016,0.0001764
31/08/2016,-0.0004025
01/09/2016,0.0016193
02/09/2016,0.0015292
07/09/2016,-0.0027409
08/09/2016,-0.0010257
09/09/2016,-0.0008941
15/09/2016,-0.0021448
16/09/2016,0.0007133
19/09/2016,-0.0001616
20/09/2016,0
22/09/2016,0.0014534
23/09/2016,0.0015068
26/09/2016,0.0020843
27/09/2016,0.0028353
28/09/2016,0.0017447
29/09/2016,0.0027895
30/09/2016,0.0045295
04/10/2016,0.0026102
05/10/2016,-0.0000272
06/10/2016,0.0005064
07/10/2016,-0.0002232
11/10/2016,0.0017776
12/10/2016,-0.0023222
13/10/2016,-0.0042171
14/10/2016,-0.0017347
18/10/2016,-0.0017872
19/10/2016,0.0006199
21/10/2016,0.0009723
24/10/2016,0.0000987
25/10/2016,-0.0021381
26/10/2016,0.0005665
27/10/2016,-0.0003462
28/10/2016,-0.0013657
31/10/2016,-0.0070715
01/11/2016,-0.0002995
03/11/2016,-0.0016222
04/11/2016,0.0028481
07/11/2016,-0.0010428
08/11/2016,0.0040092
09/11/2016,-0.0032158
10/11/2016,0.0016065
14/11/2016,-0.0021224
15/11/2016,0.0049529
16/11/2016,0.0017095
17/11/2016,0.0019379
21/11/2016,-0.0011654
22/11/2016,-0.0052056
23/11/2016,0.0006523
25/11/2016,-0.0028334
28/11/2016,-0.0000606
29/11/2016,-0.0021524
30/11/2016,0.0010543
05/12/2016,0.0011134
06/12/2016,0.000299
07/12/2016,-0.0002656
08/12/2016,-0.0000277
09/12/2016,0.0000882
13/12/2016,0.0000496
14/12/2016,0.000751
15/12/2016,0.0021939
16/12/2016,-0.0014548
19/12/2016,0.0013556
20/12/2016,0.0018272
21/12/2016,-0.0000772
22/12/2016,-0.000308
23/12/2016,-0.0009518
28/12/2016,-0.0000715
29/12/2016,0.0006676
30/12/2016,-0.0022922
03/01/2017,-5.72E-06
04/01/2017,-0.0005808
05/01/2017,0
06/01/2017,-0.0022931
10/01/2017,0.0017896
11/01/2017,0.0025544
12/01/2017,-0.0006294
13/01/2017,0.005444
17/01/2017,0.009582
18/01/2017,0.0008707
19/01/2017,0.0022054
20/01/2017,0.0003691
24/01/2017,0.0027685
25/01/2017,0.0045071
26/01/2017,0.002141
27/01/2017,0.0102711
30/01/2017,-0.0001969
31/01/2017,0.0006804
02/02/2017,0.0023208
03/02/2017,0.0017118
06/02/2017,0.0019999
07/02/2017,0.00038
08/02/2017,0.0002747
10/02/2017,0.0002589
13/02/2017,0.0000949
14/02/2017,0.0076838
15/02/2017,0.0082798
16/02/2017,-0.000494
17/02/2017,0.0013871
21/02/2017,-0.0006285
22/02/2017,0.0000415
23/02/2017,-0.0003376
28/02/2017,-0.0009151
02/03/2017,-0.000505
03/03/2017,-0.0019903
07/03/2017,0.000073
08/03/2017,-0.0010433
09/03/2017,0.0010381
10/03/2017,-0.0003181
13/03/2017,0.0000625
14/03/2017,0.0023541
15/03/2017,-0.0022497
16/03/2017,-0.0010381
17/03/2017,0.0021739
21/03/2017,0.0012388
22/03/2017,-0.0000782
23/03/2017,-0.0004787
24/03/2017,0.000895
27/03/2017,0.0001349
28/03/2017,0.0023985
30/03/2017,0.0009956
31/03/2017,0.001677
03/04/2017,0.0012712
04/04/2017,0.0029864
05/04/2017,0.0011683
06/04/2017,0.0014806
07/04/2017,0.0035071
10/04/2017,0.0033569
11/04/2017,0.0004539
12/04/2017,0.0078468
13/04/2017,0.0044622
19/04/2017,0.0006046
20/04/2017,0.0097055
21/04/2017,0.00003
24/04/2017,0.0008874
25/04/2017,0.0011311
26/04/2017,0.002481
27/04/2017,0.001236
28/04/2017,0.0004663
02/05/2017,0.0028071
03/05/2017,-0.0005341
04/05/2017,0.0014782
05/05/2017,0.0013032
08/05/2017,-0.0007896
09/05/2017,0.0027361
10/05/2017,0.0030136
11/05/2017,0.005126
12/05/2017,0.004118
15/05/2017,-0.0049191
16/05/2017,-0.0015116
17/05/2017,0.0018191
18/05/2017,0.0008011
19/05/2017,0.0063848
22/05/2017,0.0052347
23/05/2017,-0.0009265
24/05/2017,-0.0037746
26/05/2017,-0.0014324
30/05/2017,0.0035825
31/05/2017,0.0014277
02/06/2017,0.0002069
06/06/2017,-0.0001869
09/06/2017,-0.0000529
12/06/2017,-0.0054822
13/06/2017,-0.000289
14/06/2017,0.0005636
15/06/2017,0.0026984
16/06/2017,-0.000514
19/06/2017,0.0024195
20/06/2017,0.0030255
21/06/2017,0.0029402
22/06/2017,0.0043607
23/06/2017,0.0018916
28/06/2017,0.0064883
29/06/2017,0.0007181
30/06/2017,-0.0036721
05/07/2017,0.000577
06/07/2017,-0.001399
07/07/2017,0.0032463
10/07/2017,-0.0010543
12/07/2017,0.0046134
13/07/2017,0.0036197
14/07/2017,-0.0000601
17/07/2017,0.0022025
18/07/2017,0.0022764
19/07/2017,0.0034299
20/07/2017,-0.0005288
21/07/2017,-0.002984
24/07/2017,0.0019169
26/07/2017,0.0007501
27/07/2017,0.0087624
28/07/2017,0.0019155
31/07/2017,-0.0115972
01/08/2017,-0.0016303
02/08/2017,-0.0022807
03/08/2017,0.0003352
04/08/2017,0.0007024
07/08/2017,0.0036192
09/08/2017,0.0007229
10/08/2017,-0.0016022
11/08/2017,0.0015383
14/08/2017,0.0003476
15/08/2017,-0.0009789
16/08/2017,0.0026054
17/08/2017,0.0026221
18/08/2017,-0.004601
21/08/2017,0.0001144
22/08/2017,0.0008001
23/08/2017,0.0027065
24/08/2017,0.0012302
25/08/2017,-0.0003052
28/08/2017,0.0006375
29/08/2017,-0.0006924
30/08/2017,4.77E-06
31/08/2017,0.0006785
05/09/2017,-0.0109029
06/09/2017,0.000217
12/09/2017,0.006773
13/09/2017,0.0004959
14/09/2017,0.0040154
15/09/2017,-0.0007682
18/09/2017,-0.000329
19/09/2017,-0.0018501
20/09/2017,0.0016165
22/09/2017,0.0026755
25/09/2017,0.0044088
26/09/2017,0.0093484
27/09/2017,0.0016046
28/09/2017,0.0012922
29/09/2017,-0.0000896
02/10/2017,-0.0037117
03/10/2017,-0.0006304
04/10/2017,0.0008783
05/10/2017,-9.06E-06
06/10/2017,0.0013537
10/10/2017,-0.0026913
11/10/2017,-0.0008612
12/10/2017,0.001708
13/10/2017,-0.0010228
17/10/2017,-0.0005836
18/10/2017,-0.0018702
23/10/2017,-0.000989
24/10/2017,-0.00138
27/10/2017,0.0026684
30/10/2017,-0.0018268
31/10/2017,-0.0003276
03/11/2017,-0.0000772
06/11/2017,-0.0003185
07/11/2017,0.0004005
08/11/2017,0.0018182
09/11/2017,0.0016065
10/11/2017,0.0043521
13/11/2017,-0.0034866
14/11/2017,-0.0020542
15/11/2017,0.0038013
16/11/2017,0.0029349
17/11/2017,0.002162
20/11/2017,-0.0004859
21/11/2017,-0.0007882
22/11/2017,0.0005994
24/11/2017,-0.0002208
27/11/2017,-0.0012078
29/11/2017,-0.0057678
04/12/2017,-0.0018492
05/12/2017,-0.0000138
06/12/2017,0.0004268
07/12/2017,-0.0019393
08/12/2017,-0.0044856
11/12/2017,0.0003605
13/12/2017,-0.0023293
14/12/2017,-0.0018702
15/12/2017,0.0011744
18/12/2017,0.0095072
19/12/2017,0.0027165
20/12/2017,0.0033493
21/12/2017,0.0028415
22/12/2017,-0.0012989
27/12/2017,-0.0001593
28/12/2017,0.0014219
29/12/2017,0.0028648
03/01/2018,0.006125
04/01/2018,0.0021868
05/01/2018,0.0013366
09/01/2018,0.0029702
10/01/2018,0.0028324
11/01/2018,0.0031886
12/01/2018,0.0044236
16/01/2018,-0.0006065
19/01/2018,0.0001459
23/01/2018,0.0019131
24/01/2018,0.0012217
25/01/2018,-0.0020385
26/01/2018,-0.0047064
29/01/2018,-0.0031519
30/01/2018,0.0044246
02/02/2018,0.0003724
05/02/2018,0.001328
06/02/2018,0.0008316
07/02/2018,-0.000031
08/02/2018,-0.0029221
09/02/2018,0.0002661
12/02/2018,0.0128527
14/02/2018,0.0008965
15/02/2018,0.0004458
20/02/2018,-0.0028491
21/02/2018,0.004055
22/02/2018,0.0001087
27/02/2018,0.0007606
28/02/2018,0.0018735
01/03/2018,-0.0052137
02/03/2018,-0.0008731
05/03/2018,0.0001974
07/03/2018,0.0003109
08/03/2018,0.0010381
09/03/2018,0.0060019
13/03/2018,0.0042949
14/03/2018,-0.0014267
15/03/2018,0.000989
16/03/2018,0.0004811
19/03/2018,0.0002079
21/03/2018,-0.001544
22/03/2018,-0.0017252
23/03/2018,-0.0007415
26/03/2018,-0.0017338
27/03/2018,-0.0007081
28/03/2018,0.0011539
29/03/2018,-0.0036244
03/04/2018,-0.00003
04/04/2018,-0.0029607
05/04/2018,-0.0008092
06/04/2018,0.0005074
10/04/2018,0.0023937
11/04/2018,0.0001268
12/04/2018,-0.0000134
13/04/2018,0.0003142
16/04/2018,-0.0001917
17/04/2018,-0.0025859
18/04/2018,-0.0037293
19/04/2018,-0.0002766
20/04/2018,-0.0016613
23/04/2018,-0.0013471
24/04/2018,0.0001149
25/04/2018,-0.0003219
26/04/2018,0.0003042
27/04/2018,0.0012541
30/04/2018,0.0057416
02/05/2018,-0.0004463
03/05/2018,-0.0006261
04/05/2018,-0.0008101
07/05/2018,-0.001842
08/05/2018,0.0012283
09/05/2018,0.0004559
10/05/2018,-0.0017633
11/05/2018,-0.0016122
14/05/2018,-0.0016198
15/05/2018,0.0038686
16/05/2018,-0.0006847
17/05/2018,-0.0003028
18/05/2018,-0.0007253
21/05/2018,0.0000267
22/05/2018,0.0001755
23/05/2018,-0.0042357
24/05/2018,0.0003967
29/05/2018,-0.0042591
30/05/2018,-0.0012507
31/05/2018,-0.0019274
05/06/2018,0.002419
06/06/2018,0.0009274
07/06/2018,0.0024962
08/06/2018,0.0025921
11/06/2018,-0.0003209
12/06/2018,-0.00174
13/06/2018,0.0005088
14/06/2018,-0.0015497
18/06/2018,-0.0003271
19/06/2018,-0.0031872
21/06/2018,0.0015092
22/06/2018,0.0004478
25/06/2018,0.0013456
26/06/2018,0.0008392
27/06/2018,0.0004687
28/06/2018,-0.0004063
29/06/2018,0.0018597
03/07/2018,-0.0019593
05/07/2018,-0.0028806
06/07/2018,-0.0029206
09/07/2018,0.0031939
10/07/2018,-0.0073495
12/07/2018,0.0008621
13/07/2018,0.0015955
16/07/2018,0.0013771
17/07/2018,0.0004587
18/07/2018,-0.0004315
19/07/2018,0.0036716
20/07/2018,0.0023274
23/07/2018,-0.0012927
24/07/2018,-0.0014739
25/07/2018,0.0073962
26/07/2018,0.0075626
27/07/2018,-0.0033841
01/08/2018,-0.0062008
06/08/2018,-0.0011387
07/08/2018,-0.0012469
08/08/2018,-0.0012355
09/08/2018,-0.0012684
10/08/2018,0.0017567
14/08/2018,0.0001788
16/08/2018,0.0011001
17/08/2018,0.0031414
20/08/2018,-0.0008111
23/08/2018,-0.00208
24/08/2018,0.0044918
27/08/2018,-0.0029416
28/08/2018,-0.0000267
29/08/2018,0.0003905
30/08/2018,-0.0009837
31/08/2018,-0.0016503
04/09/2018,-0.0021176
05/09/2018,0.0000224
06/09/2018,-0.0022893
07/09/2018,-0.0008459
13/09/2018,-0.0004215
17/09/2018,-0.0019426
18/09/2018,0.004714
19/09/2018,0.0002031
20/09/2018,0.0009313
24/09/2018,0.0012436
25/09/2018,-0.0026913
26/09/2018,0.0018296
27/09/2018,0.0096359
28/09/2018,0.0014491
01/10/2018,0.0002666
02/10/2018,0.0019608
03/10/2018,0.0015984
04/10/2018,-0.0051856
05/10/2018,0.0032501
09/10/2018,-0.001286
11/10/2018,-0.0100288
12/10/2018,0.0003505
16/10/2018,0.0009341
17/10/2018,0.0004578
18/10/2018,0.0009866
19/10/2018,0.000905
22/10/2018,-0.0012326
23/10/2018,0.005228
24/10/2018,-0.0012493
25/10/2018,0.0003972
26/10/2018,9.06E-06
29/10/2018,0.0001783
30/10/2018,-0.0005846
31/10/2018,0.0002098
01/11/2018,-0.0002861
05/11/2018,0.000371
06/11/2018,0.0006113
08/11/2018,-0.0003839
09/11/2018,0.0037646
13/11/2018,-0.0087004
14/11/2018,0.0067778
15/11/2018,-0.0024762
16/11/2018,-0.0000935
21/11/2018,-0.0021992
23/11/2018,-0.0042148
26/11/2018,0.0009699
27/11/2018,0.0029807
28/11/2018,-0.0020785
30/11/2018,0.0015678
03/12/2018,-0.0000763
04/12/2018,0.0011768
05/12/2018,-0.0023322
06/12/2018,-0.0027151
10/12/2018,-0.0000987
11/12/2018,-0.0028028
13/12/2018,0.000113
14/12/2018,0.0011263
17/12/2018,0.00207
18/12/2018,0.0008264
19/12/2018,-0.0029364
20/12/2018,-0.0023088
21/12/2018,-0.0014682
24/12/2018,0.0005379
27/12/2018,0.0006552
28/12/2018,-0.0003886
31/12/2018,0.0020847
03/01/2019,0.0003967
04/01/2019,-0.0012851
09/01/2019,0.0026875
10/01/2019,-0.0055442
11/01/2019,-0.0016451
15/01/2019,0.0002031
16/01/2019,0.0020118
17/01/2019,0.0021062
18/01/2019,0.0012898
22/01/2019,-0.0013661
23/01/2019,0.0032239
24/01/2019,-0.0027561
25/01/2019,-0.0018849
29/01/2019,0.0001349
30/01/2019,-0.001862
31/01/2019,-0.0011878
04/02/2019,0.0005059
06/02/2019,-0.0028133
07/02/2019,-0.0007296
08/02/2019,0.0019789
11/02/2019,-0.0021558
12/02/2019,-0.0007071
13/02/2019,-0.0008535
14/02/2019,-0.0008221
15/02/2019,-0.0010276
19/02/2019,0.0006776
20/02/2019,0.0004091
21/02/2019,0.0038366
22/02/2019,-0.0008693
26/02/2019,-0.0013213
27/02/2019,0.0008717
28/02/2019,0.0016875
01/03/2019,0.000154
05/03/2019,-0.001215
07/03/2019,0.0021296
08/03/2019,-0.0020795
11/03/2019,-0.0002871
13/03/2019,-0.0016913
14/03/2019,-0.0006714
15/03/2019,-0.0009961
18/03/2019,0.001133
19/03/2019,-0.0009727
21/03/2019,-0.0012741
22/03/2019,-0.0040207
25/03/2019,-0.0002809
26/03/2019,-0.0012074
27/03/2019,0.0005622
28/03/2019,-0.0011158
29/03/2019,-0.0012507
01/04/2019,0.0009923
02/04/2019,-0.0029993
03/04/2019,0.0023994
04/04/2019,0.0002122
05/04/2019,0.0055246
08/04/2019,0.0036526
10/04/2019,-0.003602
11/04/2019,-0.0005465
12/04/2019,-0.0032811
15/04/2019,-4.77E-06
16/04/2019,-0.0010743
17/04/2019,-0.0036654
18/04/2019,-0.0022578
23/04/2019,-0.0022283
24/04/2019,-0.0021491
25/04/2019,-0.0001864
26/04/2019,-0.0005593
29/04/2019,-0.0016789
30/04/2019,-0.0003548
02/05/2019,-0.0003924
06/05/2019,-0.0004349
07/05/2019,-0.0031033
08/05/2019,-0.0008173
09/05/2019,0.0004745
10/05/2019,0.0047741
13/05/2019,0.0004206
15/05/2019,0.0067806
16/05/2019,-0.0003943
17/05/2019,-0.0004501
20/05/2019,0.0000973
21/05/2019,-0.0007801
22/05/2019,-0.0016737
23/05/2019,-0.0022173
28/05/2019,-0.0007086
29/05/2019,0.0009322
30/05/2019,-0.0033836
31/05/2019,-0.0024953
10/06/2019,-0.0026236
11/06/2019,0.0014658
12/06/2019,-0.0005322
13/06/2019,-0.0036116
14/06/2019,-0.0016232
17/06/2019,-0.0006299
18/06/2019,0.0002508
19/06/2019,-0.0010715
20/06/2019,0.0011191
21/06/2019,0.00247
24/06/2019,0.007731
25/06/2019,0.0121579
26/06/2019,0.0003057
27/06/2019,-0.0130405
28/06/2019,-0.001183
01/07/2019,0.0025897
02/07/2019,-0.0007172
03/07/2019,0.0025105
05/07/2019,0.0011454
08/07/2019,0.0048661
09/07/2019,0.0031199
10/07/2019,-0.0045295
12/07/2019,0.000845
15/07/2019,-0.0004225
16/07/2019,0.0008121
17/07/2019,-0.0000229
18/07/2019,-0.0044265
19/07/2019,0.0012293
22/07/2019,0.0024452
23/07/2019,-0.0007524
24/07/2019,0.0010543
26/07/2019,-0.0000601
29/07/2019,0.0008864
30/07/2019,-0.0010676
31/07/2019,0.0035195
01/08/2019,0.0039868
02/08/2019,0.0001292
06/08/2019,-0.0031056
07/08/2019,0.0007668
08/08/2019,-0.0007763
09/08/2019,-0.0012393
14/08/2019,0.0011463
15/08/2019,-0.0013537
16/08/2019,0.0011787
19/08/2019,-0.0017867
20/08/2019,-0.0006366
21/08/2019,0.001687
22/08/2019,-0.002975
23/08/2019,0.0010433
26/08/2019,0.0011206
27/08/2019,0.0000787
28/08/2019,-0.0039811
29/08/2019,0.0014014
30/08/2019,-0.0010266
04/09/2019,-0.0015321
05/09/2019,-0.0080934
06/09/2019,-0.0041695
10/09/2019,-0.0028224
11/09/2019,-0.0038638
12/09/2019,-0.0075827
16/09/2019,-0.000597
17/09/2019,-0.0003791
18/09/2019,0.0004406
19/09/2019,0.0004358
20/09/2019,-0.0001941
24/09/2019,-0.0012479
25/09/2019,0.0012097
26/09/2019,-0.0021548
02/10/2019,-0.0026913
03/10/2019,-0.0052915
04/10/2019,0.0007124
08/10/2019,-0.003613
09/10/2019,0.0026875
11/10/2019,0.0023394
16/10/2019,-0.0014472
17/10/2019,-0.0010052
18/10/2019,-0.0019517
22/10/2019,-0.0019498
23/10/2019,-0.0008078
24/10/2019,0.0015292
25/10/2019,0.006217
28/10/2019,0.0022612
29/10/2019,-0.0036111
30/10/2019,-0.0000944
31/10/2019,0.0008168
04/11/2019,-0.0009069
05/11/2019,0.0031977
06/11/2019,0.0004191
08/11/2019,0.0003486
12/11/2019,-0.0039654
13/11/2019,0.0053101
14/11/2019,0.005856
15/11/2019,0.0007424
19/11/2019,-0.001029
20/11/2019,-0.0013909
21/11/2019,0.000164
22/11/2019,0.0000329
25/11/2019,-0.001533
26/11/2019,0.0001969
27/11/2019,-0.0008354
29/11/2019,-0.0015082
02/12/2019,0.0012031
03/12/2019,-0.0006623
04/12/2019,-0.0006256
09/12/2019,0.0001507
10/12/2019,0.0001688
11/12/2019,-0.0014238
13/12/2019,0.0032821
16/12/2019,0.006453
17/12/2019,0.0004563
18/12/2019,0.0015354
19/12/2019,0.0020661
20/12/2019,0.0025158
23/12/2019,0.0036445
27/12/2019,0.0044007
30/12/2019,0
03/01/2020,0.0014782
06/01/2020,0.0019288
09/01/2020,0.0063
10/01/2020,0.0040102
14/01/2020,0.0030169
15/01/2020,-0.0103183
17/01/2020,-0.0004749
21/01/2020,0.0132022
22/01/2020,0.003242
23/01/2020,0.0008235
24/01/2020,-0.0055275
28/01/2020,-0.0020466
29/01/2020,-0.0018077
30/01/2020,-0.0039234
31/01/2020,-0.0025234
03/02/2020,-0.0024619
04/02/2020,0.0035052
05/02/2020,0.0024576
06/02/2020,0.0014853
07/02/2020,-0.0003014
12/02/2020,0.0013857
13/02/2020,0.0027657
14/02/2020,0.006084
18/02/2020,-0.0010881
19/02/2020,0.0010481
20/02/2020,-0.007884
25/02/2020,-0.0068808
26/02/2020,-0.0090756
27/02/2020,0.0009761
28/02/2020,-0.002986
02/03/2020,-0.0111771
03/03/2020,-0.0069914
04/03/2020,-0.002027
05/03/2020,-0.010047
09/03/2020,-0.0775056
10/03/2020,0.0269432
11/03/2020,0.0305386
13/03/2020,-0.0630198
16/03/2020,-0.0397072
17/03/2020,-0.0268216
18/03/2020,-0.0137978
19/03/2020,-0.1010389
23/03/2020,0
24/03/2020,0
26/03/2020,0
27/03/2020,0
30/03/2020,0
31/03/2020,0
01/04/2020,0
02/04/2020,0
03/04/2020,0
06/04/2020,-0.0765877
07/04/2020,0.0431652
08/04/2020,0.1026607
14/04/2020,-0.0047445
15/04/2020,-0.001719
16/04/2020,-0.0140023
17/04/2020,-0.0045571
20/04/2020,-0.0153909
21/04/2020,-0.0160432
22/04/2020,-0.0115852
23/04/2020,-0.0113111
24/04/2020,-0.0124898
27/04/2020,-0.016221
28/04/2020,-0.0067291
29/04/2020,-0.0025516
30/04/2020,-0.0153136
04/05/2020,-0.0038095
05/05/2020,0.0068693
06/05/2020,0.0128984
07/05/2020,-0.0004315
08/05/2020,0.0044284
11/05/2020,0.0092874
12/05/2020,0.0134144
13/05/2020,-0.0021715
14/05/2020,0.0020742
15/05/2020,-0.0227227
18/05/2020,-0.0023088
19/05/2020,0.0013733
20/05/2020,0.0000253
21/05/2020,0.0035124
22/05/2020,0.0034819
26/05/2020,0.0082312
27/05/2020,-0.0017776
28/05/2020,-0.0105944
29/05/2020,0.0091281
02/06/2020,0.000927
03/06/2020,0.0073662
04/06/2020,0.0112643
05/06/2020,0.0072541
08/06/2020,0.004766
09/06/2020,0.0052576
10/06/2020,0.0099068
11/06/2020,-0.0055418
12/06/2020,-0.0017872
15/06/2020,-0.0138936
16/06/2020,-0.0024571
17/06/2020,-0.0067201
18/06/2020,-0.0004468
19/06/2020,-0.0044584
22/06/2020,0.001565
24/06/2020,0.0001087
25/06/2020,0.0005369
26/06/2020,-0.0020051
29/06/2020,0.0066047
30/06/2020,-0.0013704
01/07/2020,-0.0016613
02/07/2020,-0.0037665
03/07/2020,0.0019455
06/07/2020,0.0024834
07/07/2020,-0.000536
08/07/2020,0.0063891
09/07/2020,-0.0017257
10/07/2020,-0.0014338
13/07/2020,-0.0039468
14/07/2020,-0.0047069
15/07/2020,-0.0053687
16/07/2020,-0.0087576
17/07/2020,-0.0051675
20/07/2020,-0.0060692
21/07/2020,-0.0018907
22/07/2020,0.0003362
23/07/2020,0.0007277
24/07/2020,-0.001761
27/07/2020,-0.0046258
28/07/2020,0.000319
29/07/2020,-0.001421
03/08/2020,0.0012112
05/08/2020,-0.0099182
06/08/2020,-0.0028729
07/08/2020,-0.0023184
10/08/2020,-0.0074897
11/08/2020,-0.014575
12/08/2020,-0.0021334
14/08/2020,0.0037742
17/08/2020,-0.0015745
18/08/2020,-0.0013871
19/08/2020,0.0011253
21/08/2020,0.0008101
24/08/2020,0.0047617
25/08/2020,0.0043898
26/08/2020,0.0034299
27/08/2020,0.0061707
28/08/2020,0.0074635
31/08/2020,0.0034795
01/09/2020,0.0065641
02/09/2020,-0.0042534
03/09/2020,-0.0060511
04/09/2020,-0.0083437
08/09/2020,-0.0067205
09/09/2020,-0.0007367
10/09/2020,0.0005751
11/09/2020,-0.002542
15/09/2020,-0.0010047
16/09/2020,0.0004344
17/09/2020,-0.0000648
18/09/2020,-0.0011477
22/09/2020,-0.0007038
23/09/2020,-0.0047307
24/09/2020,-0.0024395
25/09/2020,0.0016661
28/09/2020,-0.0074477
29/09/2020,-0.0029364
30/09/2020,-0.0013456
01/10/2020,-0.0072489
02/10/2020,-0.0090528
05/10/2020,-0.0088296
06/10/2020,0.0057573
07/10/2020,-0.0006084
08/10/2020,-0.0014358
09/10/2020,0.0005217
13/10/2020,0.0014482
14/10/2020,0.0014868
15/10/2020,-0.0048399
21/10/2020,-0.00067
22/10/2020,-0.0012059
23/10/2020,0.001524
26/10/2020,0.0010419
27/10/2020,-0.0012922
28/10/2020,-0.0003386
30/10/2020,-0.0027947
03/11/2020,-0.0017104
05/11/2020,0.0031333
06/11/2020,0.0000343
09/11/2020,-0.0026541
10/11/2020,0.0184231
12/11/2020,0.0109267
13/11/2020,-0.0011048
16/11/2020,0.005034
17/11/2020,0.015069
19/11/2020,-0.003993
20/11/2020,-0.0019512
23/11/2020,0.0107126
24/11/2020,0.000771
25/11/2020,0.0077119
27/11/2020,0.0022106
30/11/2020,0.0109053
01/12/2020,-0.0013738
02/12/2020,0.0040536
08/12/2020,0.001472
09/12/2020,0.0029373
10/12/2020,-0.0009074
11/12/2020,-0.003046
14/12/2020,-0.0013113
15/12/2020,-0.0002933
16/12/2020,0.0086045
17/12/2020,-0.0019469
18/12/2020,0.0041685
21/12/2020,0.0046439
22/12/2020,0.0054607
23/12/2020,0.0001345
24/12/2020,-0.0005689
29/12/2020,0.0026221
30/12/2020,0.0021353
31/12/2020,0.0017605
04/01/2021,-0.0026789
05/01/2021,0.0001159
06/01/2021,0.0003524
11/01/2021,-0.0006523
12/01/2021,0.0003386
13/01/2021,0.0005612
15/01/2021,-0.0009131
19/01/2021,-0.0016537
20/01/2021,0.0007997
21/01/2021,-0.0002723
22/01/2021,-0.0015707
26/01/2021,-0.0028405
27/01/2021,-0.0000973
29/01/2021,-0.0021772
02/02/2021,-0.0015945
03/02/2021,0.0004096
04/02/2021,-0.0008378
05/02/2021,-0.0014572
08/02/2021,-0.0004716
09/02/2021,-0.002295
10/02/2021,-0.0009217
11/02/2021,-0.00213
16/02/2021,-0.0234103
17/02/2021,0.0001764
18/02/2021,0.0070267
19/02/2021,0.0064545
23/02/2021,-0.0018659
24/02/2021,-0.0008035
25/02/2021,-0.0022459
26/02/2021,-0.0019002
01/03/2021,0.0009503
02/03/2021,-0.00142
03/03/2021,-0.0087895
04/03/2021,-0.0034857
05/03/2021,0.0012541
09/03/2021,0.000494
10/03/2021,0
15/03/2021,-0.0180392
16/03/2021,-0.0017877
17/03/2021,0.0056877
18/03/2021,0.0039425
19/03/2021,0.0002747
22/03/2021,0.0015788
23/03/2021,0.0026531
24/03/2021,0.0083466
25/03/2021,0.00666
26/03/2021,0.0076871
29/03/2021,0.000411
30/03/2021,0.00033
31/03/2021,-0.0044208
01/04/2021,0.0035367
06/04/2021,-0.0008969
07/04/2021,0.0012207
08/04/2021,0.0006909
09/04/2021,0.0036135
12/04/2021,0.0052671
14/04/2021,-0.0003762
15/04/2021,0.0018792
16/04/2021,0.002914
19/04/2021,0.0013375
20/04/2021,0.0008578
21/04/2021,0.0017681
22/04/2021,0.0023451
23/04/2021,0.0013413
26/04/2021,0.0004873
27/04/2021,-0.0004144
29/04/2021,0.0031443
30/04/2021,0.0044107
04/05/2021,0.0016074
05/05/2021,0.0072179
06/05/2021,0.0019078
07/05/2021,-0.0000534
10/05/2021,-0.0007606
11/05/2021,0.0029964
17/05/2021,0.0281892
18/05/2021,-0.0015502
19/05/2021,-0.0067453
20/05/2021,0.0010214
21/05/2021,0.003509
24/05/2021,-0.0015154
25/05/2021,0.0001144
26/05/2021,-0.0032902
27/05/2021,-0.0009937
28/05/2021,-0.0059204
01/06/2021,-0.0070319
04/06/2021,0.0021877
08/06/2021,0.0033312
09/06/2021,0.0005231
10/06/2021,0.0007763
11/06/2021,0.0029836
14/06/2021,0.0068054
15/06/2021,0.0095534
16/06/2021,0.0198326
17/06/2021,0.0173092
18/06/2021,-0.0064774
21/06/2021,0.0014091
22/06/2021,-0.002142
23/06/2021,-0.0019164
24/06/2021,0.0109501
25/06/2021,0.0033064
28/06/2021,0.0024552
29/06/2021,0.0031748
30/06/2021,0.0020556
01/07/2021,0.0044827
02/07/2021,0.0079741
06/07/2021,0.0101309
07/07/2021,0.0115795
08/07/2021,0.0068879
09/07/2021,0.0101371
13/07/2021,0.0063052
14/07/2021,0.0026574
15/07/2021,-0.0002217
16/07/2021,-0.0053577
19/07/2021,-0.0096622
22/07/2021,0.0008855
23/07/2021,0.0001197
26/07/2021,-0.0009999
27/07/2021,-0.0036278
28/07/2021,0.0023818
29/07/2021,0.0055876
30/07/2021,-0.0056553
03/08/2021,0.001081
05/08/2021,0.0034342
06/08/2021,-0.0005264
09/08/2021,-0.0002556
11/08/2021,0.0011978
12/08/2021,-0.0018311
16/08/2021,0.003088
17/08/2021,0.0075407
18/08/2021,0.0052595
19/08/2021,-0.0006037
20/08/2021,0.0010195
23/08/2021,-0.0004663
24/08/2021,-0.0003552
25/08/2021,-0.0034218
26/08/2021,-0.0000663
27/08/2021,-0.0025549
30/08/2021,0.0005875
31/08/2021,-0.0031538
01/09/2021,0.0010028
02/09/2021,0.0007157
03/09/2021,-0.0018668
07/09/2021,0.0003529
08/09/2021,-0.003861
09/09/2021,0.000205
10/09/2021,0.0051804
14/09/2021,-0.0006595
15/09/2021,-0.0009313
16/09/2021,0.003664
17/09/2021,0.0014071
20/09/2021,0.0001478
22/09/2021,0.0009871
23/09/2021,0.0090766
24/09/2021,0.0003829
27/09/2021,-0.0032392
28/09/2021,0.0001516
29/09/2021,0.0141182
30/09/2021,0.0016675
01/10/2021,0.0053725
05/10/2021,0
06/10/2021,0.0118747
07/10/2021,0.0098972
08/10/2021,0.0006146
12/10/2021,-0.0021386
13/10/2021,0.0010867
14/10/2021,0.0013113
19/10/2021,0.0029807
21/10/2021,0.0017395
22/10/2021,0.0079665
25/10/2021,0.0004354
26/10/2021,0.0028419
27/10/2021,0.0020566
28/10/2021,0.0011253
29/10/2021,-0.0004048
03/11/2021,-0.0062203
05/11/2021,0.0018888
09/11/2021,0.000401
10/11/2021,-0.0022717
12/11/2021,-0.005271
15/11/2021,0.0144997
16/11/2021,0.0064621
17/11/2021,-0.0014906
19/11/2021,0.000639
22/11/2021,-0.0164499
23/11/2021,0.000957
24/11/2021,-0.0020995
26/11/2021,-0.0155387
29/11/2021,-0.027349
30/11/2021,-0.004313
01/12/2021,0.0082421
06/12/2021,0.0073471
07/12/2021,0.0072351
08/12/2021,0.0187378
09/12/2021,0.0010195
10/12/2021,0.0001445
14/12/2021,-0.0031166
15/12/2021,-0.0023909
16/12/2021,0.0016379
20/12/2021,-0.0022259
21/12/2021,-0.0006657
22/12/2021,0.0045228
23/12/2021,-0.0001211
24/12/2021,0.004724
29/12/2021,0.0045357
30/12/2021,-0.000443
31/12/2021,-0.000186
04/01/2022,0.0020227
05/01/2022,0.0000854
06/01/2022,0.0019093
10/01/2022,-0.0000477
11/01/2022,0.0029778
13/01/2022,0.0054822
14/01/2022,0.0002723
19/01/2022,0.0018144
20/01/2022,0.0007677
21/01/2022,0.0000844
25/01/2022,-0.0020542
26/01/2022,-0.0005069
27/01/2022,0.0012531
28/01/2022,0.0012236
31/01/2022,0.0009551
04/02/2022,0.0004735
07/02/2022,0.0037947
08/02/2022,0.0002618
09/02/2022,0.0018425
10/02/2022,0.0038285
11/02/2022,0.0003433
14/02/2022,0.0049677
15/02/2022,0.0009923
16/02/2022,0.0088329
17/02/2022,-0.0017257
18/02/2022,0.0029731
22/02/2022,0.0001645
23/02/2022,-0.0003519
24/02/2022,-0.0116568
25/02/2022,-0.0004025
02/03/2022,-0.0007181
03/03/2022,-0.0012012
04/03/2022,-0.0017414
08/03/2022,-0.0021849
09/03/2022,-0.002275
10/03/2022,0.0055971
11/03/2022,-0.0019798
14/03/2022,-0.0008149
15/03/2022,-0.0039887
16/03/2022,-0.000833
17/03/2022,0.0050907
18/03/2022,0.0018067
21/03/2022,0.0045505
22/03/2022,0.0023375
23/03/2022,0.0038633
24/03/2022,-0.0024776
25/03/2022,0.0018959
28/03/2022,0.0030999
29/03/2022,0.004375
30/03/2022,0.007813
31/03/2022,0.0076346
01/04/2022,0.0025077
04/04/2022,0.0021348
05/04/2022,0.0023785
06/04/2022,-0.0019665
07/04/2022,-0.0005074
08/04/2022,0.0006337
11/04/2022,0.0005703
12/04/2022,0.0010848
13/04/2022,0.0015526
14/04/2022,0.003593
19/04/2022,0.0012202
20/04/2022,0.0005178
21/04/2022,0.0026894
22/04/2022,0.0032721
25/04/2022,0.0033455
26/04/2022,0.0028982
27/04/2022,0.0037994
04/05/2022,0.0025201
05/05/2022,-0.0053697
06/05/2022,-0.0068259
09/05/2022,-0.0043855
10/05/2022,-0.0015368
11/05/2022,-0.0012689
12/05/2022,-0.0042481
13/05/2022,-0.003459
16/05/2022,0.0013947
17/05/2022,-0.0001736
18/05/2022,-0.0012612
19/05/2022,-0.0036321
20/05/2022,-0.0024557
23/05/2022,0.001049
24/05/2022,-0.0015292
25/05/2022,-0.0059834
26/05/2022,-0.0046759
27/05/2022,-0.0031943
31/05/2022,-0.0042601
02/06/2022,-0.0008411
03/06/2022,0.0004573
09/06/2022,0.0045447
10/06/2022,0.0045557
13/06/2022,0.0004191
14/06/2022,-0.0033731
15/06/2022,-0.003881
16/06/2022,-0.0027256
17/06/2022,-0.0025072
21/06/2022,-0.0041938
22/06/2022,-0.0035887
23/06/2022,-0.0016475
24/06/2022,-0.0011749
28/06/2022,-0.0037985
29/06/2022,-0.0035005
30/06/2022,0.0011716
01/07/2022,-0.0038152
05/07/2022,-0.0116196
06/07/2022,-0.0054145
07/07/2022,-0.0031829
08/07/2022,-0.0077829
12/07/2022,-0.0023499
13/07/2022,0.000102
14/07/2022,-0.0048776
15/07/2022,-0.0003328
18/07/2022,-0.0012689
19/07/2022,0.0001569
20/07/2022,-0.0002007
21/07/2022,0.0021744
22/07/2022,-0.0009789
26/07/2022,-0.001327
27/07/2022,-0.0022955
28/07/2022,4.77E-06
29/07/2022,-0.0125804
01/08/2022,0.011313
02/08/2022,0.0022788
03/08/2022,0.0059276
05/08/2022,0.0023718
08/08/2022,-0.0013399
10/08/2022,-0.0008345
11/08/2022,0.0012221
12/08/2022,0.0019803
16/08/2022,-0.0000291
17/08/2022,0.000319
18/08/2022,-0.0007496
19/08/2022,0.0056167
22/08/2022,0.0001011
23/08/2022,-0.0018687
24/08/2022,0.0059786
25/08/2022,4.77E-06
26/08/2022,0.0038309
29/08/2022,-0.0008116
30/08/2022,0.0011311
31/08/2022,-0.0016236
02/09/2022,0.0008554
06/09/2022,-0.0005922
07/09/2022,0.0004058
08/09/2022,0.0070772
09/09/2022,-0.0013428
14/09/2022,-0.000865
15/09/2022,-0.0017943
16/09/2022,0.0002623
19/09/2022,0.0028057
20/09/2022,-0.0007696
22/09/2022,-0.0052252
23/09/2022,-0.0029702
26/09/2022,-0.0033441
27/09/2022,0.0006294
28/09/2022,0.0124335
29/09/2022,0.0070524
30/09/2022,-0.0035625
03/10/2022,-0.0006385
04/10/2022,0.0005064
05/10/2022,0.0012708
06/10/2022,-0.0012522
07/10/2022,-0.0019493
11/10/2022,-0.0058246
12/10/2022,-0.0020456
13/10/2022,-0.0022368
14/10/2022,-0.0024624
18/10/2022,-0.0027547
19/10/2022,-0.000598
21/10/2022,-0.0030732
25/10/2022,-0.000082
26/10/2022,-0.0006514
27/10/2022,-0.0066786
28/10/2022,-0.0014982
31/10/2022,0.0006471
01/11/2022,0.0029383
03/11/2022,-0.0055776
09/11/2022,-0.0017986
10/11/2022,0.0031285
14/11/2022,0.0069637
15/11/2022,-0.0004239
16/11/2022,0.0052238
17/11/2022,0.0050759
21/11/2022,-0.0046535
22/11/2022,-0.008183
23/11/2022,-0.0047379
25/11/2022,-0.0016861
28/11/2022,0.0016074
29/11/2022,0.0011549
30/11/2022,0.0042953
05/12/2022,0.0011268
06/12/2022,0.0008168
08/12/2022,0.0002441
09/12/2022,0.0042748
13/12/2022,0.0019341
14/12/2022,-0.0022364
15/12/2022,-0.0009761
16/12/2022,-0.0009332
19/12/2022,-0.0018001
20/12/2022,-0.0009699
21/12/2022,0.0010877
22/12/2022,0.0015163
23/12/2022,-0.000998
28/12/2022,0.0011544
29/12/2022,0.0006962
30/12/2022,-0.0001121
04/01/2023,-0.0016022
05/01/2023,0.0001121
06/01/2023,0.0001755
10/01/2023,0.0020542
11/01/2023,-0.0021372
12/01/2023,-0.0010066
13/01/2023,-0.00209
17/01/2023,-0.0067697
18/01/2023,-0.0017972
19/01/2023,-0.0075793
20/01/2023,-0.0003338
24/01/2023,-0.0047088
25/01/2023,-0.0006518
26/01/2023,0.0002656
30/01/2023,0.0023384
31/01/2023,0.0013542
02/02/2023,-0.0046554
03/02/2023,-0.003881
06/02/2023,-0.004837
07/02/2023,-0.0033207
08/02/2023,0.0011115
09/02/2023,-0.0000305
10/02/2023,0.0037117
13/02/2023,0.0089707
14/02/2023,0.0027456
15/02/2023,0.0022955
16/02/2023,0.0004482
17/02/2023,0.0011601
21/02/2023,0.0023851
22/02/2023,0.003726
23/02/2023,0.0004497
24/02/2023,-0.0040317
28/02/2023,-0.0004768
01/03/2023,-0.0033016
02/03/2023,0.0011649
03/03/2023,-0.0001545
07/03/2023,-0.0018301
08/03/2023,-0.002223
09/03/2023,0.0008149
10/03/2023,-0.001966
13/03/2023,-0.0004559
14/03/2023,-0.0019603
15/03/2023,-0.0026488
16/03/2023,-0.0043783
17/03/2023,-0.0003991
21/03/2023,-0.0033636
23/03/2023,0.0005074
24/03/2023,-0.0024676
29/03/2023,-0.0057163
30/03/2023,0.0012345
