DATE,Texc
05/01/2010,0
06/01/2010,0
07/01/2010,0
08/01/2010,-0.0076047
11/01/2010,0
12/01/2010,0
13/01/2010,0
14/01/2010,0
15/01/2010,0.0076047
19/01/2010,0
20/01/2010,0.0150378
21/01/2010,0
22/01/2010,0
25/01/2010,0
26/01/2010,0
27/01/2010,0.007435
28/01/2010,0
29/01/2010,0.0073801
02/02/2010,0
03/02/2010,0
04/02/2010,0.0145988
05/02/2010,0
08/02/2010,0
09/02/2010,-0.0072728
10/02/2010,0.0072728
11/02/2010,0
12/02/2010,0.0072202
16/02/2010,-0.0072202
17/02/2010,0.0072202
18/02/2010,0
19/02/2010,0.0071685
22/02/2010,0
23/02/2010,0
24/02/2010,0
25/02/2010,0
01/03/2010,0
02/03/2010,-0.0071685
03/03/2010,-0.0072202
04/03/2010,0.0072202
05/03/2010,-0.0072202
09/03/2010,0
10/03/2010,-0.0072202
11/03/2010,0
15/03/2010,0
17/03/2010,0.0072728
18/03/2010,0.0072202
19/03/2010,0
22/03/2010,0
23/03/2010,0
24/03/2010,0.014286
25/03/2010,0.0070671
26/03/2010,-0.0070671
29/03/2010,-0.0071175
30/03/2010,0.0071175
31/03/2010,-0.0071175
01/04/2010,-0.0071685
06/04/2010,0
07/04/2010,0
08/04/2010,0
12/04/2010,-0.0071175
13/04/2010,-0.0071685
14/04/2010,0
15/04/2010,0.0071685
16/04/2010,0
19/04/2010,0.0071175
20/04/2010,0
21/04/2010,0
22/04/2010,0.0070671
23/04/2010,0
26/04/2010,-0.0070671
27/04/2010,0.0140847
28/04/2010,0
29/04/2010,0
30/04/2010,0
04/05/2010,0.0069204
05/05/2010,0.0136988
07/05/2010,0
10/05/2010,-0.0067797
11/05/2010,0.0067797
12/05/2010,0
13/05/2010,0.006734
14/05/2010,0.006689
17/05/2010,0
18/05/2010,0.0132452
19/05/2010,-0.0132452
20/05/2010,-0.006689
21/05/2010,0
24/05/2010,0.006689
26/05/2010,0.0132452
27/05/2010,-0.0132452
28/05/2010,0.0066445
02/06/2010,0
03/06/2010,0.0066007
04/06/2010,0.0065574
07/06/2010,0.0065147
08/06/2010,-0.0065147
09/06/2010,0
10/06/2010,-0.0065574
11/06/2010,0.0065574
14/06/2010,-0.0065574
15/06/2010,-0.0132452
16/06/2010,0
17/06/2010,0
18/06/2010,0
21/06/2010,0.0066445
22/06/2010,0
23/06/2010,0
24/06/2010,0
25/06/2010,0
28/06/2010,0.0066007
29/06/2010,0
30/06/2010,0
02/07/2010,0
06/07/2010,-0.013423
07/07/2010,0
08/07/2010,0
09/07/2010,0.006734
12/07/2010,0.006689
13/07/2010,-0.013423
14/07/2010,0
15/07/2010,-0.0136056
16/07/2010,0
19/07/2010,0
20/07/2010,0.006826
21/07/2010,0.0067797
22/07/2010,-0.0067797
23/07/2010,0
26/07/2010,-0.006826
27/07/2010,0
28/07/2010,0
29/07/2010,0
30/07/2010,0
02/08/2010,-0.0068729
03/08/2010,-0.0069204
05/08/2010,0
06/08/2010,-0.0069204
09/08/2010,0
10/08/2010,0
11/08/2010,0.0206193
12/08/2010,0
16/08/2010,0
17/08/2010,0
18/08/2010,0
19/08/2010,0
20/08/2010,0.0067797
23/08/2010,0.006734
24/08/2010,0
25/08/2010,0
26/08/2010,0
30/08/2010,0
31/08/2010,0
01/09/2010,-0.006734
02/09/2010,0
03/09/2010,-0.0067797
07/09/2010,0.0135137
08/09/2010,0
13/09/2010,-0.006734
14/09/2010,-0.0136056
15/09/2010,0
16/09/2010,0
17/09/2010,0
20/09/2010,0
22/09/2010,-0.0069204
23/09/2010,0
24/09/2010,-0.0069687
27/09/2010,0
28/09/2010,-0.0070176
29/09/2010,0
30/09/2010,0
01/10/2010,-0.0070671
04/10/2010,0.0070671
05/10/2010,-0.0070671
06/10/2010,-0.0071175
07/10/2010,0
08/10/2010,-0.0071685
12/10/2010,0
13/10/2010,0
14/10/2010,0
15/10/2010,0
18/10/2010,0
19/10/2010,0.014286
21/10/2010,0
22/10/2010,0
25/10/2010,0
26/10/2010,0.0071685
27/10/2010,0
28/10/2010,0
29/10/2010,-0.0071685
01/11/2010,0
03/11/2010,-0.0072202
04/11/2010,0
08/11/2010,0.0072202
09/11/2010,0.014286
10/11/2010,-0.0071175
12/11/2010,0.0071175
15/11/2010,0.0070671
19/11/2010,0
22/11/2010,0
23/11/2010,0.0139863
24/11/2010,0
26/11/2010,0
29/11/2010,0.0069204
30/11/2010,0.0136988
01/12/2010,-0.0136988
02/12/2010,-0.0069204
08/12/2010,0.0069687
09/12/2010,0
10/12/2010,0.0069204
14/12/2010,-0.0069687
15/12/2010,0.0138892
16/12/2010,0
17/12/2010,0
20/12/2010,0.0068729
21/12/2010,0
22/12/2010,0
23/12/2010,0
24/12/2010,-0.0068729
29/12/2010,0
30/12/2010,-0.0069204
31/12/2010,-0.0281709
04/01/2011,0.0069204
05/01/2011,0
06/01/2011,0.0068729
07/01/2011,0.006826
31/01/2011,-0.0139863
02/02/2011,0
04/02/2011,0
07/02/2011,0
08/02/2011,0
09/02/2011,-0.0070671
10/02/2011,0.0070671
11/02/2011,0.0070176
14/02/2011,0
16/02/2011,-0.0070176
17/02/2011,0
18/02/2011,0
22/02/2011,0
23/02/2011,-0.0070671
24/02/2011,0
25/02/2011,0
08/03/2011,0
09/03/2011,0
10/03/2011,0.0071175
11/03/2011,-0.0071175
14/03/2011,-0.0071685
15/03/2011,0
16/03/2011,0.0071685
17/03/2011,-0.0071685
22/03/2011,0
23/03/2011,0.0072202
24/03/2011,-0.0072202
25/03/2011,0.0072202
28/03/2011,0
29/03/2011,0
30/03/2011,0
31/03/2011,0
01/04/2011,-0.0072202
05/04/2011,0
06/04/2011,0
07/04/2011,0
08/04/2011,-0.0072728
11/04/2011,0
12/04/2011,0
13/04/2011,0
14/04/2011,0
15/04/2011,0
18/04/2011,0.014493
19/04/2011,-0.014493
20/04/2011,0
21/04/2011,0
26/04/2011,0
27/04/2011,-0.0148151
28/04/2011,0.007435
29/04/2011,0
03/05/2011,0
04/05/2011,0
05/05/2011,0.0073801
06/05/2011,0.0145988
09/05/2011,-0.0072728
10/05/2011,-0.007326
11/05/2011,0.0145988
12/05/2011,0
13/05/2011,0
16/05/2011,0
17/05/2011,0.0072202
18/05/2011,-0.0072202
19/05/2011,0
20/05/2011,0.0072202
23/05/2011,0.0071685
24/05/2011,-0.0071685
26/05/2011,0
27/05/2011,-0.0072202
31/05/2011,-0.0072728
02/06/2011,-0.0145988
03/06/2011,0
07/06/2011,-0.0073801
08/06/2011,0.0073801
09/06/2011,0
10/06/2011,0.007326
13/06/2011,0
14/06/2011,0
15/06/2011,0.014493
16/06/2011,-0.0072202
17/06/2011,0
20/06/2011,0
21/06/2011,-0.0072728
22/06/2011,0
23/06/2011,0
24/06/2011,0.0072728
27/06/2011,0
28/06/2011,0
29/06/2011,-0.0072728
30/06/2011,0
05/07/2011,0.007326
06/07/2011,0.0072728
07/07/2011,0
08/07/2011,0
12/07/2011,0
13/07/2011,-0.0071685
14/07/2011,-0.0072202
15/07/2011,0.0072202
18/07/2011,0
19/07/2011,0
20/07/2011,-0.0072202
21/07/2011,-0.0072728
22/07/2011,0
26/07/2011,-0.007326
27/07/2011,0.007326
28/07/2011,0
29/07/2011,0
02/08/2011,0
03/08/2011,0
04/08/2011,0.0072202
05/08/2011,-0.0072202
08/08/2011,0.0072202
10/08/2011,0.0072202
11/08/2011,-0.0072202
12/08/2011,0
15/08/2011,-0.0072728
16/08/2011,0
17/08/2011,0
18/08/2011,0.0072728
19/08/2011,-0.0072728
24/08/2011,0.007326
26/08/2011,-0.0145988
29/08/2011,0
06/09/2011,0.0143887
07/09/2011,-0.0071685
08/09/2011,0.0071685
09/09/2011,0.0141846
13/09/2011,0
14/09/2011,0
15/09/2011,-0.0070671
16/09/2011,0
19/09/2011,0.0070671
20/09/2011,0
22/09/2011,0
23/09/2011,0
26/09/2011,0
27/09/2011,0
28/09/2011,0
29/09/2011,0
30/09/2011,0.0069687
03/10/2011,0.0069204
04/10/2011,-0.0069204
05/10/2011,0
06/10/2011,0
07/10/2011,0
11/10/2011,-0.0069687
14/10/2011,-0.0070671
19/10/2011,-0.0070176
21/10/2011,-0.0070671
24/10/2011,-0.0071175
27/10/2011,0
28/10/2011,0
31/10/2011,0.0141846
03/11/2011,-0.0070176
04/11/2011,0.0070176
08/11/2011,0
09/11/2011,0.0069687
10/11/2011,0
14/11/2011,0
15/11/2011,0.0069204
16/11/2011,0
17/11/2011,0
21/11/2011,-0.0068729
22/11/2011,0
23/11/2011,0.0068729
25/11/2011,0.0136056
28/11/2011,-0.0067797
30/11/2011,-0.006826
05/12/2011,0
06/12/2011,0
07/12/2011,0
08/12/2011,0
09/12/2011,0.0067797
13/12/2011,0.006734
14/12/2011,0
15/12/2011,0
16/12/2011,0
19/12/2011,0
20/12/2011,0
21/12/2011,0
22/12/2011,0
23/12/2011,0
28/12/2011,0.006689
30/12/2011,0
03/01/2012,-0.006689
04/01/2012,0.006689
05/01/2012,0.0066445
06/01/2012,0.0066007
10/01/2012,0
11/01/2012,0.0065574
12/01/2012,-0.0065574
13/01/2012,0.0065574
17/01/2012,0
18/01/2012,0
19/01/2012,-0.0065574
20/01/2012,0
24/01/2012,-0.0066445
25/01/2012,0
26/01/2012,0.0066445
27/01/2012,-0.0066445
30/01/2012,0
31/01/2012,0.0066445
02/02/2012,0.0066445
03/02/2012,0
06/02/2012,-0.0066445
08/02/2012,0
09/02/2012,0
10/02/2012,0.0066445
13/02/2012,-0.0066445
14/02/2012,0
15/02/2012,0.0132452
16/02/2012,-0.0066007
17/02/2012,0
21/02/2012,0
22/02/2012,0
23/02/2012,-0.0066445
24/02/2012,-0.006689
28/02/2012,0
29/02/2012,0.006689
01/03/2012,0
02/03/2012,0.0066445
05/03/2012,0
07/03/2012,0
08/03/2012,-0.0066445
09/03/2012,0.0132452
13/03/2012,0.0066007
14/03/2012,0
15/03/2012,0
16/03/2012,-0.0066007
19/03/2012,0
21/03/2012,0
22/03/2012,0
26/03/2012,-0.0066445
27/03/2012,0
28/03/2012,0
29/03/2012,0
30/03/2012,0
02/04/2012,0
03/04/2012,0.0066445
04/04/2012,0.0066007
05/04/2012,0
10/04/2012,0.0065574
11/04/2012,0
12/04/2012,-0.0065574
13/04/2012,0.0065574
16/04/2012,0
17/04/2012,0
18/04/2012,0
19/04/2012,-0.0065574
20/04/2012,0
23/04/2012,0.0065574
24/04/2012,0
25/04/2012,0
26/04/2012,0.0065147
27/04/2012,0
30/04/2012,-0.0065147
02/05/2012,0.0065147
03/05/2012,0
04/05/2012,0.0064725
07/05/2012,0
08/05/2012,0.0064309
09/05/2012,0
10/05/2012,0
11/05/2012,0
14/05/2012,0.0063899
15/05/2012,0.0126584
16/05/2012,0
17/05/2012,-0.0063092
18/05/2012,0
21/05/2012,0
22/05/2012,0.0063092
23/05/2012,0.0062696
24/05/2012,0.0062306
29/05/2012,0.0062306
30/05/2012,0.006192
31/05/2012,0
05/06/2012,0.006192
06/06/2012,-0.0124225
07/06/2012,0.0062306
08/06/2012,0
11/06/2012,0.006192
12/06/2012,-0.006192
13/06/2012,-0.0062306
15/06/2012,0
18/06/2012,0
19/06/2012,-0.0063092
20/06/2012,0.0063092
21/06/2012,0.0062696
22/06/2012,-0.0062696
25/06/2012,0.0062696
26/06/2012,-0.0062696
27/06/2012,0.0062696
28/06/2012,0
29/06/2012,-0.0125788
03/07/2012,0
05/07/2012,0.0125002
06/07/2012,0
09/07/2012,0.006192
10/07/2012,0.0061539
12/07/2012,0
13/07/2012,0
16/07/2012,-0.0061539
17/07/2012,0
18/07/2012,0
19/07/2012,0
20/07/2012,0.0061539
24/07/2012,0
26/07/2012,-0.0122701
27/07/2012,0
30/07/2012,0
31/07/2012,0
01/08/2012,0
02/08/2012,0.0061539
03/08/2012,-0.0123458
07/08/2012,0
08/08/2012,0
09/08/2012,0.006192
14/08/2012,0
16/08/2012,0
17/08/2012,0
21/08/2012,-0.006192
22/08/2012,-0.0062306
23/08/2012,0
24/08/2012,0
27/08/2012,0
28/08/2012,0
29/08/2012,0
30/08/2012,0.0062306
31/08/2012,-0.0062306
04/09/2012,0
05/09/2012,0
06/09/2012,-0.0062696
07/09/2012,-0.0063092
11/09/2012,-0.0063492
12/09/2012,0
13/09/2012,0
14/09/2012,-0.0128208
17/09/2012,0
18/09/2012,0.0064309
19/09/2012,0
24/09/2012,0
25/09/2012,0
26/09/2012,0
27/09/2012,0
28/09/2012,0.0063492
01/10/2012,-0.0063492
02/10/2012,0
03/10/2012,0
04/10/2012,-0.0063899
05/10/2012,0
09/10/2012,0.0063899
10/10/2012,0
11/10/2012,0
12/10/2012,0
16/10/2012,-0.0063899
17/10/2012,0
18/10/2012,0
19/10/2012,0
22/10/2012,0
23/10/2012,0.0063899
24/10/2012,0
25/10/2012,0
29/10/2012,0.0063492
30/10/2012,-0.0063492
01/11/2012,0
05/11/2012,0.0063092
06/11/2012,0
07/11/2012,0
08/11/2012,0
09/11/2012,0
14/11/2012,-0.0062696
20/11/2012,-0.0063092
21/11/2012,0
23/11/2012,-0.0063492
26/11/2012,0
27/11/2012,0.0063492
28/11/2012,0
30/11/2012,0.0063492
03/12/2012,-0.0063492
04/12/2012,-0.0063899
05/12/2012,0.0063899
06/12/2012,0
10/12/2012,0
11/12/2012,-0.0063492
13/12/2012,0
14/12/2012,-0.0063899
17/12/2012,0
18/12/2012,-0.0064309
19/12/2012,0.0064309
20/12/2012,-0.0064309
21/12/2012,0
27/12/2012,0
28/12/2012,0
31/12/2012,0
03/01/2013,0.0064309
04/01/2013,0.0063899
07/01/2013,-0.0063899
09/01/2013,0
10/01/2013,-0.0128208
11/01/2013,0
15/01/2013,0
16/01/2013,0.0064309
17/01/2013,-0.0064309
18/01/2013,0.0064309
22/01/2013,0
23/01/2013,0
25/01/2013,-0.0064309
29/01/2013,-0.0064725
30/01/2013,0
31/01/2013,0
04/02/2013,0
05/02/2013,0
06/02/2013,0.0064725
07/02/2013,0
08/02/2013,0.0064309
11/02/2013,-0.0064309
12/02/2013,0
13/02/2013,0
14/02/2013,0.0064309
15/02/2013,0
19/02/2013,0
20/02/2013,0.0063899
22/02/2013,0
27/02/2013,0
28/02/2013,0
01/03/2013,0.0063092
05/03/2013,0
07/03/2013,-0.0063092
08/03/2013,0
11/03/2013,0
13/03/2013,0.0063092
14/03/2013,-0.0126584
15/03/2013,0
18/03/2013,0.0063492
19/03/2013,0.0063092
21/03/2013,-0.0063092
22/03/2013,0
25/03/2013,0.0063092
26/03/2013,0
27/03/2013,0.0062696
28/03/2013,0
02/04/2013,0.0062696
03/04/2013,0
04/04/2013,-0.0062696
05/04/2013,0
08/04/2013,0
10/04/2013,0
12/04/2013,-0.0063092
15/04/2013,0.0125788
16/04/2013,0
17/04/2013,0.0062306
18/04/2013,-0.0062306
19/04/2013,0
22/04/2013,0.0062306
23/04/2013,0
24/04/2013,0
25/04/2013,0
26/04/2013,0
29/04/2013,0
30/04/2013,0
02/05/2013,0.006192
03/05/2013,0
06/05/2013,0
07/05/2013,0.0061539
08/05/2013,-0.0061539
09/05/2013,0.0303974
10/05/2013,-0.0120483
13/05/2013,0.0060423
14/05/2013,0
15/05/2013,0
16/05/2013,0
17/05/2013,0
20/05/2013,-0.0060423
21/05/2013,0
22/05/2013,0.0060423
23/05/2013,0
24/05/2013,-0.0060423
04/06/2013,-0.0061162
05/06/2013,0
06/06/2013,-0.0061539
07/06/2013,0
10/06/2013,0
11/06/2013,0
12/06/2013,0
13/06/2013,0
14/06/2013,0
17/06/2013,0
18/06/2013,-0.006192
19/06/2013,0.0123458
20/06/2013,0
21/06/2013,0.0061162
24/06/2013,0
25/06/2013,0.006079
26/06/2013,0.0060423
28/06/2013,0
02/07/2013,0
03/07/2013,0
05/07/2013,0.0119762
08/07/2013,0
09/07/2013,0.0059348
10/07/2013,-0.011905
12/07/2013,0.0060423
15/07/2013,0
16/07/2013,-0.0060423
17/07/2013,0.0060423
18/07/2013,0
19/07/2013,0
22/07/2013,0
23/07/2013,-0.0060423
24/07/2013,0.0060423
26/07/2013,-0.0060423
29/07/2013,0
30/07/2013,0
31/07/2013,0
01/08/2013,0.0060423
02/08/2013,-0.0060423
05/08/2013,0.0060423
06/08/2013,-0.0060423
07/08/2013,0
12/08/2013,0.0060423
15/08/2013,0
16/08/2013,-0.0060423
19/08/2013,-0.006079
20/08/2013,-0.0061162
21/08/2013,0.0061162
22/08/2013,0
23/08/2013,0
26/08/2013,0.006079
27/08/2013,-0.006079
28/08/2013,0
29/08/2013,0.006079
30/08/2013,0
03/09/2013,0.0060423
04/09/2013,-0.0060423
05/09/2013,0.0120483
06/09/2013,-0.006006
11/09/2013,0
12/09/2013,-0.006079
13/09/2013,0
16/09/2013,0.006079
17/09/2013,-0.006079
18/09/2013,-0.0061162
19/09/2013,0
20/09/2013,0.0061162
24/09/2013,0.006079
25/09/2013,-0.006079
26/09/2013,0.006079
27/09/2013,0
30/09/2013,0
02/10/2013,-0.006079
03/10/2013,0
07/10/2013,0
09/10/2013,0
10/10/2013,0
14/10/2013,0
18/10/2013,-0.006079
23/10/2013,0
24/10/2013,0
25/10/2013,0
28/10/2013,0
29/10/2013,0
30/10/2013,0
31/10/2013,0.0121953
06/11/2013,0
07/11/2013,0.006006
08/11/2013,0
12/11/2013,0
13/11/2013,-0.006006
14/11/2013,0
15/11/2013,0.006006
19/11/2013,0
20/11/2013,0.0059702
21/11/2013,0
22/11/2013,-0.0059702
25/11/2013,0
26/11/2013,0
27/11/2013,0
29/11/2013,0
02/12/2013,0.0059702
03/12/2013,-0.0059702
04/12/2013,0
09/12/2013,-0.006006
10/12/2013,0.006006
11/12/2013,0
16/12/2013,0
17/12/2013,-0.006006
18/12/2013,0
19/12/2013,0
20/12/2013,-0.0060423
23/12/2013,0
24/12/2013,0
27/12/2013,0
30/12/2013,-0.006079
31/12/2013,0.006079
03/01/2014,0.0060423
06/01/2014,-0.0060423
07/01/2014,0
15/01/2014,0
16/01/2014,-0.0060423
21/01/2014,-0.0060423
22/01/2014,-0.006079
23/01/2014,-0.0122701
24/01/2014,0
28/01/2014,0
29/01/2014,-0.006192
30/01/2014,0
03/02/2014,-0.0062306
04/02/2014,0.0062306
05/02/2014,-0.0062306
07/02/2014,0
10/02/2014,-0.0062696
11/02/2014,0
12/02/2014,0.0062696
14/02/2014,-0.0062696
18/02/2014,-0.0063092
19/02/2014,0
20/02/2014,0
21/02/2014,0
25/02/2014,0
26/02/2014,0.0063092
27/02/2014,-0.0063092
03/03/2014,0
04/03/2014,0
07/03/2014,0
10/03/2014,0
11/03/2014,0
13/03/2014,0.0063492
14/03/2014,0
17/03/2014,-0.0063492
18/03/2014,0
21/03/2014,0
24/03/2014,-0.0063492
25/03/2014,0.0063492
26/03/2014,0
27/03/2014,0.0063092
28/03/2014,-0.0063092
01/04/2014,-0.0063092
02/04/2014,0
03/04/2014,0.0063092
04/04/2014,0
07/04/2014,0
08/04/2014,0
10/04/2014,-0.0063092
11/04/2014,0
14/04/2014,0.0063092
15/04/2014,-0.0063092
16/04/2014,0.0063092
17/04/2014,0
22/04/2014,0
23/04/2014,0.0062696
24/04/2014,-0.0062696
25/04/2014,0
28/04/2014,0.0062696
29/04/2014,0.0062306
30/04/2014,-0.0062306
02/05/2014,0
05/05/2014,0
06/05/2014,0
07/05/2014,0
08/05/2014,0.0062306
09/05/2014,0.006192
12/05/2014,0
13/05/2014,0
14/05/2014,0
15/05/2014,0
16/05/2014,0.0061539
19/05/2014,-0.0061539
20/05/2014,0
21/05/2014,0.0061539
22/05/2014,0
23/05/2014,0
27/05/2014,0
28/05/2014,0.0061162
29/05/2014,-0.0061162
30/05/2014,0
03/06/2014,-0.0061162
04/06/2014,0
05/06/2014,0
06/06/2014,0.0061162
09/06/2014,0
10/06/2014,0.006079
11/06/2014,0.0060423
12/06/2014,-0.0060423
13/06/2014,0.0120483
16/06/2014,-0.006006
17/06/2014,0
18/06/2014,0
19/06/2014,0
20/06/2014,0.006006
23/06/2014,0.0059702
24/06/2014,0
25/06/2014,0
26/06/2014,0.0059348
27/06/2014,-0.0059348
30/06/2014,0
02/07/2014,0.0059348
03/07/2014,0
07/07/2014,0
08/07/2014,0.0058997
09/07/2014,-0.0058997
10/07/2014,0.0058997
14/07/2014,0
15/07/2014,0
16/07/2014,0.0058309
17/07/2014,0
18/07/2014,0
21/07/2014,0.0057971
22/07/2014,0
23/07/2014,0
24/07/2014,0
31/07/2014,-0.0057971
01/08/2014,-0.0058309
04/08/2014,0
05/08/2014,0
06/08/2014,0
07/08/2014,0.0058309
08/08/2014,0
11/08/2014,-0.0058309
12/08/2014,0.0058309
14/08/2014,0
18/08/2014,0
19/08/2014,0
20/08/2014,0.0115608
21/08/2014,-0.0115608
22/08/2014,0.0057971
25/08/2014,0.0057637
26/08/2014,0
27/08/2014,-0.0057637
28/08/2014,0.0057637
29/08/2014,0
02/09/2014,0
03/09/2014,0
04/09/2014,0.0057307
05/09/2014,0.005698
09/09/2014,0
10/09/2014,0
11/09/2014,0
12/09/2014,-0.0056657
15/09/2014,0.0056657
16/09/2014,0
17/09/2014,0.0056338
18/09/2014,-0.0056338
19/09/2014,0.0056338
23/09/2014,0
24/09/2014,0.0056022
25/09/2014,0
26/09/2014,0.005571
29/09/2014,0
30/09/2014,0
01/10/2014,0
02/10/2014,0
03/10/2014,0.0110499
07/10/2014,0
08/10/2014,-0.005571
09/10/2014,0.005571
10/10/2014,0.0055402
14/10/2014,0
16/10/2014,-0.0111112
17/10/2014,0.005571
21/10/2014,0.005571
22/10/2014,0.0055402
27/10/2014,-0.0055402
28/10/2014,0
29/10/2014,0.0055402
30/10/2014,0
31/10/2014,0.0109892
03/11/2014,0
04/11/2014,-0.0054795
05/11/2014,0.0054795
06/11/2014,0.0054496
07/11/2014,-0.0054496
10/11/2014,0.0054496
12/11/2014,0
13/11/2014,-0.0054496
14/11/2014,0
17/11/2014,0.0054496
19/11/2014,0
20/11/2014,0
21/11/2014,0.0054496
24/11/2014,0
25/11/2014,0
26/11/2014,0
28/11/2014,0
01/12/2014,0
02/12/2014,0.0054201
03/12/2014,0.0053908
08/12/2014,0
09/12/2014,0
11/12/2014,0
15/12/2014,0
16/12/2014,-0.0054201
17/12/2014,0.0054201
18/12/2014,0.0053908
19/12/2014,0
22/12/2014,0.0053619
23/12/2014,0
24/12/2014,-0.0053619
29/12/2014,0
30/12/2014,0
31/12/2014,0.0053619
05/01/2015,0.0053334
06/01/2015,0
07/01/2015,0.0053051
09/01/2015,-0.005277
12/01/2015,0
13/01/2015,0.005277
15/01/2015,0.0052494
16/01/2015,0.0052219
20/01/2015,0
21/01/2015,-0.0052219
22/01/2015,0.0207261
23/01/2015,0
27/01/2015,-0.0155042
28/01/2015,0.0103629
29/01/2015,-0.005168
30/01/2015,0.005168
02/02/2015,-0.005168
05/02/2015,-0.0104167
06/02/2015,0.0104167
09/02/2015,0
10/02/2015,0
11/02/2015,0
12/02/2015,-0.0051948
13/02/2015,0
18/02/2015,0.0051948
20/02/2015,0
24/02/2015,0
25/02/2015,-0.005168
27/02/2015,0
02/03/2015,0
03/03/2015,0
04/03/2015,0.0051151
05/03/2015,0.005089
09/03/2015,-0.0050633
10/03/2015,0.0101011
11/03/2015,0.0100001
13/03/2015,-0.0050378
16/03/2015,-0.0101523
17/03/2015,0
18/03/2015,-0.0051151
19/03/2015,0.0102041
23/03/2015,-0.0153455
24/03/2015,0
25/03/2015,0
26/03/2015,0.0051414
27/03/2015,-0.0051414
30/03/2015,0.0051414
31/03/2015,0.0102041
01/04/2015,-0.005089
02/04/2015,-0.0102565
07/04/2015,0.0102565
08/04/2015,0
10/04/2015,0.0101523
13/04/2015,0
14/04/2015,-0.0050633
15/04/2015,0
16/04/2015,-0.005089
17/04/2015,-0.0051151
20/04/2015,0.0051151
21/04/2015,0
22/04/2015,0
23/04/2015,-0.0051151
24/04/2015,-0.0051414
27/04/2015,0.0051414
28/04/2015,-0.0103094
29/04/2015,-0.0104167
30/04/2015,0
04/05/2015,0.0052219
05/05/2015,0
06/05/2015,-0.0104713
07/05/2015,0.0104713
08/05/2015,0.0051948
11/05/2015,0
12/05/2015,0
13/05/2015,-0.0104167
14/05/2015,0
15/05/2015,0
18/05/2015,0.0052219
19/05/2015,0.0103629
20/05/2015,0.0051414
21/05/2015,0
22/05/2015,0.0051151
26/05/2015,0.005089
27/05/2015,0
28/05/2015,0
29/05/2015,-0.005089
03/06/2015,-0.0051414
04/06/2015,-0.005168
05/06/2015,0.0103094
08/06/2015,-0.0103094
09/06/2015,0
10/06/2015,0
11/06/2015,0.005168
12/06/2015,0
15/06/2015,0
16/06/2015,0
17/06/2015,-0.005168
18/06/2015,0
19/06/2015,0
22/06/2015,0
23/06/2015,0.0103094
24/06/2015,-0.0051414
25/06/2015,0
26/06/2015,0.0051414
29/06/2015,-0.0051414
30/06/2015,0.0102565
02/07/2015,0
03/07/2015,0
06/07/2015,0
07/07/2015,0.005089
08/07/2015,0
09/07/2015,0
10/07/2015,-0.0102041
13/07/2015,0.0102041
14/07/2015,-0.005089
15/07/2015,0.005089
16/07/2015,0.0050633
21/07/2015,-0.0050633
22/07/2015,0
23/07/2015,0
24/07/2015,0
27/07/2015,-0.005089
28/07/2015,0
29/07/2015,0.005089
30/07/2015,0.0050633
31/07/2015,-0.0050633
04/08/2015,0.0101011
05/08/2015,-0.0050378
06/08/2015,-0.0050633
07/08/2015,-0.005089
10/08/2015,0
11/08/2015,0
12/08/2015,-0.0051151
14/08/2015,0.0051151
17/08/2015,0
18/08/2015,0.005089
19/08/2015,-0.0102041
20/08/2015,-0.0051414
21/08/2015,-0.005168
24/08/2015,-0.0156661
25/08/2015,0.0156661
26/08/2015,0.0154245
27/08/2015,0
28/08/2015,0
31/08/2015,-0.0051151
01/09/2015,-0.0051414
02/09/2015,0.0051414
03/09/2015,0.0102041
04/09/2015,-0.005089
08/09/2015,0
09/09/2015,0
10/09/2015,-0.0051151
11/09/2015,-0.0051414
15/09/2015,0.0051151
16/09/2015,-0.0051151
17/09/2015,-0.0051414
22/09/2015,0
23/09/2015,0
28/09/2015,-0.005089
29/09/2015,0
30/09/2015,0.005089
01/10/2015,0
02/10/2015,-0.005089
05/10/2015,0.005089
06/10/2015,-0.0102041
07/10/2015,0.0051151
08/10/2015,0
09/10/2015,-0.0051151
13/10/2015,0
16/10/2015,0
21/10/2015,0
22/10/2015,0.0151902
23/10/2015,0.0050125
26/10/2015,-0.0050125
27/10/2015,0
28/10/2015,0.0100001
29/10/2015,-0.0049875
30/10/2015,-0.0050125
02/11/2015,0.0050125
03/11/2015,-0.0050125
05/11/2015,0.0100001
06/11/2015,0.009901
09/11/2015,-0.0049382
10/11/2015,0.0049382
12/11/2015,-0.0049382
13/11/2015,0.0049382
16/11/2015,0.004914
17/11/2015,0.00489
19/11/2015,-0.00489
20/11/2015,0.00489
23/11/2015,0
24/11/2015,0
25/11/2015,0.0048662
27/11/2015,0
30/11/2015,0
01/12/2015,0
02/12/2015,0
07/12/2015,0.0049382
08/12/2015,-0.0049382
09/12/2015,-0.0049628
10/12/2015,0.0049628
11/12/2015,-0.0049628
14/12/2015,0
15/12/2015,0.0049628
16/12/2015,0
17/12/2015,0.0049382
18/12/2015,0
21/12/2015,0
22/12/2015,0
23/12/2015,-0.0049382
29/12/2015,0.0049382
30/12/2015,0
31/12/2015,0.004914
04/01/2016,0
05/01/2016,0.00489
06/01/2016,0
07/01/2016,-0.009804
11/01/2016,0
12/01/2016,0
13/01/2016,0
15/01/2016,-0.004914
19/01/2016,0.004914
20/01/2016,0
21/01/2016,0
22/01/2016,0.00489
26/01/2016,-0.00489
27/01/2016,0
28/01/2016,-0.004914
29/01/2016,0.009804
02/02/2016,0
03/02/2016,-0.0098523
04/02/2016,-0.0049628
05/02/2016,0.0049628
09/02/2016,-0.0049875
10/02/2016,0
11/02/2016,0
12/02/2016,0
16/02/2016,0.0099503
17/02/2016,0
18/02/2016,0
19/02/2016,0
23/02/2016,0
24/02/2016,0
25/02/2016,0
26/02/2016,0.009804
29/02/2016,0
01/03/2016,0
02/03/2016,0
03/03/2016,-0.00489
04/03/2016,0
08/03/2016,-0.004914
09/03/2016,0.004914
11/03/2016,0.0049628
14/03/2016,0
15/03/2016,0
16/03/2016,-0.0049628
17/03/2016,-0.0049875
18/03/2016,0.0049875
21/03/2016,0.0049628
22/03/2016,0
23/03/2016,0
24/03/2016,0.0049382
29/03/2016,0
30/03/2016,-0.0049628
31/03/2016,0.0049628
01/04/2016,-0.0099503
04/04/2016,0.0049875
05/04/2016,0
06/04/2016,0
07/04/2016,0.0049628
11/04/2016,-0.0099503
12/04/2016,0
13/04/2016,0.0049875
14/04/2016,0.0049628
15/04/2016,-0.0049628
18/04/2016,0
19/04/2016,0
20/04/2016,0.0049628
21/04/2016,0
22/04/2016,0.0049382
25/04/2016,-0.0049382
26/04/2016,0
27/04/2016,0
28/04/2016,-0.0049628
29/04/2016,-0.0100001
03/05/2016,0.0050125
04/05/2016,0
05/05/2016,0.0049875
06/05/2016,0.0049628
09/05/2016,0
10/05/2016,0
11/05/2016,0
12/05/2016,0.0098523
13/05/2016,0.00489
16/05/2016,0.0048662
17/05/2016,0
18/05/2016,0.0048426
19/05/2016,0.0048193
20/05/2016,-0.0048193
23/05/2016,0
24/05/2016,0.0048193
26/05/2016,0
27/05/2016,0.0047733
31/05/2016,0.0094787
02/06/2016,0.0093899
03/06/2016,-0.0046839
08/06/2016,-0.0141848
09/06/2016,0.028171
10/06/2016,0
13/06/2016,-0.0046404
14/06/2016,0.0046404
15/06/2016,0
16/06/2016,0.0046189
17/06/2016,-0.0092593
20/06/2016,0
21/06/2016,0.0046404
23/06/2016,-0.004662
24/06/2016,0.018519
27/06/2016,0.0181823
28/06/2016,-0.0045147
29/06/2016,-0.0136676
30/06/2016,0.0045767
08/07/2016,0.009091
12/07/2016,0
13/07/2016,0
14/07/2016,0
15/07/2016,0.0090498
18/07/2016,0
19/07/2016,0.0044944
20/07/2016,-0.0044944
21/07/2016,0.0044944
22/07/2016,0.0044743
26/07/2016,0
27/07/2016,-0.0044743
28/07/2016,0
29/07/2016,-0.0090091
02/08/2016,-0.0045351
03/08/2016,0.0090498
04/08/2016,0
05/08/2016,0
08/08/2016,-0.0045147
09/08/2016,0
10/08/2016,-0.0045351
11/08/2016,0.0045351
12/08/2016,0
16/08/2016,-0.009091
17/08/2016,0
18/08/2016,-0.0045767
19/08/2016,0.0045767
22/08/2016,0
23/08/2016,0
24/08/2016,0.0045558
25/08/2016,-0.0045558
26/08/2016,0.009091
29/08/2016,0
30/08/2016,0
31/08/2016,0
01/09/2016,-0.0045351
02/09/2016,0.0045351
07/09/2016,0
08/09/2016,0
09/09/2016,0
15/09/2016,0
16/09/2016,0.0045351
19/09/2016,0
20/09/2016,0
22/09/2016,0.0045351
23/09/2016,-0.0045351
26/09/2016,0
27/09/2016,0.0045351
28/09/2016,-0.0045351
29/09/2016,0
30/09/2016,0
04/10/2016,0.0045351
05/10/2016,0
06/10/2016,0.0045147
07/10/2016,-0.0045147
11/10/2016,0.0090091
12/10/2016,0.0044743
13/10/2016,-0.0044743
14/10/2016,0.0044743
18/10/2016,0
19/10/2016,0
21/10/2016,0
24/10/2016,0
25/10/2016,0
26/10/2016,-0.0044346
27/10/2016,0.0044346
28/10/2016,-0.0044346
31/10/2016,0
01/11/2016,-0.0044543
03/11/2016,0
04/11/2016,0
07/11/2016,0.0044743
08/11/2016,0
09/11/2016,0.008889
10/11/2016,0
14/11/2016,0.013187
15/11/2016,-0.0043764
16/11/2016,0.0043764
17/11/2016,0
21/11/2016,-0.0043573
22/11/2016,0
23/11/2016,0.0043573
25/11/2016,-0.0043573
28/11/2016,0
29/11/2016,0
30/11/2016,0.0086957
05/12/2016,0.0043573
06/12/2016,0.0043384
07/12/2016,-0.0043384
08/12/2016,0.0043384
09/12/2016,0.0043197
13/12/2016,-0.0086581
14/12/2016,0.0043384
15/12/2016,0.0043197
16/12/2016,0
19/12/2016,0
20/12/2016,0
21/12/2016,0
22/12/2016,0
23/12/2016,-0.0043197
28/12/2016,0.0129034
29/12/2016,-0.0129034
30/12/2016,-0.0043384
03/01/2017,0.0257525
04/01/2017,-0.0214141
05/01/2017,-0.0086957
06/01/2017,0.0043573
10/01/2017,0
11/01/2017,-0.0172418
12/01/2017,-0.0043573
13/01/2017,0.0130153
17/01/2017,-0.0043197
18/01/2017,0.0043197
19/01/2017,-0.0173917
20/01/2017,0
24/01/2017,0.0174677
25/01/2017,-0.0174677
26/01/2017,0.0174677
27/01/2017,0
30/01/2017,-0.0130721
31/01/2017,0.0043764
02/02/2017,0
03/02/2017,-0.0043764
06/02/2017,0
07/02/2017,0
08/02/2017,-0.0043956
10/02/2017,0
13/02/2017,0.0043764
14/02/2017,0
15/02/2017,0
16/02/2017,-0.0043764
17/02/2017,0
21/02/2017,0.0130721
22/02/2017,-0.0043384
23/02/2017,-0.0043573
28/02/2017,0.0086957
02/03/2017,0.0043197
03/03/2017,-0.0130153
07/03/2017,0
08/03/2017,0
09/03/2017,0.0043573
10/03/2017,-0.0087337
13/03/2017,0.0087337
14/03/2017,0.0086581
15/03/2017,-0.0130153
16/03/2017,-0.008772
17/03/2017,0.0131293
21/03/2017,-0.0175443
22/03/2017,0
23/03/2017,-0.0044346
24/03/2017,0.0044346
27/03/2017,-0.0044346
28/03/2017,0
30/03/2017,0.0043956
31/03/2017,0
03/04/2017,0.0259755
04/04/2017,-0.0259755
05/04/2017,-0.0043956
06/04/2017,0.0043956
07/04/2017,0.0087337
10/04/2017,0
11/04/2017,-0.0043573
12/04/2017,0.0173164
13/04/2017,0.0085471
19/04/2017,0.0043384
20/04/2017,0.0423793
21/04/2017,0.0446321
24/04/2017,-0.0957071
25/04/2017,0.0343381
26/04/2017,0.0084035
27/04/2017,0
28/04/2017,0.028868
02/05/2017,-0.028868
03/05/2017,0
04/05/2017,0
05/05/2017,0.0083334
08/05/2017,0.0041407
09/05/2017,-0.0041407
10/05/2017,0.0082645
11/05/2017,-0.0041237
12/05/2017,0.024491
15/05/2017,0.0040241
16/05/2017,-0.0285152
17/05/2017,0.0325232
18/05/2017,-0.0283995
19/05/2017,0
22/05/2017,0
23/05/2017,0
24/05/2017,0.0041068
26/05/2017,-0.0163268
30/05/2017,0.0081968
31/05/2017,0
02/06/2017,-0.0041068
06/06/2017,0.0041068
09/06/2017,0.00409
12/06/2017,0
13/06/2017,0
14/06/2017,0
15/06/2017,0.0040733
16/06/2017,0
19/06/2017,0.0040568
20/06/2017,-0.0040568
21/06/2017,0
22/06/2017,0.0121213
23/06/2017,-0.0040241
28/06/2017,-0.0040404
29/06/2017,-0.0204506
30/06/2017,0.0204506
05/07/2017,0.0041068
06/07/2017,-0.0041068
07/07/2017,0
10/07/2017,0.0041068
12/07/2017,0.0041068
13/07/2017,0.0162605
14/07/2017,-0.0040404
17/07/2017,0
18/07/2017,-0.0204506
19/07/2017,0.0041237
20/07/2017,0.0122701
21/07/2017,-0.0163938
24/07/2017,0.0204506
26/07/2017,-0.0081301
27/07/2017,-0.0123205
28/07/2017,0.0082305
31/07/2017,-0.0291082
01/08/2017,0.0125789
02/08/2017,-0.0041754
03/08/2017,0.0041754
04/08/2017,0
07/08/2017,-0.0041754
09/08/2017,-0.0083334
10/08/2017,0.0247946
11/08/2017,-0.0206193
14/08/2017,0.0206193
15/08/2017,0.0040733
16/08/2017,-0.0040733
17/08/2017,-0.0164613
18/08/2017,0.0205346
21/08/2017,-0.0246926
22/08/2017,0.0206193
23/08/2017,-0.00409
24/08/2017,0.00409
25/08/2017,-0.0081968
28/08/2017,-0.0041237
29/08/2017,0.0163938
30/08/2017,-0.0081633
31/08/2017,-0.0041068
05/09/2017,0.0081968
06/09/2017,0
12/09/2017,0.0123205
13/09/2017,0.0040733
14/09/2017,-0.0081633
15/09/2017,0.0081633
18/09/2017,-0.0122701
19/09/2017,-0.0041237
20/09/2017,0.0163938
22/09/2017,-0.0081633
25/09/2017,0.0081633
26/09/2017,0.0040568
27/09/2017,0
28/09/2017,-0.0081301
29/09/2017,0.0121705
02/10/2017,0
03/10/2017,0.0040241
04/10/2017,-0.0080646
05/10/2017,0.0040404
06/10/2017,0.0040241
10/10/2017,0
11/10/2017,-0.0040241
12/10/2017,-0.0040404
13/10/2017,0.0080646
17/10/2017,0.0040404
18/10/2017,0.0040241
23/10/2017,0
24/10/2017,0
27/10/2017,0
30/10/2017,0
31/10/2017,0
03/11/2017,0.0159366
06/11/2017,-0.0159366
07/11/2017,0.008
08/11/2017,0.0079366
09/11/2017,-0.0119286
10/11/2017,0
13/11/2017,0.0079681
14/11/2017,-0.0079681
15/11/2017,-0.0040081
16/11/2017,0
17/11/2017,0.0040081
20/11/2017,0.0079681
21/11/2017,0
22/11/2017,-0.0079681
24/11/2017,-0.0040081
27/11/2017,0.0040081
29/11/2017,0
04/12/2017,0.0040081
05/12/2017,0.0079681
06/12/2017,0
07/12/2017,0
08/12/2017,-0.0079681
11/12/2017,0.0079681
13/12/2017,-0.0079366
14/12/2017,-0.008
15/12/2017,0.0040081
18/12/2017,-0.0040081
19/12/2017,-0.0040241
20/12/2017,0
21/12/2017,0.0120242
22/12/2017,-0.0120242
27/12/2017,0.003992
28/12/2017,-0.0120242
29/12/2017,-0.0080972
03/01/2018,0.0120242
04/01/2018,-0.0241947
05/01/2018,0.0161946
09/01/2018,-0.0160646
10/01/2018,-0.0040568
11/01/2018,-0.0040733
12/01/2018,0.0161946
16/01/2018,-0.0161946
19/01/2018,0.0082305
23/01/2018,-0.0164613
24/01/2018,-0.0083334
25/01/2018,0
26/01/2018,0.0041754
29/01/2018,0
30/01/2018,0
02/02/2018,0
05/02/2018,0.0167369
06/02/2018,-0.0083334
07/02/2018,0.0041754
08/02/2018,0
09/02/2018,0.004158
12/02/2018,0.0041407
14/02/2018,-0.0167369
15/02/2018,0.0125789
20/02/2018,0.0167369
21/02/2018,-0.0083334
22/02/2018,0
27/02/2018,0.0041754
28/02/2018,0.004158
01/03/2018,-0.004158
02/03/2018,0.0082988
05/03/2018,-0.0041407
07/03/2018,0.004158
08/03/2018,-0.0083334
09/03/2018,0.0041754
13/03/2018,0
14/03/2018,0
15/03/2018,0.0082645
16/03/2018,0
19/03/2018,-0.0165979
21/03/2018,0
22/03/2018,0.0041754
23/03/2018,-0.0041754
26/03/2018,-0.0041929
27/03/2018,0.0125263
28/03/2018,0.0123712
29/03/2018,-0.0165293
03/04/2018,-0.0165293
04/04/2018,0
05/04/2018,0.004158
06/04/2018,0.0082645
10/04/2018,-0.0165979
11/04/2018,0
12/04/2018,0.0041754
13/04/2018,0.0124225
16/04/2018,-0.0165979
17/04/2018,0
18/04/2018,0.0041754
19/04/2018,0
20/04/2018,0.004158
23/04/2018,0.0041407
24/04/2018,-0.0041407
25/04/2018,0.0082645
26/04/2018,0
27/04/2018,0
30/04/2018,0.0283995
02/05/2018,-0.0161294
03/05/2018,0
04/05/2018,0.0040568
07/05/2018,0.0318752
08/05/2018,-0.0198026
09/05/2018,0.0237164
10/05/2018,-0.0277245
11/05/2018,0
14/05/2018,0.0040081
15/05/2018,0.0276151
16/05/2018,-0.019647
17/05/2018,0
18/05/2018,0
21/05/2018,0
22/05/2018,0.0235305
23/05/2018,0.007722
24/05/2018,0
29/05/2018,0.0078126
30/05/2018,0.0154443
31/05/2018,0
05/06/2018,0
06/06/2018,0
07/06/2018,0.0077822
08/06/2018,-0.0077822
11/06/2018,0
12/06/2018,0.0038987
13/06/2018,0.0038835
14/06/2018,0.0305368
18/06/2018,-0.0266683
19/06/2018,0.0115165
21/06/2018,-0.0038388
22/06/2018,0
25/06/2018,0
26/06/2018,0.0038388
27/06/2018,0.0038241
28/06/2018,0
29/06/2018,0.0113854
03/07/2018,0.0113854
05/07/2018,-0.0152095
06/07/2018,0
09/07/2018,0
10/07/2018,0
12/07/2018,0.0188329
13/07/2018,-0.0188329
16/07/2018,0
17/07/2018,0.0075758
18/07/2018,0
19/07/2018,0
20/07/2018,-0.0037807
23/07/2018,0
24/07/2018,0
25/07/2018,0
26/07/2018,0.0187623
27/07/2018,0
01/08/2018,0.0036969
06/08/2018,0.0110093
07/08/2018,-0.0110093
08/08/2018,0.0036833
09/08/2018,0.007326
10/08/2018,0.0072727
14/08/2018,0.0036167
16/08/2018,-0.0036036
17/08/2018,-0.0036167
20/08/2018,0
23/08/2018,0
24/08/2018,-0.0072727
27/08/2018,0
28/08/2018,0.0072727
29/08/2018,-0.0072727
30/08/2018,0.003643
31/08/2018,0.0036297
04/09/2018,0.0036167
05/09/2018,0
06/09/2018,0
07/09/2018,0.0036036
13/09/2018,-0.0071943
17/09/2018,-0.0036036
18/09/2018,0.0036036
19/09/2018,0.0035907
20/09/2018,-0.010811
24/09/2018,0
25/09/2018,0.0036036
26/09/2018,0
27/09/2018,0.0071685
28/09/2018,0
01/10/2018,0.003565
02/10/2018,0
03/10/2018,0.0035524
04/10/2018,-0.0035524
05/10/2018,0
09/10/2018,0.0070922
11/10/2018,-0.0035398
12/10/2018,0.0035398
16/10/2018,-0.0035398
17/10/2018,0.0070672
18/10/2018,0.0070175
19/10/2018,-0.0070175
22/10/2018,0
23/10/2018,0
24/10/2018,0.0070175
25/10/2018,0
26/10/2018,0
29/10/2018,0
30/10/2018,0
31/10/2018,0.0034904
01/11/2018,-0.0034904
05/11/2018,0
06/11/2018,0
08/11/2018,0
09/11/2018,0.0068966
13/11/2018,0.0034305
14/11/2018,-0.0034305
15/11/2018,0.0034305
16/11/2018,-0.0068729
21/11/2018,0.0034424
23/11/2018,0.0068493
26/11/2018,0
27/11/2018,0.0034071
28/11/2018,-0.0034071
30/11/2018,0.0102216
03/12/2018,0
04/12/2018,0.003384
05/12/2018,0
06/12/2018,0
10/12/2018,0
11/12/2018,0.0033728
13/12/2018,-0.0033728
14/12/2018,0.0067341
17/12/2018,0
18/12/2018,0
19/12/2018,0
20/12/2018,-0.0033613
21/12/2018,0.0033613
24/12/2018,-0.0033613
27/12/2018,-0.0033389
28/12/2018,-0.00335
31/12/2018,0.00335
03/01/2019,0.0033058
04/01/2019,-0.0066226
09/01/2019,-0.0066667
10/01/2019,0.0033389
11/01/2019,0
15/01/2019,0.0033277
16/01/2019,0
17/01/2019,0
18/01/2019,0.0033168
22/01/2019,0.0033058
23/01/2019,-0.0033058
24/01/2019,0.0033058
25/01/2019,-0.0066226
29/01/2019,-0.0033058
30/01/2019,0
31/01/2019,-0.0033168
04/02/2019,0.0033058
06/02/2019,0.006579
07/02/2019,0
08/02/2019,0
11/02/2019,0.0032732
12/02/2019,-0.0032732
13/02/2019,0.0065359
14/02/2019,-0.0032626
15/02/2019,0
19/02/2019,-0.0032732
20/02/2019,-0.0032841
21/02/2019,0
22/02/2019,0
26/02/2019,0
27/02/2019,-0.0032949
28/02/2019,0
01/03/2019,0
05/03/2019,0
07/03/2019,0.006579
08/03/2019,-0.0032841
11/03/2019,-0.0066007
13/03/2019,0
14/03/2019,0.0033058
15/03/2019,-0.0099503
18/03/2019,0
19/03/2019,0
21/03/2019,-0.0033389
22/03/2019,0.0066667
25/03/2019,-0.0033277
26/03/2019,0.0033277
27/03/2019,0.0033168
28/03/2019,0
29/03/2019,0
01/04/2019,-0.0033168
02/04/2019,0
03/04/2019,0
04/04/2019,0
05/04/2019,0.0033168
08/04/2019,-0.0066445
10/04/2019,0
11/04/2019,0
12/04/2019,0
15/04/2019,-0.0033389
16/04/2019,0.0033389
17/04/2019,-0.0033389
18/04/2019,0.0066667
23/04/2019,0.0033389
24/04/2019,0.0099503
25/04/2019,-0.0066226
26/04/2019,0
29/04/2019,0
30/04/2019,0.0033168
02/05/2019,-0.0099834
06/05/2019,0
07/05/2019,0
08/05/2019,0
09/05/2019,-0.0033389
10/05/2019,0
13/05/2019,-0.00335
15/05/2019,0
16/05/2019,0.00335
17/05/2019,0.0033389
20/05/2019,-0.0033389
21/05/2019,0
22/05/2019,0.0033389
23/05/2019,-0.0033389
28/05/2019,0
29/05/2019,0
30/05/2019,0.0033389
31/05/2019,-0.0033389
10/06/2019,0
11/06/2019,0
12/06/2019,0.0033728
13/06/2019,-0.0033728
14/06/2019,0.0033728
17/06/2019,0
18/06/2019,0
19/06/2019,0
20/06/2019,-0.0101525
21/06/2019,-0.0034071
24/06/2019,-0.0102917
25/06/2019,-0.0138892
26/06/2019,0.0069687
27/06/2019,0
28/06/2019,0
01/07/2019,-0.0034783
02/07/2019,0.0034783
03/07/2019,0.0034662
05/07/2019,0
08/07/2019,0
09/07/2019,0
10/07/2019,-0.0034662
12/07/2019,-0.0034662
15/07/2019,-0.0034783
16/07/2019,0.0069445
17/07/2019,-0.0069445
18/07/2019,-0.0034904
19/07/2019,0.0034904
22/07/2019,0.0034783
23/07/2019,0
24/07/2019,0
26/07/2019,0
29/07/2019,0
30/07/2019,0
31/07/2019,0.0034662
01/08/2019,0
02/08/2019,0
06/08/2019,0
07/08/2019,0
08/08/2019,0.0034904
09/08/2019,-0.0034904
14/08/2019,0.0034904
15/08/2019,0
16/08/2019,-0.0069931
19/08/2019,0.0069931
20/08/2019,-0.0034904
21/08/2019,0.0034904
22/08/2019,0
23/08/2019,-0.0069931
26/08/2019,0.0035026
27/08/2019,0
28/08/2019,0
29/08/2019,0.0034904
30/08/2019,0.0034783
04/09/2019,-0.0069687
05/09/2019,0
06/09/2019,-0.0035026
10/09/2019,-0.0034904
11/09/2019,0.0034904
12/09/2019,-0.0069931
16/09/2019,0.0035026
17/09/2019,-0.0035026
18/09/2019,0.0035026
19/09/2019,0
20/09/2019,0
24/09/2019,0
25/09/2019,0.0034904
26/09/2019,0.0034783
02/10/2019,-0.0035026
03/10/2019,0
04/10/2019,-0.0035149
08/10/2019,0
09/10/2019,-0.0035026
11/10/2019,-0.0035149
16/10/2019,0
17/10/2019,-0.0035274
18/10/2019,-0.0070922
22/10/2019,0
23/10/2019,0
24/10/2019,0
25/10/2019,0.0035398
28/10/2019,-0.0035398
29/10/2019,0
30/10/2019,0.0035398
31/10/2019,-0.0035398
04/11/2019,0.0035398
05/11/2019,0.0035274
06/11/2019,-0.0035274
08/11/2019,0.0070423
12/11/2019,0
13/11/2019,0
14/11/2019,-0.0035149
15/11/2019,0
19/11/2019,0.0035274
20/11/2019,0.0035149
21/11/2019,0
22/11/2019,-0.0035149
25/11/2019,0
26/11/2019,0
27/11/2019,0.0035149
29/11/2019,-0.0035149
02/12/2019,0
03/12/2019,0.0035149
04/12/2019,0
09/12/2019,0
10/12/2019,-0.0035149
11/12/2019,0
13/12/2019,-0.0035149
16/12/2019,0.0035149
17/12/2019,-0.0035149
18/12/2019,-0.0035274
19/12/2019,0.0070423
20/12/2019,0
23/12/2019,-0.0070423
27/12/2019,-0.0071174
30/12/2019,0
03/01/2020,0.0035907
06/01/2020,-0.0035907
09/01/2020,0.0035398
10/01/2020,-0.0070922
14/01/2020,0.0035524
15/01/2020,-0.0071174
17/01/2020,0.0071174
21/01/2020,0
22/01/2020,0
23/01/2020,0
24/01/2020,0.0035398
28/01/2020,0
29/01/2020,0.0035398
30/01/2020,0
31/01/2020,-0.0070922
03/02/2020,0
04/02/2020,0.0035524
05/02/2020,0.0070672
06/02/2020,-0.0035274
07/02/2020,0.0035274
12/02/2020,0.0035274
13/02/2020,0.0070175
14/02/2020,-0.0035026
18/02/2020,0
19/02/2020,0
20/02/2020,0.0069931
25/02/2020,-0.0035149
26/02/2020,0.0070175
27/02/2020,-0.0035026
28/02/2020,0.0035026
02/03/2020,-0.0070175
03/03/2020,-0.0035274
04/03/2020,0.0035274
05/03/2020,-0.0070672
09/03/2020,-0.0178895
10/03/2020,0.0178895
11/03/2020,-0.0071174
13/03/2020,0.0140847
16/03/2020,-0.0035026
17/03/2020,0.0104713
18/03/2020,0.0069205
19/03/2020,0.0136988
23/03/2020,-0.017153
24/03/2020,-0.0034662
26/03/2020,-0.0138892
27/03/2020,-0.0035026
30/03/2020,0.0069931
31/03/2020,-0.0034904
01/04/2020,0.0034904
02/04/2020,0.0103987
03/04/2020,-0.0034542
06/04/2020,0.0103271
07/04/2020,-0.0068729
08/04/2020,0.0034424
14/04/2020,-0.0069205
15/04/2020,0.0034662
16/04/2020,0.0034542
17/04/2020,-0.0034542
20/04/2020,0
21/04/2020,0
22/04/2020,0.0068966
23/04/2020,0
24/04/2020,-0.0034424
27/04/2020,0.0034424
28/04/2020,-0.0034424
29/04/2020,-0.0034542
30/04/2020,0.0034542
04/05/2020,-0.0034542
05/05/2020,0
06/05/2020,0.0068966
07/05/2020,-0.0068966
08/05/2020,0.0034542
11/05/2020,0.0034424
12/05/2020,-0.0034424
13/05/2020,0.0034424
14/05/2020,-0.0034424
15/05/2020,0.0034424
18/05/2020,-0.0068966
19/05/2020,-0.0034662
20/05/2020,-0.0034783
21/05/2020,0
22/05/2020,0.0103987
26/05/2020,-0.0034542
27/05/2020,-0.0069445
28/05/2020,-0.0034904
29/05/2020,0
02/06/2020,0
03/06/2020,-0.0070423
04/06/2020,-0.0035398
05/06/2020,0.0105821
08/06/2020,-0.0035149
09/06/2020,-0.0035274
10/06/2020,-0.0035398
11/06/2020,0.0105821
12/06/2020,-0.0035149
15/06/2020,0
16/06/2020,0.0035149
17/06/2020,0
18/06/2020,0.0035026
19/06/2020,0
22/06/2020,-0.0035026
24/06/2020,-0.0035149
25/06/2020,0.0035149
26/06/2020,0
29/06/2020,0.0035026
30/06/2020,0
01/07/2020,0
02/07/2020,-0.0035026
03/07/2020,0
06/07/2020,-0.0035149
07/07/2020,0
08/07/2020,-0.0035274
09/07/2020,0.0035274
10/07/2020,0
13/07/2020,-0.0035274
14/07/2020,-0.0035398
15/07/2020,0
16/07/2020,0.0035398
17/07/2020,-0.0035398
20/07/2020,0
21/07/2020,-0.0106952
22/07/2020,-0.0035907
23/07/2020,0
24/07/2020,-0.0036036
27/07/2020,-0.0072464
28/07/2020,0.0036297
29/07/2020,-0.0036297
03/08/2020,-0.010969
05/08/2020,-0.0219789
06/08/2020,0
07/08/2020,0.0073801
10/08/2020,0.010969
11/08/2020,-0.010969
12/08/2020,-0.0036833
14/08/2020,0.0110093
17/08/2020,0.003643
18/08/2020,-0.010969
19/08/2020,0.0036697
21/08/2020,0.0036563
24/08/2020,0
25/08/2020,0.003643
26/08/2020,-0.0072993
27/08/2020,0
28/08/2020,0
31/08/2020,-0.007353
01/09/2020,0.007353
02/09/2020,0.0036563
03/09/2020,-0.0036563
04/09/2020,0
08/09/2020,0.0036563
09/09/2020,0
10/09/2020,0
11/09/2020,-0.0036563
15/09/2020,0.0036563
16/09/2020,-0.0036563
17/09/2020,0.0036563
18/09/2020,-0.0036563
22/09/2020,0.003643
23/09/2020,0.0036297
24/09/2020,0
25/09/2020,0
28/09/2020,0
29/09/2020,-0.0036297
30/09/2020,0.0036297
01/10/2020,0
02/10/2020,0
05/10/2020,-0.0072727
06/10/2020,0.0108894
07/10/2020,-0.0108894
08/10/2020,0
09/10/2020,0
13/10/2020,0.0072727
14/10/2020,-0.0036297
15/10/2020,0
21/10/2020,0.003643
22/10/2020,0.0036297
23/10/2020,-0.0036297
26/10/2020,0
27/10/2020,0
28/10/2020,0
30/10/2020,0.0072464
03/11/2020,-0.0036167
05/11/2020,0
06/11/2020,-0.003643
09/11/2020,0.003643
10/11/2020,-0.003643
12/11/2020,0
13/11/2020,0
16/11/2020,0
17/11/2020,0
19/11/2020,0
20/11/2020,0
23/11/2020,-0.0036563
24/11/2020,0
25/11/2020,0
27/11/2020,0
30/11/2020,-0.0036697
01/12/2020,0.0036697
02/12/2020,-0.0110499
08/12/2020,0
09/12/2020,0
10/12/2020,0
11/12/2020,0
14/12/2020,-0.0036969
15/12/2020,-0.0037106
16/12/2020,0
17/12/2020,0
18/12/2020,0
21/12/2020,0
22/12/2020,0
23/12/2020,0
24/12/2020,0.0037106
29/12/2020,0
30/12/2020,-0.0037244
31/12/2020,0.0037244
04/01/2021,0
05/01/2021,-0.0037244
06/01/2021,-0.0037383
11/01/2021,0
12/01/2021,0
13/01/2021,0
15/01/2021,0.0073801
19/01/2021,-0.0110907
20/01/2021,0.0074074
21/01/2021,-0.0074074
22/01/2021,0
26/01/2021,-0.0037106
27/01/2021,0.0037106
29/01/2021,0
02/02/2021,0.0036969
03/02/2021,0
04/02/2021,0.0036833
05/02/2021,-0.0036833
08/02/2021,0
09/02/2021,0
10/02/2021,-0.0036969
11/02/2021,0
16/02/2021,-0.0110907
17/02/2021,0.0037106
18/02/2021,0
19/02/2021,0.0036969
23/02/2021,0
24/02/2021,0
25/02/2021,0
26/02/2021,0.0073801
01/03/2021,0.0036697
02/03/2021,0
03/03/2021,0
04/03/2021,0.0072993
05/03/2021,-0.003643
09/03/2021,-0.003643
10/03/2021,0
15/03/2021,0
16/03/2021,0
17/03/2021,-0.0036563
18/03/2021,0.0036563
19/03/2021,0.003643
22/03/2021,-0.003643
23/03/2021,0.003643
24/03/2021,0
25/03/2021,0.01085
26/03/2021,-0.0072203
29/03/2021,0.0072203
30/03/2021,0
31/03/2021,0.0035907
01/04/2021,0
06/04/2021,-0.0036036
07/04/2021,0
08/04/2021,0
09/04/2021,0.0178895
12/04/2021,-0.0215062
14/04/2021,0
15/04/2021,0.010929
16/04/2021,0
19/04/2021,-0.0072727
20/04/2021,0
21/04/2021,0.003643
22/04/2021,0
23/04/2021,-0.010969
26/04/2021,0.0036697
27/04/2021,0.0036563
29/04/2021,0
30/04/2021,0.0072993
04/05/2021,0.003643
05/05/2021,0
06/05/2021,-0.003643
07/05/2021,-0.007326
10/05/2021,0.0036697
11/05/2021,-0.0036697
17/05/2021,0.0036697
18/05/2021,-0.0036697
19/05/2021,0
20/05/2021,0
21/05/2021,0
24/05/2021,0
25/05/2021,-0.0036833
26/05/2021,0.0036833
27/05/2021,0
28/05/2021,0
01/06/2021,0.0036697
04/06/2021,-0.0036563
08/06/2021,-0.0036697
09/06/2021,0.007326
10/06/2021,-0.0036563
11/06/2021,0.0072993
14/06/2021,0
15/06/2021,-0.003643
16/06/2021,0.0108894
17/06/2021,0
18/06/2021,0
21/06/2021,0.0036036
22/06/2021,-0.0072203
23/06/2021,0.0072203
24/06/2021,-0.0072203
25/06/2021,0.0036167
28/06/2021,0.0036036
29/06/2021,0
30/06/2021,0.0035907
01/07/2021,-0.0035907
02/07/2021,-0.0036036
06/07/2021,0.0036036
07/07/2021,0
08/07/2021,-0.0036036
09/07/2021,0.0036036
13/07/2021,0.01085
14/07/2021,0.0035907
15/07/2021,0
16/07/2021,-0.0035907
19/07/2021,0
22/07/2021,0
23/07/2021,0.0071685
26/07/2021,-0.0035778
27/07/2021,0
28/07/2021,-0.0071943
29/07/2021,-0.0036167
30/07/2021,0
03/08/2021,0.0036167
05/08/2021,0
06/08/2021,0.0035778
09/08/2021,-0.0035778
11/08/2021,0
12/08/2021,0
16/08/2021,-0.0035907
17/08/2021,0.0035907
18/08/2021,0
19/08/2021,0.0071428
20/08/2021,-0.0071428
23/08/2021,0.0035778
24/08/2021,0
25/08/2021,-0.0035778
26/08/2021,0.0071428
27/08/2021,-0.0107335
30/08/2021,0
31/08/2021,0.0035907
01/09/2021,0
02/09/2021,-0.0035907
03/09/2021,0
07/09/2021,0.0035907
08/09/2021,0
09/09/2021,0
10/09/2021,0
14/09/2021,0
15/09/2021,0
16/09/2021,0.0035778
17/09/2021,0
20/09/2021,0.003565
22/09/2021,-0.0071685
23/09/2021,0.0035907
24/09/2021,0
27/09/2021,0.0035778
28/09/2021,0
29/09/2021,0.003565
30/09/2021,0.0070922
01/10/2021,0
05/10/2021,-0.0035398
06/10/2021,0.0070672
07/10/2021,-0.0035274
08/10/2021,0
12/10/2021,0.0035274
13/10/2021,-0.0035274
14/10/2021,0
19/10/2021,-0.0035398
21/10/2021,0.0071174
22/10/2021,-0.0071174
25/10/2021,0.0071174
26/10/2021,0.0035398
27/10/2021,0
28/10/2021,-0.0106572
29/10/2021,0.003565
03/11/2021,0
05/11/2021,-0.0106196
09/11/2021,0
10/11/2021,0.0071174
12/11/2021,0
15/11/2021,0.0070672
16/11/2021,0.0105079
17/11/2021,0
19/11/2021,-0.0035026
22/11/2021,0.0035026
23/11/2021,0.0069687
24/11/2021,0.0034662
26/11/2021,-0.0034662
29/11/2021,-0.0034783
30/11/2021,0.0034783
01/12/2021,-0.0034783
06/12/2021,0
07/12/2021,0
08/12/2021,-0.0069687
09/12/2021,0.0069687
10/12/2021,-0.0034783
14/12/2021,0
15/12/2021,0
16/12/2021,-0.0034783
20/12/2021,0.0034783
21/12/2021,0
22/12/2021,0
23/12/2021,-0.0034783
24/12/2021,0
29/12/2021,0
30/12/2021,0
31/12/2021,0
04/01/2022,0.0034783
05/01/2022,-0.0034783
06/01/2022,0
10/01/2022,0.0138892
11/01/2022,-0.0034542
13/01/2022,-0.0104713
14/01/2022,0.0104713
19/01/2022,0.0103987
20/01/2022,-0.0103987
21/01/2022,0
25/01/2022,-0.0034542
26/01/2022,0
27/01/2022,0.0137459
28/01/2022,-0.0068493
31/01/2022,-0.0103629
04/02/2022,-0.0034904
07/02/2022,-0.0035026
08/02/2022,0.0035026
09/02/2022,0.0034904
10/02/2022,0
11/02/2022,0.0034783
14/02/2022,0
15/02/2022,0
16/02/2022,-0.0034783
17/02/2022,0
18/02/2022,0.0069445
22/02/2022,-0.0034662
23/02/2022,0.0034662
24/02/2022,0.0034542
25/02/2022,0
02/03/2022,-0.0034305
03/03/2022,0.0034305
04/03/2022,0.0102216
08/03/2022,-0.0033728
09/03/2022,-0.0101868
10/03/2022,0
11/03/2022,-0.0034188
14/03/2022,0.0102216
15/03/2022,0.0067568
16/03/2022,-0.0101525
17/03/2022,-0.0068259
18/03/2022,0
21/03/2022,0.0102216
22/03/2022,-0.0033957
23/03/2022,-0.0034071
24/03/2022,0.0135596
25/03/2022,-0.0067568
28/03/2022,0
29/03/2022,-0.0033957
30/03/2022,-0.0068259
31/03/2022,0.0068259
01/04/2022,0.0101525
04/04/2022,0
05/04/2022,0.0033613
06/04/2022,0.00335
07/04/2022,-0.00335
08/04/2022,0.00335
11/04/2022,0.0772088
12/04/2022,-0.0738698
13/04/2022,-0.006689
14/04/2022,0.006689
19/04/2022,0.0100167
20/04/2022,-0.0066667
21/04/2022,0
22/04/2022,0.0066667
25/04/2022,0.0066226
26/04/2022,0.0032949
27/04/2022,0.0032841
04/05/2022,-0.0032841
05/05/2022,0.0032841
06/05/2022,0
09/05/2022,0.0065359
10/05/2022,0.0064936
11/05/2022,0
12/05/2022,0
13/05/2022,-0.0032415
16/05/2022,0.0032415
17/05/2022,-0.0130295
18/05/2022,0.0097879
19/05/2022,-0.013072
20/05/2022,0.0032841
23/05/2022,-0.0098848
24/05/2022,0.0033058
25/05/2022,0.006579
26/05/2022,-0.0098848
27/05/2022,0.0033058
31/05/2022,-0.0033058
02/06/2022,-0.0066007
03/06/2022,0
09/06/2022,0.0032949
10/06/2022,0.00982
13/06/2022,0.003252
14/06/2022,0
15/06/2022,0.0032415
16/06/2022,-0.0064936
17/06/2022,-0.0032626
21/06/2022,0.0097562
22/06/2022,-0.0097562
23/06/2022,0.0129873
24/06/2022,-0.0097246
28/06/2022,-0.0032626
29/06/2022,0.0065147
30/06/2022,-0.003252
01/07/2022,0.0097246
05/07/2022,0.0032206
06/07/2022,0
07/07/2022,0.0064104
08/07/2022,0.0063695
12/07/2022,0
13/07/2022,-0.0031298
14/07/2022,0.0031298
15/07/2022,-0.0031298
18/07/2022,-0.0031397
19/07/2022,-0.0063092
20/07/2022,0.0031595
21/07/2022,-0.0031595
22/07/2022,0
26/07/2022,0.0031595
27/07/2022,-0.0031595
28/07/2022,0
29/07/2022,-0.009539
01/08/2022,-0.0032001
02/08/2022,0.0063899
03/08/2022,0.0063492
05/08/2022,0
08/08/2022,-0.0031797
10/08/2022,-0.0095695
11/08/2022,-0.0032103
12/08/2022,0.0032103
16/08/2022,0
17/08/2022,0
18/08/2022,0.0031695
19/08/2022,0.0063092
22/08/2022,0.0031397
23/08/2022,0.0031298
24/08/2022,0
25/08/2022,0
26/08/2022,0
29/08/2022,0
30/08/2022,-0.0062696
31/08/2022,0.0031397
02/09/2022,0
06/09/2022,0.0031104
07/09/2022,-0.0062306
08/09/2022,0.0031202
09/09/2022,-0.0031202
14/09/2022,0
15/09/2022,-0.0031202
16/09/2022,0
19/09/2022,0
20/09/2022,0.0031202
22/09/2022,0
23/09/2022,0.0092167
26/09/2022,0.0121582
27/09/2022,0.0030166
28/09/2022,-0.0182376
29/09/2022,-0.0061538
30/09/2022,0.0061538
03/10/2022,0
04/10/2022,-0.0123458
05/10/2022,0.006192
06/10/2022,0.0092167
07/10/2022,-0.0030628
11/10/2022,0.0091604
12/10/2022,-0.0030441
13/10/2022,-0.0061163
14/10/2022,0.0061163
18/10/2022,0.0061538
19/10/2022,0
21/10/2022,-0.0061538
25/10/2022,-0.0061729
26/10/2022,-0.0124612
27/10/2022,0.00625
28/10/2022,0.0062112
31/10/2022,0
01/11/2022,0
03/11/2022,0.0061538
09/11/2022,-0.0185764
10/11/2022,-0.0125787
14/11/2022,0.0125787
15/11/2022,0
16/11/2022,-0.0221177
17/11/2022,0.009539
21/11/2022,0.0249234
22/11/2022,-0.0030817
23/11/2022,-0.0030912
25/11/2022,0.0061729
28/11/2022,-0.0061729
29/11/2022,0
30/11/2022,-0.0031008
05/12/2022,0.0062696
06/12/2022,0.0031202
08/12/2022,0
09/12/2022,0.00625
13/12/2022,-0.0156498
14/12/2022,-0.0158986
15/12/2022,0
16/12/2022,0.0158986
19/12/2022,-0.0095087
20/12/2022,-0.0031898
21/12/2022,-0.0032001
22/12/2022,0.0095695
23/12/2022,-0.0095695
28/12/2022,-0.0032103
29/12/2022,0.0064104
30/12/2022,-0.0096309
04/01/2023,0
05/01/2023,0.0063899
06/01/2023,-0.0063899
10/01/2023,-0.0192933
11/01/2023,0
12/01/2023,-0.0065147
13/01/2023,0
17/01/2023,0.0065147
18/01/2023,0
19/01/2023,0
20/01/2023,0
24/01/2023,-0.003252
25/01/2023,-0.0065359
26/01/2023,0.0032732
30/01/2023,0.0032732
31/01/2023,-0.0032732
02/02/2023,0.0032949
03/02/2023,0.00982
06/02/2023,0
07/02/2023,0.003252
08/02/2023,0.0064726
09/02/2023,0
10/02/2023,0.0032206
13/02/2023,0.0064104
14/02/2023,-0.0096309
15/02/2023,-0.003231
16/02/2023,0
17/02/2023,0
21/02/2023,0.0192314
22/02/2023,-0.0160004
23/02/2023,0
24/02/2023,0.0064309
28/02/2023,0.0031695
01/03/2023,-0.009539
02/03/2023,0.0063695
03/03/2023,-0.0095695
07/03/2023,0.0127391
08/03/2023,0.0031595
09/03/2023,-0.0126985
10/03/2023,-0.0032001
13/03/2023,-0.0096619
14/03/2023,0.012862
15/03/2023,0.0031898
16/03/2023,-0.0128207
17/03/2023,-0.003231
21/03/2023,-0.0064936
23/03/2023,0.0097879
24/03/2023,0.0064726
29/03/2023,-0.0129873
30/03/2023,0.0032626
