DATE,Tun
05/01/2010,0.0193501
06/01/2010,0.0143709
07/01/2010,0.0089188
08/01/2010,-0.003664
11/01/2010,0.0026503
12/01/2010,-0.0023994
13/01/2010,-0.0019197
14/01/2010,-0.0010576
15/01/2010,0.0076275
19/01/2010,0.0099192
20/01/2010,0.0019312
21/01/2010,0.003993
22/01/2010,0.0018673
25/01/2010,0.0043392
26/01/2010,-0.0001087
27/01/2010,0.0011635
28/01/2010,0.005621
29/01/2010,0.0054693
02/02/2010,-0.0029535
03/02/2010,0.0094404
04/02/2010,0.0001583
05/02/2010,-0.004796
08/02/2010,0.0058146
09/02/2010,-0.0037413
10/02/2010,-0.0027294
11/02/2010,-0.0041761
12/02/2010,0.0001936
16/02/2010,0.0020008
17/02/2010,-0.0002575
18/02/2010,-0.004344
19/02/2010,0.0022449
22/02/2010,0.0025587
23/02/2010,-0.0002613
24/02/2010,-0.0024166
25/02/2010,-0.0052919
01/03/2010,0.0011778
02/03/2010,-0.0013742
03/03/2010,-0.0008307
04/03/2010,-0.0013342
05/03/2010,0.0015039
09/03/2010,-0.0051851
10/03/2010,0.0039082
11/03/2010,0.0000896
15/03/2010,-0.0019121
17/03/2010,0.0038395
18/03/2010,0.0047159
19/03/2010,0.0007677
22/03/2010,0.0024567
23/03/2010,0.0002537
24/03/2010,0.0004902
25/03/2010,-0.0083113
26/03/2010,0.0022068
29/03/2010,-0.0015802
30/03/2010,-0.0061712
31/03/2010,0.0040226
01/04/2010,0.0025063
06/04/2010,0.0028553
07/04/2010,0.0020142
08/04/2010,0.0021744
12/04/2010,0.0030842
13/04/2010,-2.86E-06
14/04/2010,-0.0014811
15/04/2010,-3.81E-06
16/04/2010,0.0018473
19/04/2010,0.0011044
20/04/2010,0.0034246
21/04/2010,0.0002909
22/04/2010,0.0067444
23/04/2010,0.0048084
26/04/2010,0.0000496
27/04/2010,0.0012589
28/04/2010,0.0018578
29/04/2010,0.0051708
30/04/2010,0.0066233
04/05/2010,0.0050659
05/05/2010,-0.0023746
07/05/2010,0.0044613
10/05/2010,0.0001583
11/05/2010,-0.0029278
12/05/2010,-0.0019207
13/05/2010,-0.0006037
14/05/2010,0.0067892
17/05/2010,0.000701
18/05/2010,0.0016823
19/05/2010,-0.0054331
20/05/2010,0.0022602
21/05/2010,0.0055914
24/05/2010,-0.0028229
26/05/2010,-0.0029602
27/05/2010,0.0028076
28/05/2010,-0.0005083
02/06/2010,-0.0020494
03/06/2010,0.0015411
04/06/2010,0.0014343
07/06/2010,0.0022469
08/06/2010,-0.0024605
09/06/2010,0.002038
10/06/2010,0.0003405
11/06/2010,-0.0005693
14/06/2010,-0.002449
15/06/2010,0.0030079
16/06/2010,-0.0023718
17/06/2010,0.0012207
18/06/2010,0.0011253
21/06/2010,-0.0022736
22/06/2010,-0.0004463
23/06/2010,-0.002079
24/06/2010,-0.0017357
25/06/2010,-0.0020084
28/06/2010,-0.0028858
29/06/2010,-0.0021133
30/06/2010,0.0020266
02/07/2010,-0.0009937
06/07/2010,0.0044756
07/07/2010,0.0014906
08/07/2010,0.0014954
09/07/2010,-0.0013647
12/07/2010,-0.002038
13/07/2010,0.0019512
14/07/2010,-0.0014515
15/07/2010,-0.0020266
16/07/2010,-0.0028791
19/07/2010,-0.0012255
20/07/2010,0.0009003
21/07/2010,0.0061636
22/07/2010,0.0032349
23/07/2010,0.0035496
26/07/2010,-0.0013561
27/07/2010,0.0047388
28/07/2010,0.0073109
29/07/2010,0.0078526
30/07/2010,0.010376
02/08/2010,0.0015993
03/08/2010,-0.0004759
05/08/2010,0.0053663
06/08/2010,0.0029612
09/08/2010,-0.0023556
10/08/2010,-0.0006218
11/08/2010,0.0017462
12/08/2010,0.0039854
16/08/2010,0.0039368
17/08/2010,0.0010738
18/08/2010,-0.0005636
19/08/2010,0.004734
20/08/2010,0.001585
23/08/2010,0.0040846
24/08/2010,0.001935
25/08/2010,0.0053682
26/08/2010,-0.0000525
30/08/2010,0.0022411
31/08/2010,0.0055647
01/09/2010,0.0097418
02/09/2010,0.0008612
03/09/2010,0.0008583
07/09/2010,0.0023375
08/09/2010,-0.0035563
13/09/2010,0.0035858
14/09/2010,0.0032644
15/09/2010,0.0054235
16/09/2010,0.009532
17/09/2010,0.0071526
20/09/2010,0.0070219
22/09/2010,-0.0044279
23/09/2010,0.0018511
24/09/2010,0.0070858
27/09/2010,0.0031567
28/09/2010,0.0019808
29/09/2010,0.0079603
30/09/2010,0.0046167
01/10/2010,-0.000803
04/10/2010,-0.0071297
05/10/2010,-0.0103397
06/10/2010,-0.0407076
07/10/2010,0.0324926
08/10/2010,-0.0015841
12/10/2010,-0.0259991
13/10/2010,0.0070572
14/10/2010,-0.0028963
15/10/2010,-0.0026627
18/10/2010,-0.0038662
19/10/2010,0.004775
21/10/2010,0.0003338
22/10/2010,-0.0005789
25/10/2010,-0.0063314
26/10/2010,-0.0101843
27/10/2010,0.0000286
28/10/2010,-0.0128174
29/10/2010,-0.0214081
01/11/2010,-0.019721
03/11/2010,-0.000062
04/11/2010,-0.0046883
08/11/2010,-0.0054827
09/11/2010,0.0055447
10/11/2010,0.0132418
12/11/2010,0.0166836
15/11/2010,0.0040016
19/11/2010,-0.0022583
22/11/2010,-0.0014839
23/11/2010,-0.0048428
24/11/2010,-0.0022058
26/11/2010,-0.0001383
29/11/2010,-0.0013218
30/11/2010,-0.000349
01/12/2010,-0.0025892
02/12/2010,0.0009918
08/12/2010,-0.0022211
09/12/2010,-0.0020924
10/12/2010,-0.0040035
14/12/2010,-0.0071449
15/12/2010,0.0056963
16/12/2010,0.0014973
17/12/2010,0.0013294
20/12/2010,-0.0010805
21/12/2010,0.0008278
22/12/2010,-0.0008812
23/12/2010,-0.0037136
24/12/2010,0.0031157
29/12/2010,-0.0075092
30/12/2010,0.0066004
31/12/2010,0.0060778
04/01/2011,0.0082054
05/01/2011,0.006156
06/01/2011,-0.0021162
07/01/2011,0.0049953
31/01/2011,-0.0266609
02/02/2011,0.000845
04/02/2011,0.0313702
07/02/2011,0.0282555
08/02/2011,-0.0068254
09/02/2011,0.0060701
10/02/2011,-0.0085945
11/02/2011,-0.0145016
14/02/2011,-0.0071783
16/02/2011,-0.0126143
17/02/2011,-0.0103664
18/02/2011,0.0079699
22/02/2011,-0.0281591
23/02/2011,-0.0233965
24/02/2011,-0.0252409
25/02/2011,-0.0266171
08/03/2011,0.0352125
09/03/2011,0.0010777
10/03/2011,-0.0041752
11/03/2011,0.0031481
14/03/2011,-0.006587
15/03/2011,-0.0030079
16/03/2011,-0.0031528
17/03/2011,0.0029221
22/03/2011,0.0021086
23/03/2011,0.0102148
24/03/2011,-0.0029011
25/03/2011,0.0003977
28/03/2011,0.0016356
29/03/2011,-0.0101175
30/03/2011,-0.0062609
31/03/2011,0.0005293
01/04/2011,0.0021048
05/04/2011,0.0018663
06/04/2011,-0.0010271
07/04/2011,-0.0020037
08/04/2011,-0.0028515
11/04/2011,-0.0039186
12/04/2011,-0.0085001
13/04/2011,-0.009304
14/04/2011,-0.0209227
15/04/2011,-0.0042171
18/04/2011,0.0051308
19/04/2011,0.008934
20/04/2011,0.0054407
21/04/2011,-0.003231
26/04/2011,0.0012455
27/04/2011,-0.008584
28/04/2011,-0.0010672
29/04/2011,-0.0048037
03/05/2011,-0.0040064
04/05/2011,0.0007658
05/05/2011,-0.0139942
06/05/2011,0.0031719
09/05/2011,-0.0083065
10/05/2011,-0.0037432
11/05/2011,-0.0012455
12/05/2011,-0.0068836
13/05/2011,0.0002308
16/05/2011,0.0096054
17/05/2011,-0.0026016
18/05/2011,-0.0058908
19/05/2011,0.0080919
20/05/2011,-0.0002441
23/05/2011,-0.0013933
24/05/2011,0.0010777
26/05/2011,-0.0052099
27/05/2011,0.0061121
31/05/2011,0.0011406
02/06/2011,0.0002098
03/06/2011,-0.0010576
07/06/2011,-0.0001917
08/06/2011,0.0050831
09/06/2011,0.0022736
10/06/2011,-0.0030785
13/06/2011,0.0054426
14/06/2011,0.0079002
15/06/2011,0.0032482
16/06/2011,0.0030489
17/06/2011,-0.0033112
20/06/2011,-0.0036707
21/06/2011,0.000947
22/06/2011,0.0015697
23/06/2011,0.0105019
24/06/2011,0.0095329
27/06/2011,0.0005932
28/06/2011,0.0000792
29/06/2011,0.001853
30/06/2011,-0.0027447
05/07/2011,-0.004777
06/07/2011,0.0073738
07/07/2011,0.0063248
08/07/2011,0.0036306
12/07/2011,0.0047064
13/07/2011,0.0010481
14/07/2011,-0.0019503
15/07/2011,0.0018215
18/07/2011,-0.00002
19/07/2011,-0.0012255
20/07/2011,0.0036974
21/07/2011,0.0084829
22/07/2011,0.0032959
26/07/2011,0.0035667
27/07/2011,-0.0014305
28/07/2011,-0.0012808
29/07/2011,0.0012941
02/08/2011,0.0014486
03/08/2011,0.00278
04/08/2011,0.0056009
05/08/2011,0.0030899
08/08/2011,-0.0083389
10/08/2011,0.0139933
11/08/2011,-0.0064087
12/08/2011,0.0007715
15/08/2011,0.0046148
16/08/2011,0.0022631
17/08/2011,0.0064049
18/08/2011,0.0073576
19/08/2011,-0.0043974
24/08/2011,0.0058565
26/08/2011,0.0019293
29/08/2011,0.0035458
06/09/2011,-0.0081253
07/09/2011,0.0030327
08/09/2011,0.0018892
09/09/2011,0.000452
13/09/2011,0.000227
14/09/2011,0.0007315
15/09/2011,-0.002327
16/09/2011,0.005662
19/09/2011,0.0011692
20/09/2011,0.0070877
22/09/2011,0.0092916
23/09/2011,0.001812
26/09/2011,-0.0016232
27/09/2011,0.001153
28/09/2011,0.0001631
29/09/2011,-0.0004282
30/09/2011,0.0004797
03/10/2011,0.0030041
04/10/2011,0.0032358
05/10/2011,0.0014839
06/10/2011,-0.0025911
07/10/2011,0.0009909
11/10/2011,-0.0054893
14/10/2011,0.0013666
19/10/2011,0.0000563
21/10/2011,-0.0020351
24/10/2011,-0.0193844
27/10/2011,0.0027828
28/10/2011,-0.001029
31/10/2011,0.0044842
03/11/2011,-0.0003281
04/11/2011,0.0017328
08/11/2011,0.0036011
09/11/2011,-0.0008125
10/11/2011,0.0002022
14/11/2011,0.0028839
15/11/2011,-0.00033
16/11/2011,-0.0020876
17/11/2011,0.0026884
21/11/2011,-0.0012693
22/11/2011,0.0005951
23/11/2011,-0.0003519
25/11/2011,0.0000172
28/11/2011,-0.0000315
30/11/2011,-0.0046558
05/12/2011,-0.003767
06/12/2011,-0.0046825
07/12/2011,-0.0007553
08/12/2011,0.0004282
09/12/2011,-0.001112
13/12/2011,0.0087595
14/12/2011,0.0039692
15/12/2011,-0.0031061
16/12/2011,-0.0019569
19/12/2011,-0.0000257
20/12/2011,-0.0027657
21/12/2011,0.0016241
22/12/2011,0.0016422
23/12/2011,-0.0018578
28/12/2011,0.0019703
30/12/2011,0.0044022
03/01/2012,0.0045671
04/01/2012,0.003067
05/01/2012,-0.0015392
06/01/2012,-0.0022469
10/01/2012,0.0035934
11/01/2012,-0.0026731
12/01/2012,0.0004206
13/01/2012,-0.0011396
17/01/2012,-0.0040455
18/01/2012,-0.0059137
19/01/2012,-0.0014238
20/01/2012,0.0032558
24/01/2012,0.0002651
25/01/2012,0.0022869
26/01/2012,-0.0009642
27/01/2012,0.0013905
30/01/2012,-0.0016088
31/01/2012,-0.0021896
02/02/2012,0.0027409
03/02/2012,0.000555
06/02/2012,0.0000467
08/02/2012,-0.0009871
09/02/2012,-0.0006227
10/02/2012,-0.0028095
13/02/2012,-0.0057001
14/02/2012,-0.0021687
15/02/2012,0.00249
16/02/2012,0.0059223
17/02/2012,0.0000668
21/02/2012,0.0009184
22/02/2012,0.0024099
23/02/2012,0.0045671
24/02/2012,0.0018673
28/02/2012,-0.0001326
29/02/2012,0.0071449
01/03/2012,0.0035162
02/03/2012,-0.0065594
05/03/2012,-0.0022287
07/03/2012,0.0023642
08/03/2012,0.0054159
09/03/2012,0.0018997
13/03/2012,-0.0047007
14/03/2012,0.0007954
15/03/2012,-0.0011396
16/03/2012,0.0034952
19/03/2012,-0.0009279
21/03/2012,0.0043373
22/03/2012,0.0010891
26/03/2012,0.0050831
27/03/2012,-0.0039663
28/03/2012,0.0024214
29/03/2012,0.0025549
30/03/2012,-0.0011225
02/04/2012,0.0064793
03/04/2012,0.006897
04/04/2012,0.0077934
05/04/2012,0.0120401
10/04/2012,-0.0067186
11/04/2012,0.0000935
12/04/2012,0.0110865
13/04/2012,0.0013046
16/04/2012,-0.0014763
17/04/2012,-0.0027361
18/04/2012,0.0040302
19/04/2012,0.0010424
20/04/2012,0.0089922
23/04/2012,-0.0038061
24/04/2012,-0.0041666
25/04/2012,0.0019293
26/04/2012,0.0022459
27/04/2012,-0.0024233
30/04/2012,0.0011606
02/05/2012,-0.0010757
03/05/2012,-0.0015574
04/05/2012,-0.0017881
07/05/2012,0.0000181
08/05/2012,0.0037498
09/05/2012,0.00424
10/05/2012,0.0060062
11/05/2012,-0.0027142
14/05/2012,0.0012035
15/05/2012,0.0021105
16/05/2012,-0.000473
17/05/2012,-0.0035734
18/05/2012,-0.0007153
21/05/2012,-0.0017462
22/05/2012,0.00212
23/05/2012,0.0005703
24/05/2012,-0.0060911
29/05/2012,-0.0006132
30/05/2012,-0.0028944
31/05/2012,-0.0013876
05/06/2012,0.0038252
06/06/2012,-0.0018892
07/06/2012,0.0037832
08/06/2012,0.0012922
11/06/2012,-0.0053921
12/06/2012,-0.0108414
13/06/2012,0.0047178
15/06/2012,0.0010509
18/06/2012,-0.0018559
19/06/2012,0.0036764
20/06/2012,0.000145
21/06/2012,-0.0060635
22/06/2012,0.0005817
25/06/2012,-0.0017929
26/06/2012,-0.0015392
27/06/2012,-0.0060959
28/06/2012,0.0001011
29/06/2012,0.0021772
03/07/2012,0.006978
05/07/2012,-0.000968
06/07/2012,-0.0002069
09/07/2012,-0.0021915
10/07/2012,0.0049744
12/07/2012,-0.0019236
13/07/2012,0.0042067
16/07/2012,0.0049934
17/07/2012,0.0000648
18/07/2012,0.0066023
19/07/2012,-0.0005941
20/07/2012,0.0053768
24/07/2012,-0.0017691
26/07/2012,0.0024624
27/07/2012,0.0044565
30/07/2012,-0.0007792
31/07/2012,-0.0043783
01/08/2012,0.0027027
02/08/2012,-0.000988
03/08/2012,0.0012894
07/08/2012,-0.0029144
08/08/2012,0.0009413
09/08/2012,0.0053549
14/08/2012,0.0008755
16/08/2012,-0.0010128
17/08/2012,-0.0003147
21/08/2012,0.0003538
22/08/2012,0.002594
23/08/2012,-0.0002432
24/08/2012,-0.0014868
27/08/2012,-0.00107
28/08/2012,-0.0001535
29/08/2012,-0.0015631
30/08/2012,0.0014734
31/08/2012,0.0014477
04/09/2012,-0.001544
05/09/2012,-0.001091
06/09/2012,0.0001345
07/09/2012,-0.0011921
11/09/2012,-0.0054426
12/09/2012,-0.001277
13/09/2012,-0.0014858
14/09/2012,-0.0025625
17/09/2012,-0.0089779
18/09/2012,-0.0065527
19/09/2012,-0.0160313
24/09/2012,-0.0015402
25/09/2012,-0.0008593
26/09/2012,-0.0061989
27/09/2012,0.0018444
28/09/2012,-0.003212
01/10/2012,-0.006566
02/10/2012,-0.0073347
03/10/2012,-0.0053854
04/10/2012,-0.003561
05/10/2012,0.004652
09/10/2012,-0.0021353
10/10/2012,-0.0031481
11/10/2012,-0.0106144
12/10/2012,0.0033598
16/10/2012,0.0012779
17/10/2012,-0.0007515
18/10/2012,0.0008717
19/10/2012,-0.0036764
22/10/2012,0.0008888
23/10/2012,0.0082731
24/10/2012,0.0038319
25/10/2012,0.0042572
29/10/2012,0.0037956
30/10/2012,-0.0059862
01/11/2012,0.0062408
05/11/2012,-0.0001593
06/11/2012,0.001112
07/11/2012,0.0007248
08/11/2012,0.0004654
09/11/2012,-0.0008526
14/11/2012,-0.0024767
20/11/2012,-0.0049105
21/11/2012,0.0033751
23/11/2012,-0.0112228
26/11/2012,-0.0069971
27/11/2012,-0.0119982
28/11/2012,0.0028648
30/11/2012,-0.0010796
03/12/2012,0.0041647
04/12/2012,-0.0047646
05/12/2012,-0.0103636
06/12/2012,-0.0007811
10/12/2012,-0.0044231
11/12/2012,-0.001976
13/12/2012,-0.0029917
14/12/2012,-0.0009317
17/12/2012,-0.002656
18/12/2012,-0.001214
19/12/2012,0.0031509
20/12/2012,-0.0021696
21/12/2012,0.000268
27/12/2012,-0.0041571
28/12/2012,0.0044355
31/12/2012,0.0039091
03/01/2013,0.0043373
04/01/2013,0.002635
07/01/2013,-0.0003414
09/01/2013,0.0020733
10/01/2013,0.0061159
11/01/2013,-0.0001564
15/01/2013,0.004035
16/01/2013,0.0078402
17/01/2013,0.0013866
18/01/2013,0.0022631
22/01/2013,0.0000553
23/01/2013,0.0022583
25/01/2013,-0.0040178
29/01/2013,-0.0000343
30/01/2013,-0.0003538
31/01/2013,0.0031633
04/02/2013,-0.0042706
05/02/2013,-0.0019045
06/02/2013,-0.0375719
07/02/2013,0.0029325
08/02/2013,0.0070133
11/02/2013,-0.0007906
12/02/2013,0.0063801
13/02/2013,0.0017872
14/02/2013,-0.001585
15/02/2013,0.0023441
19/02/2013,-0.0045443
20/02/2013,-0.0021267
22/02/2013,-0.0032272
27/02/2013,0.0032673
28/02/2013,0.00278
01/03/2013,0.0014658
05/03/2013,0.0008936
07/03/2013,0.0053444
08/03/2013,0.0095472
11/03/2013,-0.0024071
13/03/2013,0.0016394
14/03/2013,0.0049696
15/03/2013,0.0000677
18/03/2013,0.000782
19/03/2013,0.0007868
21/03/2013,0.0063505
22/03/2013,0.0017862
25/03/2013,-0.0001497
26/03/2013,-0.0020504
27/03/2013,0.0007839
28/03/2013,-0.0029364
02/04/2013,0.0035515
03/04/2013,-0.0027704
04/04/2013,-0.0008049
05/04/2013,-0.0014153
08/04/2013,-0.0006647
10/04/2013,-0.0043497
12/04/2013,-0.0025415
15/04/2013,-0.002841
16/04/2013,-0.0083313
17/04/2013,-0.0002947
18/04/2013,-0.0024405
19/04/2013,-0.0037403
22/04/2013,-0.0066118
23/04/2013,0.0031528
24/04/2013,0.0005102
25/04/2013,-0.002408
26/04/2013,0.0033808
29/04/2013,0.0010242
30/04/2013,0.0092154
02/05/2013,-0.0001812
03/05/2013,0.0043507
06/05/2013,0.0031815
07/05/2013,-0.0022297
08/05/2013,-0.0081301
09/05/2013,-0.0078278
10/05/2013,-0.0060101
13/05/2013,-0.0181665
14/05/2013,-0.006794
15/05/2013,0.0006609
16/05/2013,0.0038471
17/05/2013,-0.0017843
20/05/2013,-0.0078592
21/05/2013,0.0050411
22/05/2013,0.0072021
23/05/2013,0.0052767
24/05/2013,0.0068455
04/06/2013,-0.0022516
05/06/2013,-0.0017738
06/06/2013,0.0006981
07/06/2013,-0.001771
10/06/2013,-0.0009918
11/06/2013,0.0011053
12/06/2013,0.0035763
13/06/2013,0.0022497
14/06/2013,0.0053921
17/06/2013,-0.0020351
18/06/2013,-0.0027676
19/06/2013,0.0033226
20/06/2013,0.0015173
21/06/2013,0.0022535
24/06/2013,-0.0026102
25/06/2013,-0.0035782
26/06/2013,-0.0016994
28/06/2013,0.0048656
02/07/2013,-0.000351
03/07/2013,0.0003662
05/07/2013,0.0004892
08/07/2013,0.0016146
09/07/2013,-0.0025349
10/07/2013,-0.0010653
12/07/2013,-0.0009117
15/07/2013,0.0018082
16/07/2013,0.0001993
17/07/2013,0.0029621
18/07/2013,-0.0001984
19/07/2013,-0.0026255
22/07/2013,-0.0011625
23/07/2013,0.0050659
24/07/2013,0.0023336
26/07/2013,-0.0166998
29/07/2013,-0.0073338
30/07/2013,-0.0119743
31/07/2013,0.0087996
01/08/2013,0.0084085
02/08/2013,0.0049753
05/08/2013,0.0005655
06/08/2013,-0.0024815
07/08/2013,0.000205
12/08/2013,-0.0001335
15/08/2013,0.0009241
16/08/2013,-0.0008821
19/08/2013,0.0017042
20/08/2013,0.0002337
21/08/2013,0.0044832
22/08/2013,0.003973
23/08/2013,-0.0000153
26/08/2013,-0.0020494
27/08/2013,0.0013647
28/08/2013,-0.0014973
29/08/2013,-0.0017519
30/08/2013,0.0012827
03/09/2013,-0.0043621
04/09/2013,-0.0029325
05/09/2013,0.0000334
06/09/2013,0.0010653
11/09/2013,0.0005283
12/09/2013,0.0000572
13/09/2013,0.000186
16/09/2013,-0.0012341
17/09/2013,-0.0027437
18/09/2013,0.0002069
19/09/2013,-0.003232
20/09/2013,-0.0014658
24/09/2013,-0.0039968
25/09/2013,-0.0057106
26/09/2013,-0.0023785
27/09/2013,-0.0021362
30/09/2013,0.0019703
02/10/2013,-0.0013494
03/10/2013,-0.0009394
07/10/2013,0.0032444
09/10/2013,9.54E-06
10/10/2013,-0.0018702
14/10/2013,0.001215
18/10/2013,-0.0010042
23/10/2013,0.0009661
24/10/2013,-0.0029716
25/10/2013,0.0029249
28/10/2013,0.0070038
29/10/2013,0.0023203
30/10/2013,-0.0073957
31/10/2013,0.0020885
06/11/2013,-0.0006504
07/11/2013,0.0007925
08/11/2013,0.0049191
12/11/2013,0.0023136
13/11/2013,0.0015163
14/11/2013,-0.0002089
15/11/2013,-0.0037098
19/11/2013,-0.0040064
20/11/2013,0.0006037
21/11/2013,0.0017815
22/11/2013,-0.0019484
25/11/2013,-0.0007944
26/11/2013,-0.0039616
27/11/2013,0.0000944
29/11/2013,-0.0013971
02/12/2013,-2.86E-06
03/12/2013,-0.0009155
04/12/2013,-0.0000896
09/12/2013,-0.0008249
10/12/2013,-0.0036325
11/12/2013,-0.0041885
16/12/2013,-0.0023937
17/12/2013,-0.0069876
18/12/2013,-0.0056906
19/12/2013,0.000411
20/12/2013,0.0008869
23/12/2013,-0.0036297
24/12/2013,-0.0023212
27/12/2013,0.0012007
30/12/2013,-0.0013103
31/12/2013,0.0010662
03/01/2014,-0.0061274
06/01/2014,-0.0053234
07/01/2014,-0.0042419
15/01/2014,0.0045977
16/01/2014,0.0001526
21/01/2014,-0.0006456
22/01/2014,0.0006733
23/01/2014,0.0000954
24/01/2014,0.0055456
28/01/2014,0.0025854
29/01/2014,-0.0016098
30/01/2014,0.0043955
03/02/2014,0.0037918
04/02/2014,0.0036583
05/02/2014,0.0057669
07/02/2014,0.0075798
10/02/2014,0.0055761
11/02/2014,-0.0012627
12/02/2014,0.0005951
14/02/2014,0.002717
18/02/2014,-0.0021811
19/02/2014,-0.0003338
20/02/2014,0.0055504
21/02/2014,0.0041018
25/02/2014,-0.0023575
26/02/2014,0.0023003
27/02/2014,0.0016994
03/03/2014,-0.004446
04/03/2014,-0.0046453
07/03/2014,-0.0084677
10/03/2014,-0.0024681
11/03/2014,-0.0056648
13/03/2014,0.0005255
14/03/2014,0.0070057
17/03/2014,0.0028934
18/03/2014,2.86E-06
21/03/2014,-0.0013971
24/03/2014,-0.0040493
25/03/2014,0.0019865
26/03/2014,-0.0024986
27/03/2014,-0.0023928
28/03/2014,0.0006132
01/04/2014,0.0003004
02/04/2014,-0.0027056
03/04/2014,-0.0004005
04/04/2014,0.004137
07/04/2014,-0.0022182
08/04/2014,0.0005121
10/04/2014,0.004528
11/04/2014,-0.0043802
14/04/2014,-0.0028553
15/04/2014,-0.0043907
16/04/2014,0.0000792
17/04/2014,-0.0037794
22/04/2014,-0.0001469
23/04/2014,-0.0023174
24/04/2014,-0.0000639
25/04/2014,-0.0007486
28/04/2014,-0.0028639
29/04/2014,-0.0051079
30/04/2014,-0.0008621
02/05/2014,0.0042601
05/05/2014,-0.000906
06/05/2014,0.0005913
07/05/2014,-0.0002775
08/05/2014,0.0010519
09/05/2014,0.0017986
12/05/2014,0.0024414
13/05/2014,-0.0006495
14/05/2014,-0.0016699
15/05/2014,0.0019531
16/05/2014,0.0038786
19/05/2014,0.0027952
20/05/2014,0.0036564
21/05/2014,-0.0006542
22/05/2014,-0.0023861
23/05/2014,-0.0054312
27/05/2014,-0.0030661
28/05/2014,-0.00317
29/05/2014,-0.0010128
30/05/2014,0.0078745
03/06/2014,-0.0033216
04/06/2014,-0.0063763
05/06/2014,0.0006695
06/06/2014,0.0057173
09/06/2014,-0.0013943
10/06/2014,0.0060091
11/06/2014,0.0066462
12/06/2014,-0.0038424
13/06/2014,-0.0055962
16/06/2014,0.000288
17/06/2014,0.0013962
18/06/2014,-0.001564
19/06/2014,0.0025864
20/06/2014,0.0068674
23/06/2014,0.0006008
24/06/2014,0.0030375
25/06/2014,-0.0005713
26/06/2014,-0.001338
27/06/2014,-0.0002909
30/06/2014,-0.0007553
02/07/2014,-0.0008631
03/07/2014,0.002635
07/07/2014,0.0054235
08/07/2014,0.0073051
09/07/2014,-0.0024052
10/07/2014,0.0000534
14/07/2014,-0.0004978
15/07/2014,-0.0012608
16/07/2014,0.0020952
17/07/2014,-0.0010462
18/07/2014,0.0046387
21/07/2014,0.0043468
22/07/2014,0.0033569
23/07/2014,0.0000534
24/07/2014,-0.0014887
31/07/2014,-0.0020733
01/08/2014,0.0029688
04/08/2014,-0.0052223
05/08/2014,0.0032692
06/08/2014,-0.0003443
07/08/2014,0.001461
08/08/2014,-0.0041952
11/08/2014,0.0002728
12/08/2014,0.0001135
14/08/2014,0.000638
18/08/2014,0.0005331
19/08/2014,0.0018377
20/08/2014,0.0029726
21/08/2014,0.0066252
22/08/2014,-0.0024099
25/08/2014,-0.0018034
26/08/2014,0.0019627
27/08/2014,-0.001935
28/08/2014,-0.0014486
29/08/2014,-0.0004721
02/09/2014,-0.0039949
03/09/2014,-0.0003471
04/09/2014,0.0000553
05/09/2014,0.0007334
09/09/2014,0.0011902
10/09/2014,-0.0021467
11/09/2014,-0.0008955
12/09/2014,-0.0043879
15/09/2014,-0.0014048
16/09/2014,-0.0028353
17/09/2014,0.0006733
18/09/2014,-0.0010519
19/09/2014,0.0016747
23/09/2014,0.0049086
24/09/2014,-0.0010767
25/09/2014,-0.0000648
26/09/2014,-0.0054226
29/09/2014,-0.0027428
30/09/2014,-0.0009689
01/10/2014,0.0001726
02/10/2014,-0.0003338
03/10/2014,0.0013313
07/10/2014,0.000289
08/10/2014,-0.0006523
09/10/2014,0.0008945
10/10/2014,0.0018377
14/10/2014,0.0016851
16/10/2014,-0.0000362
17/10/2014,-0.0010519
21/10/2014,0.0011864
22/10/2014,-0.0017385
27/10/2014,0.0153151
28/10/2014,0.0161505
29/10/2014,-0.0022364
30/10/2014,0.0152197
31/10/2014,0.017807
03/11/2014,0.0133514
04/11/2014,0.0011024
05/11/2014,0.0044451
06/11/2014,0.0035315
07/11/2014,-0.0028772
10/11/2014,-0.0019703
12/11/2014,-0.0023117
13/11/2014,-0.008976
14/11/2014,-0.0060253
17/11/2014,0.0014381
19/11/2014,-0.0004969
20/11/2014,0.00525
21/11/2014,0.0068827
24/11/2014,0.0051222
25/11/2014,0.0000143
26/11/2014,-0.0040674
28/11/2014,-0.0013933
01/12/2014,-0.0003681
02/12/2014,-0.0011683
03/12/2014,0.0032215
08/12/2014,-0.0025768
09/12/2014,-0.0037289
11/12/2014,-0.0001135
15/12/2014,0.0035505
16/12/2014,0.0015507
17/12/2014,0.0100613
18/12/2014,0.0144911
19/12/2014,0.0059872
22/12/2014,0.0060196
23/12/2014,-0.0098248
24/12/2014,-0.0035706
29/12/2014,0.0010977
30/12/2014,0.002676
31/12/2014,-0.0037298
05/01/2015,0.00035
06/01/2015,-0.0043144
07/01/2015,-0.001503
09/01/2015,0.0001469
12/01/2015,0.0130854
13/01/2015,0.0001287
15/01/2015,-0.0037966
16/01/2015,0.0073195
20/01/2015,0.0033751
21/01/2015,-0.0005941
22/01/2015,-0.0010796
23/01/2015,0.0022011
27/01/2015,0.0004101
28/01/2015,-0.0010633
29/01/2015,0.0099678
30/01/2015,0.0032139
02/02/2015,0.0098886
05/02/2015,0.006176
06/02/2015,-0.0018978
09/02/2015,0.0004864
10/02/2015,0.0042744
11/02/2015,0.0052376
12/02/2015,-0.0021095
13/02/2015,0.0020676
18/02/2015,-0.0034704
20/02/2015,0.0007133
24/02/2015,0.0029678
25/02/2015,0.0019007
27/02/2015,0.0042219
02/03/2015,-0.0009909
03/03/2015,-0.0096922
04/03/2015,-0.0102634
05/03/2015,0.0038071
09/03/2015,0.0032701
10/03/2015,-0.0042562
11/03/2015,0.0014992
13/03/2015,-0.0019312
16/03/2015,-0.0012207
17/03/2015,0.0011272
18/03/2015,-0.0250607
19/03/2015,0.0141525
23/03/2015,0.003087
24/03/2015,-0.0052767
25/03/2015,0.0029163
26/03/2015,-0.0007057
27/03/2015,0.0012913
30/03/2015,0.001812
31/03/2015,-0.0028286
01/04/2015,0.0004969
02/04/2015,0.0047846
07/04/2015,0.0077572
08/04/2015,-0.0038443
10/04/2015,0.0027981
13/04/2015,0.0018082
14/04/2015,0.0031891
15/04/2015,0.0055246
16/04/2015,-0.0041389
17/04/2015,-0.0015268
20/04/2015,-0.0011415
21/04/2015,0.004241
22/04/2015,0.0036745
23/04/2015,0.0066681
24/04/2015,0.0004358
27/04/2015,0.003994
28/04/2015,0.003767
29/04/2015,0.0038414
30/04/2015,-0.0000219
04/05/2015,0.0001802
05/05/2015,0.0044546
06/05/2015,0.0023584
07/05/2015,-0.004261
08/05/2015,0.0045128
11/05/2015,-0.0007658
12/05/2015,0.0088034
13/05/2015,0.0065937
14/05/2015,0.0056009
15/05/2015,-0.0005016
18/05/2015,-0.0048923
19/05/2015,-0.0037766
20/05/2015,-0.0024099
21/05/2015,0.0000372
22/05/2015,0.0027418
26/05/2015,0.0003757
27/05/2015,0.0020895
28/05/2015,0.0003576
29/05/2015,-0.0033541
03/06/2015,0.0016079
04/06/2015,-0.0008774
05/06/2015,-0.0006895
08/06/2015,-0.000598
09/06/2015,-0.0059462
10/06/2015,0.0027905
11/06/2015,-0.0043344
12/06/2015,0.0048866
15/06/2015,0.0034208
16/06/2015,0.0034933
17/06/2015,0.0025234
18/06/2015,0.0072412
19/06/2015,0.0039692
22/06/2015,-0.0006018
23/06/2015,0.0019274
24/06/2015,0.0021772
25/06/2015,-0.0013018
26/06/2015,-0.0006142
29/06/2015,-0.0097027
30/06/2015,0.0026751
02/07/2015,0.0012407
03/07/2015,-0.0038881
06/07/2015,0.0005417
07/07/2015,-0.0036917
08/07/2015,0.0005045
09/07/2015,-0.0009432
10/07/2015,-0.0013027
13/07/2015,-0.0009518
14/07/2015,-0.0030518
15/07/2015,-0.0008984
16/07/2015,0.0021677
21/07/2015,-0.0022678
22/07/2015,-0.002635
23/07/2015,0.0006399
24/07/2015,-0.0011311
27/07/2015,-0.0049009
28/07/2015,-0.0014868
29/07/2015,0.0025768
30/07/2015,-0.0020761
31/07/2015,0.0036592
04/08/2015,-0.0011368
05/08/2015,0.0025978
06/08/2015,0.0010853
07/08/2015,-0.0042515
10/08/2015,-0.0003767
11/08/2015,-0.0017452
12/08/2015,-0.0041103
14/08/2015,-0.0036736
17/08/2015,-0.0068388
18/08/2015,-0.0027599
19/08/2015,-0.0007906
20/08/2015,0.0030718
21/08/2015,0.0029335
24/08/2015,0.001029
25/08/2015,-0.0056181
26/08/2015,0.0019751
27/08/2015,-0.0033026
28/08/2015,-0.0036192
31/08/2015,-0.0010414
01/09/2015,-0.0101881
02/09/2015,-0.0106831
03/09/2015,0.0007162
04/09/2015,-0.0018797
08/09/2015,0.0032921
09/09/2015,-0.0013046
10/09/2015,-0.0042095
11/09/2015,-0.0040798
15/09/2015,0.0024347
16/09/2015,-0.001996
17/09/2015,-0.0016069
22/09/2015,-0.0048409
23/09/2015,0.0008059
28/09/2015,0.0004559
29/09/2015,-0.002491
30/09/2015,-0.0032978
01/10/2015,-0.0039434
02/10/2015,-0.0026112
05/10/2015,-0.0038795
06/10/2015,-0.0011597
07/10/2015,-0.0018406
08/10/2015,0.0004892
09/10/2015,0.0003939
13/10/2015,0.0057888
16/10/2015,-0.0049791
21/10/2015,-0.0029764
22/10/2015,-0.0023794
23/10/2015,-0.0002527
26/10/2015,-0.0023956
27/10/2015,0.0034504
28/10/2015,0.0000658
29/10/2015,-0.0029001
30/10/2015,-0.004529
02/11/2015,-0.0015583
03/11/2015,-0.0018387
05/11/2015,-0.0119667
06/11/2015,-0.007678
09/11/2015,-0.0169735
10/11/2015,-0.012517
12/11/2015,-0.0055437
13/11/2015,0.0100269
16/11/2015,0.0076284
17/11/2015,0.0053473
19/11/2015,-0.0038366
20/11/2015,-0.0023375
23/11/2015,0.0018854
24/11/2015,0.004241
25/11/2015,0.0002985
27/11/2015,0.0012589
30/11/2015,-0.0020285
01/12/2015,0.0081358
02/12/2015,-0.0077257
07/12/2015,-0.002037
08/12/2015,-0.0028591
09/12/2015,-0.0015287
10/12/2015,0.0009871
11/12/2015,0.002368
14/12/2015,-0.0006361
15/12/2015,0.0019073
16/12/2015,-0.0020247
17/12/2015,0.0015049
18/12/2015,0.005765
21/12/2015,-0.0029297
22/12/2015,0.0028419
23/12/2015,0.003068
29/12/2015,0.0051823
30/12/2015,-0.0028715
31/12/2015,0.010417
04/01/2016,0.0094213
05/01/2016,0.0099974
06/01/2016,0.0068007
07/01/2016,-0.0008373
11/01/2016,0.0067549
12/01/2016,0.0083561
13/01/2016,0.0101337
15/01/2016,0.0005808
19/01/2016,-0.0051517
20/01/2016,-0.0000172
21/01/2016,0.0041504
22/01/2016,-0.0084648
26/01/2016,0.0055809
27/01/2016,0.0031719
28/01/2016,-0.0008459
29/01/2016,0.0140963
02/02/2016,0.009284
03/02/2016,-0.0044346
04/02/2016,-0.0067654
05/02/2016,0.0002251
09/02/2016,-0.0044966
10/02/2016,-0.011796
11/02/2016,-0.0079861
12/02/2016,-0.0088148
16/02/2016,0.0178719
17/02/2016,-0.0005445
18/02/2016,0.0059881
19/02/2016,-0.0053711
23/02/2016,-0.002492
24/02/2016,-0.0064945
25/02/2016,-0.0016575
26/02/2016,0.0036135
29/02/2016,0.0032578
01/03/2016,0.0053444
02/03/2016,0.0211535
03/03/2016,0.0014009
04/03/2016,-0.0020618
08/03/2016,-0.0010948
09/03/2016,0.0080509
11/03/2016,0.0061607
14/03/2016,0.003068
15/03/2016,-0.0008974
16/03/2016,-0.0000811
17/03/2016,0.0024233
18/03/2016,0.0005054
21/03/2016,0.0031528
22/03/2016,0.0006161
23/03/2016,-0.0033026
24/03/2016,0.0005484
29/03/2016,-0.0044594
30/03/2016,-0.0039806
31/03/2016,-0.0013838
01/04/2016,0.0033445
04/04/2016,0.0039263
05/04/2016,-0.0046587
06/04/2016,-0.0042448
07/04/2016,0.0003204
11/04/2016,0.0007296
12/04/2016,-0.0039206
13/04/2016,0.0018024
14/04/2016,-0.0043545
15/04/2016,-0.0046177
18/04/2016,-0.0073662
19/04/2016,0.0014191
20/04/2016,-0.0081778
21/04/2016,0.013092
22/04/2016,0.0008888
25/04/2016,-0.002224
26/04/2016,-0.0007372
27/04/2016,0.0004787
28/04/2016,-0.0003767
29/04/2016,0.0045872
03/05/2016,-0.002593
04/05/2016,0.0125351
05/05/2016,-0.0032063
06/05/2016,-0.0009832
09/05/2016,0.0062809
10/05/2016,0.0009317
11/05/2016,0.0037479
12/05/2016,-0.0007429
13/05/2016,0.0017653
16/05/2016,0.0002794
17/05/2016,0.0008106
18/05/2016,-0.0012026
19/05/2016,-0.0051565
20/05/2016,0.0040979
23/05/2016,0.0060339
24/05/2016,0.0001173
26/05/2016,-0.0017204
27/05/2016,-0.0032845
31/05/2016,-0.0062532
02/06/2016,0.0052528
03/06/2016,0.0037479
08/06/2016,-0.0115557
09/06/2016,-0.0008373
10/06/2016,0.0005283
13/06/2016,0.0002174
14/06/2016,0.0002623
15/06/2016,-0.0032663
16/06/2016,-0.0045786
17/06/2016,-0.002944
20/06/2016,-0.0010862
21/06/2016,0.000371
23/06/2016,-0.0041924
24/06/2016,-0.0079212
27/06/2016,-0.0036898
28/06/2016,-0.0034819
29/06/2016,-0.0018883
30/06/2016,-0.0020285
08/07/2016,0.0070601
12/07/2016,0.0015831
13/07/2016,-0.0003147
14/07/2016,-0.0020771
15/07/2016,-0.0004034
18/07/2016,-0.0007725
19/07/2016,-0.0009651
20/07/2016,-0.0063953
21/07/2016,0.003335
22/07/2016,-0.0009708
26/07/2016,-0.0011959
27/07/2016,-0.0005054
28/07/2016,0.0011654
29/07/2016,0.0013781
02/08/2016,-0.0008068
03/08/2016,-0.0016127
04/08/2016,0.003581
05/08/2016,0.001606
08/08/2016,0.0041933
09/08/2016,0.0018997
10/08/2016,-0.0025768
11/08/2016,0.0007772
12/08/2016,0.0003805
16/08/2016,-0.0022793
17/08/2016,0.0040197
18/08/2016,-0.0016479
19/08/2016,0.0024891
22/08/2016,0.00383
23/08/2016,-0.001215
24/08/2016,0.0010118
25/08/2016,0.0026903
26/08/2016,0.0028591
29/08/2016,0.0012484
30/08/2016,-0.0012064
31/08/2016,-0.0019865
01/09/2016,0.0015764
02/09/2016,0.0001822
07/09/2016,-0.0015078
08/09/2016,-0.0017414
09/09/2016,-0.0001698
15/09/2016,-0.0007114
16/09/2016,0.0011501
19/09/2016,-0.0007248
20/09/2016,-0.0040159
22/09/2016,0
23/09/2016,0.0013409
26/09/2016,0.0000572
27/09/2016,-0.0025406
28/09/2016,-0.0080147
29/09/2016,-0.0014191
30/09/2016,0.001771
04/10/2016,0.0034628
05/10/2016,0.0050249
06/10/2016,0.0019865
07/10/2016,-0.0004616
11/10/2016,-0.0005121
12/10/2016,0.0048933
13/10/2016,-0.0018082
14/10/2016,0.0020723
18/10/2016,0.0007753
19/10/2016,0.0017052
21/10/2016,0.0021954
24/10/2016,0.004138
25/10/2016,0.0030155
26/10/2016,0.0010471
27/10/2016,0.0008726
28/10/2016,0.0002975
31/10/2016,0.0018549
01/11/2016,0.0017796
03/11/2016,0.00142
04/11/2016,-0.0036974
07/11/2016,0.0049505
08/11/2016,0.0009384
09/11/2016,-0.0041227
10/11/2016,0.0000963
14/11/2016,0.0035467
15/11/2016,0.0043955
16/11/2016,0.0001936
17/11/2016,-0.0011005
21/11/2016,0.0022135
22/11/2016,-0.0028276
23/11/2016,-0.0043726
25/11/2016,0.0011139
28/11/2016,0.0005379
29/11/2016,-0.0002441
30/11/2016,-0.0006685
05/12/2016,-0.0032339
06/12/2016,-0.000453
07/12/2016,-0.0027256
08/12/2016,-0.0015335
09/12/2016,-0.0009565
13/12/2016,0.0007067
14/12/2016,-0.0014248
15/12/2016,-0.0047398
16/12/2016,0.00002
19/12/2016,-0.0021877
20/12/2016,0.0006952
21/12/2016,0.0001087
22/12/2016,0.0046549
23/12/2016,-0.000246
28/12/2016,0.0016613
29/12/2016,0.0020037
30/12/2016,0.0039482
03/01/2017,0.0046511
04/01/2017,0.0028162
05/01/2017,0.0005665
06/01/2017,0.0024548
10/01/2017,0.0047102
11/01/2017,-0.0047607
12/01/2017,-0.0030727
13/01/2017,0.0011492
17/01/2017,0.0060091
18/01/2017,-0.0008411
19/01/2017,-0.0035257
20/01/2017,0.003233
24/01/2017,0.0004683
25/01/2017,-0.0025644
26/01/2017,-0.0051231
27/01/2017,-0.0014553
30/01/2017,-0.0019464
31/01/2017,-0.0066547
02/02/2017,0.000659
03/02/2017,0.0017633
06/02/2017,0.001646
07/02/2017,-0.0003958
08/02/2017,0.0014877
10/02/2017,0.0028505
13/02/2017,6.68E-06
14/02/2017,-0.0043459
15/02/2017,-0.0032663
16/02/2017,-0.0043097
17/02/2017,-0.0012531
21/02/2017,0.0039616
22/02/2017,0.0036612
23/02/2017,0.002985
28/02/2017,0.0080309
02/03/2017,-0.0030079
03/03/2017,0.0002041
07/03/2017,-0.0009632
08/03/2017,0.0017185
09/03/2017,-0.0011692
10/03/2017,-0.0015917
13/03/2017,-0.0011692
14/03/2017,0.0021925
15/03/2017,-0.0037165
16/03/2017,0.0015726
17/03/2017,0.0026102
21/03/2017,-0.0014496
22/03/2017,-0.001853
23/03/2017,-0.0026283
24/03/2017,0.0000725
27/03/2017,0.0045052
28/03/2017,-0.0013771
30/03/2017,-0.0021181
31/03/2017,0.0001631
03/04/2017,0.001029
04/04/2017,0.0056829
05/04/2017,-0.0006151
06/04/2017,0.0028057
07/04/2017,0.0009651
10/04/2017,-0.0033445
11/04/2017,0.0041037
12/04/2017,0.007678
13/04/2017,-0.0040131
19/04/2017,0.0010357
20/04/2017,-0.0001888
21/04/2017,0.0037775
24/04/2017,-0.0009279
25/04/2017,-0.0020514
26/04/2017,0.0062828
27/04/2017,0.0016184
28/04/2017,-0.0038042
02/05/2017,0.002986
03/05/2017,-0.0007544
04/05/2017,0.0023766
05/05/2017,0.0071793
08/05/2017,0.0016575
09/05/2017,-0.0005207
10/05/2017,-0.0002432
11/05/2017,0.0044651
12/05/2017,0.0017195
15/05/2017,-0.0006094
16/05/2017,-0.002636
17/05/2017,-0.0010271
18/05/2017,-0.0009422
19/05/2017,-0.0014648
22/05/2017,-0.0062246
23/05/2017,0.0006771
24/05/2017,-0.0009947
26/05/2017,0.0045204
30/05/2017,-0.0014572
31/05/2017,-0.0012751
02/06/2017,0.0021324
06/06/2017,0.0056486
09/06/2017,0.0019417
12/06/2017,0.0053415
13/06/2017,0.0026121
14/06/2017,0.0002546
15/06/2017,0.0073957
16/06/2017,-0.0016508
19/06/2017,0.0072184
20/06/2017,0.0000763
21/06/2017,-0.0017347
22/06/2017,0.0019369
23/06/2017,-0.0001688
28/06/2017,0.0010023
29/06/2017,0.0078926
30/06/2017,0.0060968
05/07/2017,0.0068073
06/07/2017,0.0028467
07/07/2017,0.0008154
10/07/2017,0.0070019
12/07/2017,-0.0014935
13/07/2017,0.0034399
14/07/2017,0.0017004
17/07/2017,-0.0033779
18/07/2017,-0.0062056
19/07/2017,-0.0007305
20/07/2017,-0.0007038
21/07/2017,-0.004981
24/07/2017,0.0017843
26/07/2017,0.0008726
27/07/2017,-0.0004158
28/07/2017,0.002573
31/07/2017,-0.003458
01/08/2017,-0.0001678
02/08/2017,0.004775
03/08/2017,-0.000433
04/08/2017,0.002099
07/08/2017,-0.0000811
09/08/2017,-0.0001278
10/08/2017,-0.0005264
11/08/2017,0.0023527
14/08/2017,-0.0007668
15/08/2017,0.0005846
16/08/2017,0.0014515
17/08/2017,0.0010071
18/08/2017,0.0044394
21/08/2017,0.000412
22/08/2017,0.0042496
23/08/2017,-0.0016613
24/08/2017,0.0016146
25/08/2017,0.0040541
28/08/2017,0.0011034
29/08/2017,0.0108852
30/08/2017,0.0020084
31/08/2017,-0.0049295
05/09/2017,0.0005531
06/09/2017,-0.0003452
12/09/2017,-0.0021524
13/09/2017,-0.0044632
14/09/2017,-0.0033903
15/09/2017,-0.0029917
18/09/2017,-0.0009127
19/09/2017,-0.0011864
20/09/2017,0.0008202
22/09/2017,0.0016394
25/09/2017,-0.0042114
26/09/2017,-0.0069685
27/09/2017,-0.0008354
28/09/2017,0.0005903
29/09/2017,-0.0033855
02/10/2017,-0.0045891
03/10/2017,-0.0024433
04/10/2017,0.001627
05/10/2017,0.0048323
06/10/2017,-0.0009098
10/10/2017,-0.0039587
11/10/2017,-0.0030499
12/10/2017,-0.0005188
13/10/2017,-0.0013628
17/10/2017,-0.000802
18/10/2017,-0.0024033
23/10/2017,0.0022478
24/10/2017,0.0017366
27/10/2017,0.0008812
30/10/2017,-0.0001497
31/10/2017,0.0035763
03/11/2017,-0.0005684
06/11/2017,0.0033264
07/11/2017,0.0016546
08/11/2017,0.0040522
09/11/2017,-0.0001307
10/11/2017,0.0004778
13/11/2017,-0.0026731
14/11/2017,0.0019464
15/11/2017,-0.0008097
16/11/2017,-0.0027456
17/11/2017,-0.0026264
20/11/2017,0.0030804
21/11/2017,-0.0008259
22/11/2017,0.0054674
24/11/2017,0.0023127
27/11/2017,0.0013609
29/11/2017,0.0025434
04/12/2017,-0.0004549
05/12/2017,0.0015278
06/12/2017,-0.000453
07/12/2017,-0.0015879
08/12/2017,-0.0016394
11/12/2017,-0.004488
13/12/2017,-0.0020685
14/12/2017,-0.002471
15/12/2017,0.001214
18/12/2017,-0.0011406
19/12/2017,-0.0005808
20/12/2017,-0.0028257
21/12/2017,0.0021152
22/12/2017,0.0012751
27/12/2017,0.0025444
28/12/2017,0.0052595
29/12/2017,0.0030928
03/01/2018,0.0086517
04/01/2018,-0.001318
05/01/2018,0.002573
09/01/2018,-0.0065308
10/01/2018,-0.0053062
11/01/2018,0.0030966
12/01/2018,0.0073814
16/01/2018,-0.003253
19/01/2018,-0.0006809
23/01/2018,0.0026903
24/01/2018,0.0024395
25/01/2018,0.0009899
26/01/2018,0.0011034
29/01/2018,0.0026817
30/01/2018,0.0030527
02/02/2018,0.0088997
05/02/2018,0.0064955
06/02/2018,0.0087767
07/02/2018,-0.0067291
08/02/2018,0.0002184
09/02/2018,-0.0087357
12/02/2018,0.0065079
14/02/2018,0.00033
15/02/2018,-0.0007
20/02/2018,-0.0003662
21/02/2018,0.0030212
22/02/2018,0.0063429
27/02/2018,0.0008001
28/02/2018,0.0010538
01/03/2018,-0.0003014
02/03/2018,0.0010004
05/03/2018,0.0021935
07/03/2018,0.0081482
08/03/2018,0.0007734
09/03/2018,0.0018759
13/03/2018,0.0039463
14/03/2018,-0.0005083
15/03/2018,0.003129
16/03/2018,0.012269
19/03/2018,0.0069904
21/03/2018,0.0030327
22/03/2018,0.0056419
23/03/2018,-0.00037
26/03/2018,0.0013866
27/03/2018,0.0050659
28/03/2018,0.001442
29/03/2018,0.0023041
03/04/2018,0.0028763
04/04/2018,-0.0018244
05/04/2018,0.0020456
06/04/2018,-0.0059996
10/04/2018,-0.0154791
11/04/2018,-0.0027027
12/04/2018,0.0079441
13/04/2018,0.0085459
16/04/2018,0.0000391
17/04/2018,-0.0047607
18/04/2018,0.0073204
19/04/2018,-0.0019846
20/04/2018,0.0039806
23/04/2018,0.0004301
24/04/2018,-0.0027761
25/04/2018,-0.0004835
26/04/2018,-0.0039196
27/04/2018,0.0016499
30/04/2018,-0.0000582
02/05/2018,-0.0009241
03/05/2018,0.0013971
04/05/2018,0.0021935
07/05/2018,-2.86E-06
08/05/2018,0.0037832
09/05/2018,0.0078945
10/05/2018,0.0131025
11/05/2018,0.005909
14/05/2018,0.0056105
15/05/2018,-0.0021734
16/05/2018,0.0019855
17/05/2018,-0.0066319
18/05/2018,0.0022125
21/05/2018,0.0021019
22/05/2018,0.0022717
23/05/2018,0.0061464
24/05/2018,0.0127373
29/05/2018,-0.0048437
30/05/2018,-0.001853
31/05/2018,0.0067883
05/06/2018,0.0014582
06/06/2018,0.0025005
07/06/2018,-0.0000114
08/06/2018,-0.0037975
11/06/2018,0.0059271
12/06/2018,0.0028133
13/06/2018,0.0004816
14/06/2018,0.0021515
18/06/2018,0.0140638
19/06/2018,0.0094147
21/06/2018,-0.0080137
22/06/2018,0.0079994
25/06/2018,-0.0014954
26/06/2018,0.0072002
27/06/2018,0.0046892
28/06/2018,-0.0000591
29/06/2018,-0.0006266
03/07/2018,-0.0000916
05/07/2018,0.0034256
06/07/2018,0.0006475
09/07/2018,-0.0035734
10/07/2018,-0.0016651
12/07/2018,-0.001585
13/07/2018,0.0027275
16/07/2018,-0.0006742
17/07/2018,0.0019951
18/07/2018,0.0033331
19/07/2018,0.0020247
20/07/2018,0.0066767
23/07/2018,0.0010576
24/07/2018,-0.0017452
25/07/2018,0.0080528
26/07/2018,0.0102015
27/07/2018,0.0019407
01/08/2018,-0.0053225
06/08/2018,-0.0009775
07/08/2018,0.0008087
08/08/2018,-0.000453
09/08/2018,0.0018597
10/08/2018,-0.0057745
14/08/2018,0.0033379
16/08/2018,0.0016689
17/08/2018,-0.0021238
20/08/2018,0.0030451
23/08/2018,-0.0018301
24/08/2018,0.0036869
27/08/2018,0.0005732
28/08/2018,0.0044928
29/08/2018,-0.0043526
30/08/2018,-0.0013924
31/08/2018,0.0041847
04/09/2018,-0.0154123
05/09/2018,-0.0177212
06/09/2018,-0.0300436
07/09/2018,0.0267773
13/09/2018,-0.0156765
17/09/2018,-0.0036507
18/09/2018,0.0028887
19/09/2018,-0.0022993
20/09/2018,-0.0070486
24/09/2018,0.0034704
25/09/2018,-0.0004654
26/09/2018,-0.002203
27/09/2018,-0.0025654
28/09/2018,0.0000677
01/10/2018,-0.002058
02/10/2018,-0.0079079
03/10/2018,-0.0123053
04/10/2018,-0.0073643
05/10/2018,0.0032778
09/10/2018,-0.0054111
11/10/2018,-0.0078688
12/10/2018,-0.002284
16/10/2018,0.0047674
17/10/2018,-0.0084848
18/10/2018,-0.0024786
19/10/2018,0.0063744
22/10/2018,-0.0007563
23/10/2018,-0.0083275
24/10/2018,-0.0103588
25/10/2018,-0.0058918
26/10/2018,0.0052509
29/10/2018,-0.0012798
30/10/2018,-0.0008936
31/10/2018,0.0079861
01/11/2018,-0.0009108
05/11/2018,-0.0012274
06/11/2018,-0.0049744
08/11/2018,-0.0038662
09/11/2018,-0.0040197
13/11/2018,-0.0029621
14/11/2018,0.0027189
15/11/2018,0.0018654
16/11/2018,0.0011663
21/11/2018,-0.0012417
23/11/2018,0.0015974
26/11/2018,-0.0062542
27/11/2018,-0.0017004
28/11/2018,0.0018215
30/11/2018,0.006073
03/12/2018,0.0097237
04/12/2018,0.0046167
05/12/2018,-0.0058012
06/12/2018,0.0010204
10/12/2018,-0.0276623
11/12/2018,0.0120659
13/12/2018,-0.0022326
14/12/2018,0.0008631
17/12/2018,-0.0031424
18/12/2018,-0.0028267
19/12/2018,-0.0023975
20/12/2018,-0.0026493
21/12/2018,0.0004091
24/12/2018,-0.0004721
27/12/2018,0.0043545
28/12/2018,0.0078764
31/12/2018,0.0016489
03/01/2019,-0.0017309
04/01/2019,-0.0020142
09/01/2019,-0.0059462
10/01/2019,-0.0033932
11/01/2019,0.0070467
15/01/2019,-0.0024176
16/01/2019,0.0077934
17/01/2019,0.0026817
18/01/2019,0.0004301
22/01/2019,0.0001297
23/01/2019,0.0000315
24/01/2019,-0.0068398
25/01/2019,0.0017366
29/01/2019,0.0037651
30/01/2019,0.0021296
31/01/2019,0.00249
04/02/2019,0.0004177
06/02/2019,-0.0018511
07/02/2019,-0.0042095
08/02/2019,-0.0001869
11/02/2019,-0.002943
12/02/2019,-0.0061092
13/02/2019,-0.0042343
14/02/2019,0.0008755
15/02/2019,0.0044498
19/02/2019,0.0041409
20/02/2019,0.0036583
21/02/2019,0.0018892
22/02/2019,0.0014534
26/02/2019,-0.003212
27/02/2019,-0.0014992
28/02/2019,-0.0054607
01/03/2019,0.0043564
05/03/2019,-0.0061369
07/03/2019,0.0025005
08/03/2019,-0.0052376
11/03/2019,-0.0056086
13/03/2019,-0.0121088
14/03/2019,0.001771
15/03/2019,-0.0078611
18/03/2019,-0.0031929
19/03/2019,-0.0063238
21/03/2019,0.0065012
22/03/2019,0.007472
25/03/2019,0.0095634
26/03/2019,0.0065289
27/03/2019,-0.0027237
28/03/2019,-0.0066862
29/03/2019,-0.0098162
01/04/2019,0.0000916
02/04/2019,0.0016632
03/04/2019,0.0020065
04/04/2019,0.0076714
05/04/2019,0.0039263
08/04/2019,-0.0057087
10/04/2019,0.0005894
11/04/2019,-0.0026684
12/04/2019,0.0056524
15/04/2019,-0.0006504
16/04/2019,-0.0008984
17/04/2019,0.0001144
18/04/2019,-0.0001001
23/04/2019,-0.0014534
24/04/2019,-0.001195
25/04/2019,0.0003262
26/04/2019,-0.0023155
29/04/2019,-0.0051737
30/04/2019,-0.0010738
02/05/2019,0.0003033
06/05/2019,0.0037441
07/05/2019,0.0003633
08/05/2019,-0.000391
09/05/2019,0.003665
10/05/2019,0.001441
13/05/2019,0.0029345
15/05/2019,-0.000535
16/05/2019,0.0040741
17/05/2019,0.0026159
20/05/2019,-0.0036058
21/05/2019,-0.0037622
22/05/2019,0.0005827
23/05/2019,0.0018244
28/05/2019,0.0020132
29/05/2019,0.0064096
30/05/2019,0.0027628
31/05/2019,0.000824
10/06/2019,-0.0013256
11/06/2019,-0.007
12/06/2019,0.0073681
13/06/2019,0.0020638
14/06/2019,-0.0017643
17/06/2019,0.000699
18/06/2019,-0.0000963
19/06/2019,0.0030022
20/06/2019,0.0002127
21/06/2019,-0.0001631
24/06/2019,0.0029182
25/06/2019,0.0034895
26/06/2019,0.0019608
27/06/2019,-0.0135927
28/06/2019,0.0117474
01/07/2019,0.0039759
02/07/2019,-0.0020189
03/07/2019,0.0037546
05/07/2019,0.0038147
08/07/2019,0.0021591
09/07/2019,-0.0004177
10/07/2019,0.0017891
12/07/2019,0.0025892
15/07/2019,0.0011892
16/07/2019,0.0021868
17/07/2019,-0.0023174
18/07/2019,-0.0014935
19/07/2019,-0.0069046
22/07/2019,-0.0005722
23/07/2019,-0.0046768
24/07/2019,-0.0003967
26/07/2019,0.0009584
29/07/2019,-0.0004606
30/07/2019,-0.0020447
31/07/2019,0.0019941
01/08/2019,0.001936
02/08/2019,-0.001029
06/08/2019,0.000618
07/08/2019,0.0027981
08/08/2019,-0.0017624
09/08/2019,0.000062
14/08/2019,-0.0013008
15/08/2019,-0.0006151
16/08/2019,-0.0013628
19/08/2019,0.0005999
20/08/2019,-0.0004158
21/08/2019,0.0007496
22/08/2019,0.0027599
23/08/2019,0.0015316
26/08/2019,-0.0022392
27/08/2019,-0.0011625
28/08/2019,0.0046968
29/08/2019,0.00383
30/08/2019,0.0049305
04/09/2019,-0.0020161
05/09/2019,-0.0015774
06/09/2019,-0.0065279
10/09/2019,-0.0033951
11/09/2019,-0.001298
12/09/2019,0.0006819
16/09/2019,-0.0001183
17/09/2019,-0.0016069
18/09/2019,0.0028439
19/09/2019,-0.002902
20/09/2019,0.000061
24/09/2019,-0.0048275
25/09/2019,0.0034513
26/09/2019,0.0030785
02/10/2019,-0.0027514
03/10/2019,0.0029306
04/10/2019,-0.0011168
08/10/2019,-0.0004349
09/10/2019,-0.0011997
11/10/2019,-0.0009279
16/10/2019,0.0044508
17/10/2019,0.0033102
18/10/2019,0.0005369
22/10/2019,-0.002696
23/10/2019,0.0017071
24/10/2019,-0.0013638
25/10/2019,-0.001606
28/10/2019,-0.0017862
29/10/2019,-0.001153
30/10/2019,-0.006484
31/10/2019,0.0038166
04/11/2019,-0.0016155
05/11/2019,-0.0005531
06/11/2019,0.0011349
08/11/2019,0.0040398
12/11/2019,-0.0022221
13/11/2019,-0.0002203
14/11/2019,0.0000868
15/11/2019,-0.0005083
19/11/2019,0.0002165
20/11/2019,-0.0039902
21/11/2019,-0.0015402
22/11/2019,0.0002251
25/11/2019,-0.0009289
26/11/2019,-0.0013504
27/11/2019,0.0011797
29/11/2019,0.0029936
02/12/2019,0.0016232
03/12/2019,-0.0005465
04/12/2019,0.0009775
09/12/2019,0.0037603
10/12/2019,-0.0026789
11/12/2019,-0.0032692
13/12/2019,-0.0011215
16/12/2019,0.0001154
17/12/2019,-0.0013895
18/12/2019,0.0012941
19/12/2019,-0.0002127
20/12/2019,-0.0013266
23/12/2019,0.0000324
27/12/2019,0.0026941
30/12/2019,0.011095
03/01/2020,-0.0061083
06/01/2020,-0.0044079
09/01/2020,-0.0009747
10/01/2020,-0.0019817
14/01/2020,0.0028858
15/01/2020,0.0022125
17/01/2020,-0.0020199
21/01/2020,0.0076723
22/01/2020,0.0029469
23/01/2020,0.0011311
24/01/2020,0.0039167
28/01/2020,0.001277
29/01/2020,-0.0015001
30/01/2020,0.000473
31/01/2020,0.0036459
03/02/2020,0.0015316
04/02/2020,-0.0019016
05/02/2020,-0.0007687
06/02/2020,0.0000143
07/02/2020,0.0039368
12/02/2020,0.0009918
13/02/2020,0.0025234
14/02/2020,0.0007362
18/02/2020,0.0048065
19/02/2020,0.0015621
20/02/2020,0.0010433
25/02/2020,-0.0035877
26/02/2020,-0.0016651
27/02/2020,0.002121
28/02/2020,0.0028811
02/03/2020,0.0046024
03/03/2020,-0.0032673
04/03/2020,-0.0024643
05/03/2020,-0.0070372
09/03/2020,-0.014802
10/03/2020,-0.0083065
11/03/2020,0.0072279
13/03/2020,-0.0280476
16/03/2020,-0.0418587
17/03/2020,-0.0378036
18/03/2020,0.0069637
19/03/2020,-0.0032654
23/03/2020,0.0099134
24/03/2020,0.0189734
26/03/2020,0.0106888
27/03/2020,-0.0018873
30/03/2020,0.0033684
31/03/2020,0.0077
01/04/2020,0.0009212
02/04/2020,-0.0236111
03/04/2020,-0.0133905
06/04/2020,-0.0041208
07/04/2020,0.0055876
08/04/2020,-0.0023785
14/04/2020,-0.0017843
15/04/2020,0.0005159
16/04/2020,0.0033789
17/04/2020,0.0032463
20/04/2020,0.0090303
21/04/2020,-0.0022726
22/04/2020,0.0014458
23/04/2020,0.0050354
24/04/2020,-0.0013208
27/04/2020,-0.0011177
28/04/2020,-0.0088463
29/04/2020,-0.0092058
30/04/2020,-0.0036621
04/05/2020,0.0035944
05/05/2020,0.0017576
06/05/2020,-0.0014162
07/05/2020,0.0072803
08/05/2020,-0.0022078
11/05/2020,0.002965
12/05/2020,0.0068617
13/05/2020,0.0056391
14/05/2020,0.0103207
15/05/2020,0.0075359
18/05/2020,-0.0073929
19/05/2020,-0.0009146
20/05/2020,0.0041571
21/05/2020,-0.0016584
22/05/2020,0.0043488
26/05/2020,0.0003042
27/05/2020,-0.0011559
28/05/2020,-0.0041599
29/05/2020,0.0074015
02/06/2020,0.0078096
03/06/2020,0.000701
04/06/2020,0.0076065
05/06/2020,0.0037136
08/06/2020,-0.0013924
09/06/2020,-0.001976
10/06/2020,0.0013876
11/06/2020,0.0032387
12/06/2020,0.0058327
15/06/2020,0.0005913
16/06/2020,0.0003109
17/06/2020,0.0035276
18/06/2020,-0.0012035
19/06/2020,-0.0020771
22/06/2020,-0.0005112
24/06/2020,-0.0046387
25/06/2020,-0.0080233
26/06/2020,-0.0052977
29/06/2020,0.0027161
30/06/2020,0.0001583
01/07/2020,-0.0099564
02/07/2020,-0.0018787
03/07/2020,0.0039587
06/07/2020,0.0009995
07/07/2020,-0.0016432
08/07/2020,0.0051184
09/07/2020,-0.0002394
10/07/2020,0.0008078
13/07/2020,0.0006142
14/07/2020,-0.0034552
15/07/2020,-0.0023928
16/07/2020,-0.0026684
17/07/2020,-0.0009928
20/07/2020,0.0042667
21/07/2020,-0.0075254
22/07/2020,0.0036869
23/07/2020,0.0018053
24/07/2020,0.0048189
27/07/2020,0.000082
28/07/2020,-0.0019808
29/07/2020,-0.0007544
03/08/2020,-9.54E-06
05/08/2020,0.0119629
06/08/2020,-0.0040979
07/08/2020,0.0007305
10/08/2020,0.0056372
11/08/2020,0.0027819
12/08/2020,0.005476
14/08/2020,-0.0004368
17/08/2020,-0.0097609
18/08/2020,-0.002779
19/08/2020,0.0017786
21/08/2020,0.0028706
24/08/2020,0.0004873
25/08/2020,0.0022049
26/08/2020,0.00214
27/08/2020,0.000618
28/08/2020,0.0032072
31/08/2020,0.0012398
01/09/2020,-0.0019445
02/09/2020,0.0016584
03/09/2020,-0.0023508
04/09/2020,0.0027685
08/09/2020,-0.001586
09/09/2020,0.0068827
10/09/2020,0.0029984
11/09/2020,0.007021
15/09/2020,-0.0000181
16/09/2020,-0.0040321
17/09/2020,-0.0024042
18/09/2020,0.0040607
22/09/2020,-0.0053053
23/09/2020,0.0032463
24/09/2020,-0.0052834
25/09/2020,0.0018396
28/09/2020,-0.0052156
29/09/2020,0.0082207
30/09/2020,-0.0120249
01/10/2020,-0.0254536
02/10/2020,-0.0017023
05/10/2020,0.0180073
06/10/2020,0.0083351
07/10/2020,-0.0106106
08/10/2020,0.0000734
09/10/2020,0.0004826
13/10/2020,-0.0030909
14/10/2020,0.0011597
15/10/2020,0.002039
21/10/2020,-0.0002451
22/10/2020,0.0000334
23/10/2020,0.0020285
26/10/2020,-0.0025778
27/10/2020,-0.0029669
28/10/2020,-0.0024948
30/10/2020,-0.0082817
03/11/2020,0.0011024
05/11/2020,-0.0016613
06/11/2020,0.0049219
09/11/2020,0.005477
10/11/2020,0.0026464
12/11/2020,0.0013971
13/11/2020,0.001894
16/11/2020,0.0045633
17/11/2020,0.0039577
19/11/2020,0.0032787
20/11/2020,0.0003977
23/11/2020,0.0006714
24/11/2020,0.0012932
25/11/2020,0.0074215
27/11/2020,-0.0034113
30/11/2020,0.0059271
01/12/2020,-0.0010328
02/12/2020,0.0014286
08/12/2020,0.0025711
09/12/2020,0.0029192
10/12/2020,-0.0006895
11/12/2020,-0.0049534
14/12/2020,-0.0021324
15/12/2020,0.0013399
16/12/2020,-0.0044346
17/12/2020,0.0015278
18/12/2020,0.0028934
21/12/2020,0.0029335
22/12/2020,-0.0035276
23/12/2020,0.0016727
24/12/2020,0.001977
29/12/2020,0.0003614
30/12/2020,-0.0006533
31/12/2020,0.0049639
04/01/2021,-0.0112162
05/01/2021,-0.0059109
06/01/2021,-0.0037346
11/01/2021,-0.0021505
12/01/2021,0.0007677
13/01/2021,-0.0033884
15/01/2021,0.0009413
19/01/2021,-0.0002804
20/01/2021,-0.0012674
21/01/2021,-0.0009604
22/01/2021,-0.0073204
26/01/2021,-0.0053301
27/01/2021,-0.0044222
29/01/2021,0.0006056
02/02/2021,-0.0058775
03/02/2021,0.0011501
04/02/2021,1.91E-06
05/02/2021,0.0033321
08/02/2021,-0.0024576
09/02/2021,0.0016899
10/02/2021,0.0043201
11/02/2021,-0.0001822
16/02/2021,0.0069189
17/02/2021,-0.001379
18/02/2021,0.006135
19/02/2021,-0.0018959
23/02/2021,-0.0002594
24/02/2021,-0.0002441
25/02/2021,-0.0006838
26/02/2021,-0.0017376
01/03/2021,-0.0030651
02/03/2021,0.0012684
03/03/2021,0.0028477
04/03/2021,0.0063648
05/03/2021,0.005662
09/03/2021,0.0001183
10/03/2021,0.0019331
15/03/2021,-0.000206
16/03/2021,-0.0056362
17/03/2021,0.0011272
18/03/2021,0.003479
19/03/2021,-0.0021858
22/03/2021,0.0115576
23/03/2021,0.011096
24/03/2021,0.0160637
25/03/2021,0.0004787
26/03/2021,0.0007133
29/03/2021,0.001133
30/03/2021,0.0010538
31/03/2021,-0.001399
01/04/2021,0.0066442
06/04/2021,0.0047531
07/04/2021,-0.001915
08/04/2021,-0.0043135
09/04/2021,0.016346
12/04/2021,-0.0201893
14/04/2021,-0.002636
15/04/2021,-0.0029879
16/04/2021,-0.0077095
19/04/2021,-0.0040083
20/04/2021,-0.0039053
21/04/2021,0.0030165
22/04/2021,0.0053053
23/04/2021,0.0048828
26/04/2021,0.000412
27/04/2021,0.0003023
29/04/2021,0.0067902
30/04/2021,0.0043411
04/05/2021,0.0054932
05/05/2021,-0.0018435
06/05/2021,0.0043259
07/05/2021,-0.0022097
10/05/2021,0.0068798
11/05/2021,0.0083437
17/05/2021,0.0040436
18/05/2021,-0.0014954
19/05/2021,0.0012836
20/05/2021,0.0022144
21/05/2021,0.0029631
24/05/2021,-0.0003166
25/05/2021,-0.0038786
26/05/2021,-0.0013762
27/05/2021,0.0020685
28/05/2021,0.0049801
01/06/2021,-0.0052719
04/06/2021,-0.0003586
08/06/2021,-0.0011644
09/06/2021,0.0003395
10/06/2021,0.0012512
11/06/2021,0.0003319
14/06/2021,0.0007601
15/06/2021,-0.0032701
16/06/2021,-0.0030384
17/06/2021,-0.0016317
18/06/2021,-0.0005922
21/06/2021,0.0001574
22/06/2021,0.0000944
23/06/2021,-0.0016937
24/06/2021,-0.001997
25/06/2021,0.0010023
28/06/2021,-0.001112
29/06/2021,-0.0041609
30/06/2021,-0.0027618
01/07/2021,-0.0019312
02/07/2021,0.0004091
06/07/2021,0.0015965
07/07/2021,0.0013103
08/07/2021,0.0021915
09/07/2021,-0.0021114
13/07/2021,-0.000186
14/07/2021,-0.0019646
15/07/2021,-0.0013504
16/07/2021,0.0053778
19/07/2021,0.0031824
22/07/2021,-0.0006237
23/07/2021,0.000041
26/07/2021,-0.0067463
27/07/2021,0.0031424
28/07/2021,0.0013666
29/07/2021,0.0023527
30/07/2021,0.0025721
03/08/2021,-0.0008526
05/08/2021,0.0026102
06/08/2021,0.0008593
09/08/2021,0.0013905
11/08/2021,-0.0037279
12/08/2021,0.0000257
16/08/2021,0.0023651
17/08/2021,0.0004644
18/08/2021,-0.0011597
19/08/2021,0.0025005
20/08/2021,0.0013514
23/08/2021,-0.0029516
24/08/2021,0.0014095
25/08/2021,-6.68E-06
26/08/2021,0.0007429
27/08/2021,0.004282
30/08/2021,0.0005322
31/08/2021,0.0001764
01/09/2021,-0.0008907
02/09/2021,-0.0014391
03/09/2021,0.0013542
07/09/2021,-0.0066299
08/09/2021,-0.0014715
09/09/2021,-0.0004377
10/09/2021,0.0006628
14/09/2021,-0.0042553
15/09/2021,-0.0019636
16/09/2021,0.0005093
17/09/2021,0.0016336
20/09/2021,0.0008526
22/09/2021,-0.004981
23/09/2021,0.0066385
24/09/2021,-0.0006704
27/09/2021,0.0043859
28/09/2021,-0.0052919
29/09/2021,0.0027094
30/09/2021,0.0024757
01/10/2021,0.0007858
05/10/2021,-0.0025244
06/10/2021,0.0013018
07/10/2021,-0.0016232
08/10/2021,-0.0009966
12/10/2021,-0.0028877
13/10/2021,-0.0017786
14/10/2021,-0.0009508
19/10/2021,-0.0064983
21/10/2021,-0.0038996
22/10/2021,-0.0108681
25/10/2021,0.0002823
26/10/2021,-0.0029058
27/10/2021,0.0048008
28/10/2021,0.0042419
29/10/2021,-0.0007906
03/11/2021,0.00249
05/11/2021,-0.0000439
09/11/2021,0.0028734
10/11/2021,0.0017786
12/11/2021,0.0013676
15/11/2021,-0.0009117
16/11/2021,0.0008364
17/11/2021,-0.0026789
19/11/2021,0.0002699
22/11/2021,0.0003233
23/11/2021,0.0027761
24/11/2021,0.0001802
26/11/2021,0.0021963
29/11/2021,-0.0006742
30/11/2021,-0.003396
01/12/2021,-0.0003681
06/12/2021,-0.0055866
07/12/2021,-0.0006113
08/12/2021,-0.0014496
09/12/2021,-2.86E-06
10/12/2021,0.0008936
14/12/2021,0.0003862
15/12/2021,-0.0007076
16/12/2021,-0.0016117
20/12/2021,-0.001276
21/12/2021,0.0011997
22/12/2021,-0.0082731
23/12/2021,0.0028019
24/12/2021,-0.0007505
29/12/2021,0.0050316
30/12/2021,0.0093813
31/12/2021,-0.0018415
04/01/2022,-0.0023785
05/01/2022,0.0021849
06/01/2022,-0.0019894
10/01/2022,-0.001255
11/01/2022,0.002368
13/01/2022,0.0066957
14/01/2022,0.0034046
19/01/2022,-0.0001593
20/01/2022,-0.0016813
21/01/2022,0.0002289
25/01/2022,-0.0019369
26/01/2022,0.0034208
27/01/2022,0.0007038
28/01/2022,-0.0024891
31/01/2022,-0.0012999
04/02/2022,-0.0034933
07/02/2022,-0.0003948
08/02/2022,0.0007448
09/02/2022,0.002636
10/02/2022,0.0004864
11/02/2022,0.0009985
14/02/2022,-0.0007963
15/02/2022,0.0005636
16/02/2022,0.0038404
17/02/2022,0.0020542
18/02/2022,-0.0019636
22/02/2022,-0.0029783
23/02/2022,-0.0030384
24/02/2022,-0.0056458
25/02/2022,0.0004301
02/03/2022,0.0091181
03/03/2022,-0.0001936
04/03/2022,-0.0015469
08/03/2022,-0.0016079
09/03/2022,-0.004487
10/03/2022,0.0017395
11/03/2022,0.0000324
14/03/2022,0.0070457
15/03/2022,0.002367
16/03/2022,-0.002264
17/03/2022,0.0029135
18/03/2022,-0.0036983
21/03/2022,-0.0045977
22/03/2022,-0.0001078
23/03/2022,-0.0006046
24/03/2022,0.0019541
25/03/2022,0.0032673
28/03/2022,-0.008606
29/03/2022,0.0010672
30/03/2022,0.0020552
31/03/2022,0.0021868
01/04/2022,-0.002634
04/04/2022,0.0004826
05/04/2022,0.0025892
06/04/2022,0.0020866
07/04/2022,0.0033903
08/04/2022,-0.0000858
11/04/2022,0.1405697
12/04/2022,-0.1354856
13/04/2022,0.0057259
14/04/2022,0.005084
19/04/2022,-0.000474
20/04/2022,0.0004978
21/04/2022,0.0003338
22/04/2022,-0.0017605
25/04/2022,0.0006475
26/04/2022,0.0009193
27/04/2022,0.0008068
04/05/2022,0.0062542
05/05/2022,-0.0035019
06/05/2022,-0.0003595
09/05/2022,0.0006742
10/05/2022,0.0032797
11/05/2022,-0.0044975
12/05/2022,0.0017481
13/05/2022,0.0051565
16/05/2022,-0.0020895
17/05/2022,-0.0033417
18/05/2022,0.0035915
19/05/2022,0.0014029
20/05/2022,-0.0000467
23/05/2022,0.0006247
24/05/2022,0.0017252
25/05/2022,0.0040731
26/05/2022,-0.0005426
27/05/2022,-0.0007458
31/05/2022,0.0031128
02/06/2022,-0.0016375
03/06/2022,-0.0038528
09/06/2022,0.0004549
10/06/2022,0.000906
13/06/2022,0.002512
14/06/2022,0.0023718
15/06/2022,0.0044985
16/06/2022,0.0084562
17/06/2022,-0.0030737
21/06/2022,0.000598
22/06/2022,0.0107565
23/06/2022,0.0023432
24/06/2022,-0.0026264
28/06/2022,-0.0015173
29/06/2022,-0.0043364
30/06/2022,-0.0001707
01/07/2022,0.0010586
05/07/2022,0.0000324
06/07/2022,0.0026445
07/07/2022,1.91E-06
08/07/2022,0.0006332
12/07/2022,0.0004787
13/07/2022,0.0019674
14/07/2022,0.0016193
15/07/2022,0.0032148
18/07/2022,0.0005331
19/07/2022,-0.0029182
20/07/2022,0.0045776
21/07/2022,0.0026855
22/07/2022,0.00667
26/07/2022,0.003274
27/07/2022,-0.0000925
28/07/2022,0.0009003
29/07/2022,0.0040674
01/08/2022,0.0022449
02/08/2022,-0.0003462
03/08/2022,0.0009823
05/08/2022,-0.0029688
08/08/2022,0.0008993
10/08/2022,0.0024605
11/08/2022,0.0002832
12/08/2022,0.0028906
16/08/2022,0.0036163
17/08/2022,0.0011435
18/08/2022,0.0095835
19/08/2022,0.0017481
22/08/2022,-0.0018606
23/08/2022,-0.0004597
24/08/2022,0.0006418
25/08/2022,0.0035629
26/08/2022,0.0033026
29/08/2022,0.0036993
30/08/2022,0.0013895
31/08/2022,0.0117645
02/09/2022,-0.0035295
06/09/2022,0.0029049
07/09/2022,0.0107889
08/09/2022,-0.0029888
09/09/2022,0.0010786
14/09/2022,-0.0005331
15/09/2022,-0.0033226
16/09/2022,-0.0030737
19/09/2022,-0.0000296
20/09/2022,-0.0002766
22/09/2022,-0.0011654
23/09/2022,0.0044899
26/09/2022,0.0092354
27/09/2022,0.0043354
28/09/2022,0.0020399
29/09/2022,0.0036049
30/09/2022,-0.0034351
03/10/2022,-0.0021362
04/10/2022,-0.0076351
05/10/2022,-0.0087194
06/10/2022,-0.0003347
07/10/2022,-0.0071077
11/10/2022,0.0059309
12/10/2022,-0.006916
13/10/2022,0.0009422
14/10/2022,0.001976
18/10/2022,-0.0004873
19/10/2022,-0.0010815
21/10/2022,0.002243
25/10/2022,0.0022154
26/10/2022,0.0034113
27/10/2022,-0.0002613
28/10/2022,0.0029478
31/10/2022,0.0034199
01/11/2022,0.0055647
03/11/2022,-0.0003366
09/11/2022,-0.0072536
10/11/2022,-0.0028858
14/11/2022,-0.0031815
15/11/2022,-0.0057507
16/11/2022,-0.0035887
17/11/2022,-0.0008812
21/11/2022,0.0045223
22/11/2022,-0.0019827
23/11/2022,-0.000824
25/11/2022,-0.0017939
28/11/2022,0.0026054
29/11/2022,-0.0004225
30/11/2022,-0.0010948
05/12/2022,0.0015545
06/12/2022,-0.0035076
08/12/2022,-0.0005989
09/12/2022,0.0047512
13/12/2022,-0.0010948
14/12/2022,-0.0001745
15/12/2022,0.0004587
16/12/2022,0.0012169
19/12/2022,0.0013885
20/12/2022,-0.0008383
21/12/2022,-0.0031223
22/12/2022,-0.0002632
23/12/2022,-0.0029917
28/12/2022,-0.0015612
29/12/2022,0.004899
30/12/2022,-0.000371
04/01/2023,-0.0025501
05/01/2023,0.0048161
06/01/2023,0.0022507
10/01/2023,-0.0000858
11/01/2023,0.0012836
12/01/2023,0.0148611
13/01/2023,0.0059767
17/01/2023,-0.0005913
18/01/2023,-0.0062695
19/01/2023,-0.0000925
20/01/2023,0.0022688
24/01/2023,0.0038433
25/01/2023,-0.0014257
26/01/2023,0.0058384
30/01/2023,-0.0042267
31/01/2023,-0.0045719
02/02/2023,-0.0063229
03/02/2023,0.0038481
06/02/2023,-0.0018034
07/02/2023,-0.0032816
08/02/2023,-0.0071478
09/02/2023,-0.0060577
10/02/2023,-0.0027399
13/02/2023,0.0064964
14/02/2023,0.0074444
15/02/2023,-0.0049944
16/02/2023,0.0006027
17/02/2023,0.0006771
21/02/2023,-0.005187
22/02/2023,-0.0054855
23/02/2023,-0.0006371
24/02/2023,0.0000744
28/02/2023,0.002964
01/03/2023,-0.0012884
02/03/2023,0.0060749
03/03/2023,0.002182
07/03/2023,-0.0032225
08/03/2023,-0.0016756
09/03/2023,0.0021505
10/03/2023,-0.0028648
13/03/2023,0.0004005
14/03/2023,0.001358
15/03/2023,-0.0008812
16/03/2023,-0.0015268
17/03/2023,-0.0005989
21/03/2023,-0.0036459
23/03/2023,0.0037766
24/03/2023,0.0031424
29/03/2023,0.0014858
30/03/2023,0.0007849
