Date,ABL,ACI,ALW,AADs,AGA,AYRTN,BOPP,CAL,CMLT,CFAO,CLYD,CPC,EGH,ETI,EGL,FML,GCB,GOIL,GSR,GWEB,GGBL,HFC,MLC,PKL,PBC,PZC,SWL,SG-SSB,SIC,SCB,SPL,TOTAL,TRANSOL,TBL ,TLW,UNIL,UTB,MAC,ADB,ACCESS,MTN
2017-01-03,,0.01,0.14,0.52,37,0.12,2.08,0.76,0.12,,0.03,0.02,6.5,0.1,2.4,11.2,3.6,1.1,1.95,0.01,1.63,0.75,0.15,0.05,0.06,0.22,0.04,0.62,0.12,12.21,0.03,2.0,0.03,0.26,26.88,8.51,0.03,6.0,3.83,4.1,
2017-01-04,,0.01,0.14,0.52,37,0.12,2.08,0.78,0.12,,0.03,0.02,6.5,0.1,2.4,11.2,3.61,1.1,1.95,0.01,1.63,0.75,0.15,0.05,0.06,0.22,0.04,0.66,0.13,12.21,0.03,2.0,0.03,0.26,26.88,8.51,0.03,6.0,3.83,4.1,
2017-01-05,,0.01,0.14,0.52,37,0.1,2.08,0.78,0.12,,0.03,0.02,6.5,0.1,2.4,11.2,3.62,1.12,1.95,0.01,1.6,0.75,0.15,0.05,0.06,0.22,0.04,0.66,0.13,12.26,0.03,2.0,0.03,0.26,26.88,8.51,0.03,6.0,3.83,4.1,
2017-01-06,,0.01,0.15,0.52,37,0.1,2.08,0.77,0.12,,0.03,0.02,6.5,0.1,2.4,11.2,3.63,1.12,1.95,0.01,1.5,0.75,0.15,0.05,0.06,0.2,0.04,0.66,0.13,12.3,0.03,2.02,0.03,0.26,26.88,8.51,0.03,6.0,3.83,4.1,
2017-01-09,,0.01,0.15,0.52,37,0.1,2.08,0.76,0.12,,0.03,0.02,6.5,0.1,2.4,11.2,3.65,1.12,1.95,0.01,1.5,0.75,0.15,0.05,0.06,0.2,0.04,0.66,0.13,12.3,0.03,2.02,0.03,0.26,26.88,8.51,0.03,6.0,3.83,4.1,
2017-01-10,,0.01,0.15,0.52,37,0.1,2.08,0.76,0.12,,0.03,0.02,6.51,0.11,2.4,11.2,3.66,1.12,1.95,0.01,1.5,0.75,0.15,0.05,0.06,0.2,0.04,0.66,0.13,12.34,0.03,2.02,0.03,0.26,26.88,8.51,0.03,6.0,3.83,4.1,
2017-01-11,,0.01,0.15,0.52,37,0.1,2.08,0.76,0.12,,0.03,0.02,6.85,0.11,2.4,11.2,3.66,1.12,1.95,0.01,1.5,0.75,0.15,0.05,0.06,0.2,0.04,0.66,0.13,12.3,0.03,2.04,0.03,0.26,26.88,8.51,0.03,6.0,3.83,4.1,
2017-01-12,,0.01,0.15,0.52,37,0.1,2.08,0.76,0.12,,0.03,0.02,6.85,0.12,2.4,11.2,3.66,1.12,1.95,0.01,1.5,0.75,0.15,0.05,0.06,0.2,0.04,0.66,0.13,12.3,0.03,2.04,0.03,0.26,26.88,8.51,0.03,6.0,3.83,4.1,
2017-01-13,,0.01,0.15,0.52,37,0.1,2.08,0.76,0.12,,0.03,0.02,6.85,0.13,2.4,11.2,3.67,1.12,1.95,0.01,1.5,0.75,0.15,0.05,0.06,0.2,0.04,0.66,0.13,12.3,0.03,2.04,0.03,0.26,26.88,8.51,0.03,6.0,3.83,4.1,
2017-01-16,,0.01,0.14,0.52,37,0.1,2.08,0.75,0.12,,0.03,0.01,6.85,0.13,2.4,11.2,3.67,1.12,1.95,0.01,1.5,0.75,0.15,0.05,0.06,0.2,0.04,0.66,0.13,12.31,0.03,2.1,0.03,0.26,26.88,8.51,0.03,6.0,3.83,4.1,
2017-01-17,,0.01,0.14,0.52,37,0.1,2.08,0.76,0.12,,0.03,0.01,6.85,0.13,2.4,11.2,3.69,1.12,1.95,0.01,1.5,0.75,0.15,0.05,0.06,0.2,0.04,0.66,0.13,12.31,0.03,2.1,0.03,0.26,26.88,8.51,0.03,6.0,3.83,4.1,
2017-01-18,,0.01,0.14,0.52,37,0.1,2.08,0.76,0.12,,0.03,0.02,6.85,0.13,2.4,11.2,3.69,1.12,1.95,0.01,1.5,0.75,0.15,0.05,0.06,0.2,0.04,0.66,0.14,12.34,0.03,2.08,0.03,0.26,26.88,8.51,0.03,6.0,3.83,4.1,
2017-01-19,,0.01,0.14,0.52,37,0.1,2.08,0.76,0.12,,0.03,0.02,6.85,0.14,2.4,11.2,3.69,1.12,1.95,0.01,1.5,0.75,0.15,0.05,0.06,0.2,0.04,0.66,0.14,12.69,0.03,2.08,0.03,0.26,26.88,8.51,0.03,6.0,3.83,4.1,
2017-01-20,,0.01,0.14,0.52,37,0.1,2.08,0.76,0.12,,0.03,0.02,6.85,0.14,2.4,11.2,3.8,1.12,1.95,0.01,1.5,0.75,0.15,0.05,0.06,0.2,0.04,0.66,0.14,12.9,0.03,2.1,0.03,0.26,26.88,8.51,0.03,6.0,3.83,4.1,
2017-01-23,,0.01,0.14,0.52,37,0.1,2.08,0.76,0.12,,0.03,0.02,6.86,0.14,2.4,11.2,3.8,1.12,1.95,0.01,1.5,0.75,0.15,0.05,0.06,0.2,0.04,0.66,0.14,12.94,0.03,2.12,0.03,0.26,26.88,8.51,0.03,6.0,3.83,4.1,
2017-01-24,,0.01,0.14,0.52,37,0.1,2.08,0.76,0.12,,0.03,0.02,6.86,0.14,2.4,11.2,3.85,1.12,1.95,0.01,1.51,0.75,0.15,0.05,0.06,0.2,0.04,0.66,0.14,13.01,0.03,2.15,0.03,0.26,26.88,8.51,0.03,6.0,3.83,4.1,
2017-01-25,,0.01,0.14,0.52,37,0.1,2.09,0.76,0.12,,0.03,0.02,6.86,0.14,2.4,11.2,3.88,1.12,1.95,0.01,1.51,0.75,0.15,0.05,0.06,0.2,0.04,0.66,0.14,13.02,0.03,2.15,0.03,0.26,26.88,8.51,0.03,6.0,3.83,4.1,
2017-01-26,,0.01,0.14,0.52,37,0.1,2.09,0.76,0.12,,0.03,0.02,6.86,0.14,2.4,11.2,3.9,1.12,1.95,0.01,1.51,0.72,0.15,0.05,0.06,0.2,0.04,0.67,0.15,13.02,0.03,2.15,0.03,0.26,26.88,8.51,0.03,6.0,3.83,4.1,
2017-01-27,,0.01,0.14,0.52,37,0.1,2.09,0.76,0.12,,0.03,0.02,6.86,0.14,2.4,11.2,3.92,1.12,1.95,0.01,1.51,0.72,0.15,0.05,0.06,0.2,0.04,0.67,0.15,13.02,0.03,2.15,0.03,0.26,26.88,8.51,0.03,6.0,3.83,4.1,
2017-01-30,,0.01,0.14,0.52,37,0.1,2.09,0.76,0.12,,0.03,0.02,6.87,0.14,2.4,11.2,3.97,1.11,1.95,0.01,1.51,0.72,0.15,0.05,0.06,0.2,0.04,0.68,0.15,13.02,0.03,2.15,0.03,0.26,26.88,8.51,0.03,6.0,3.83,4.1,
2017-01-31,,0.01,0.14,0.52,37,0.1,2.11,0.76,0.12,,0.03,0.02,6.9,0.14,2.4,11.2,3.98,1.11,1.95,0.01,1.51,0.72,0.15,0.05,0.06,0.2,0.04,0.71,0.15,13.11,0.03,2.17,0.03,0.26,26.88,8.51,0.03,6.0,3.83,4.1,
2017-02-01,,0.01,0.14,0.52,37,0.1,2.11,0.76,0.12,,0.03,0.02,6.9,0.13,2.4,11.2,4.14,1.11,1.95,0.01,1.51,0.72,0.15,0.05,0.06,0.2,0.04,0.75,0.16,13.17,0.03,2.17,0.03,0.26,26.88,8.51,0.03,6.0,3.83,4.1,
2017-02-02,,0.01,0.14,0.52,37,0.1,2.11,0.76,0.12,,0.03,0.03,6.91,0.14,2.4,11.2,4.14,1.11,1.95,0.01,1.51,0.7,0.15,0.05,0.06,0.2,0.04,0.75,0.15,13.19,0.03,2.18,0.03,0.26,26.88,8.51,0.03,6.0,3.83,4.1,
2017-02-03,,0.01,0.14,0.52,37,0.1,2.12,0.76,0.12,,0.03,0.03,6.91,0.14,2.4,11.2,4.19,1.11,1.95,0.01,1.51,0.68,0.15,0.05,0.06,0.2,0.04,0.75,0.15,15.0,0.03,2.2,0.03,0.26,24.83,8.74,0.03,6.0,3.83,4.1,
2017-02-06,,0.01,0.14,0.52,37,0.1,2.14,0.76,0.12,,0.03,0.03,6.91,0.14,2.4,11.2,4.2,1.09,1.95,0.01,1.51,0.68,0.15,0.05,0.06,0.2,0.04,0.76,0.15,13.27,0.03,2.22,0.03,0.26,24.83,8.76,0.03,6.0,3.83,4.1,
2017-02-07,,0.01,0.14,0.52,37,0.1,2.16,0.65,0.12,,0.03,0.03,6.91,0.14,2.4,11.2,4.22,1.09,1.95,0.01,1.52,0.68,0.15,0.05,0.06,0.2,0.04,0.76,0.16,13.28,0.03,2.24,0.03,0.26,24.83,8.76,0.03,6.0,3.83,4.1,
2017-02-08,,0.01,0.14,0.52,37,0.1,2.16,0.75,0.12,,0.03,0.03,6.99,0.14,2.4,11.1,4.24,1.09,1.95,0.01,1.52,0.68,0.15,0.05,0.06,0.2,0.04,0.74,0.16,13.28,0.03,2.3,0.03,0.26,24.83,8.76,0.03,6.0,3.83,4.1,
2017-02-09,,0.01,0.14,0.52,37,0.1,2.17,0.75,0.12,,0.03,0.03,7.0,0.13,2.4,11.1,4.28,1.09,1.95,0.01,1.52,0.68,0.15,0.05,0.06,0.2,0.04,0.75,0.16,13.3,0.03,2.35,0.03,0.26,24.83,8.76,0.03,6.0,3.83,4.1,
2017-02-10,,0.01,0.14,0.52,37,0.1,2.21,0.75,0.12,,0.03,0.03,7.01,0.13,2.4,11.1,4.33,1.17,1.95,0.01,1.52,0.68,0.15,0.05,0.06,0.2,0.04,0.75,0.16,13.32,0.03,2.34,0.03,0.26,24.83,8.78,0.04,6.0,3.83,4.1,
2017-02-13,,0.01,0.14,0.52,37,0.1,2.21,0.75,0.12,,0.03,0.03,7.01,0.13,2.4,11.1,4.38,1.17,1.95,0.01,1.52,0.68,0.15,0.05,0.06,0.2,0.04,0.75,0.15,13.32,0.03,2.34,0.03,0.26,24.83,8.79,0.04,6.0,3.83,4.1,
2017-02-14,,0.01,0.14,0.52,37,0.1,2.21,0.75,0.12,,0.03,0.03,7.01,0.14,2.4,11.1,4.38,1.17,1.95,0.01,1.52,0.68,0.15,0.05,0.06,0.2,0.04,0.75,0.15,13.33,0.03,2.34,0.03,0.26,24.83,8.79,0.04,6.0,3.83,4.1,
2017-02-15,,0.01,0.14,0.52,37,0.1,2.21,0.75,0.12,,0.03,0.03,7.01,0.13,2.4,11.1,4.39,1.17,1.95,0.01,1.52,0.68,0.15,0.05,0.06,0.2,0.04,0.75,0.15,13.35,0.03,2.34,0.03,0.26,24.83,8.85,0.04,6.0,3.83,4.1,
2017-02-16,,0.01,0.14,0.52,37,0.1,2.21,0.75,0.12,,0.03,0.03,7.01,0.13,2.4,11.1,4.4,1.17,1.95,0.01,1.52,0.68,0.15,0.05,0.06,0.2,0.04,0.75,0.15,13.36,0.03,2.34,0.03,0.26,24.83,8.85,0.04,6.0,3.83,4.1,
2017-02-17,,0.01,0.14,0.52,37,0.1,2.21,0.75,0.12,,0.03,0.03,7.01,0.13,2.4,11.1,4.4,1.17,1.95,0.01,1.52,0.68,0.15,0.05,0.06,0.2,0.04,0.75,0.15,13.39,0.03,2.33,0.03,0.26,24.83,8.85,0.04,6.0,3.83,4.1,
2017-02-20,,0.01,0.14,0.52,37,0.1,2.21,0.75,0.12,,0.03,0.03,7.01,0.13,2.4,11.08,4.43,1.17,1.95,0.01,1.52,0.68,0.15,0.05,0.06,0.2,0.04,0.75,0.15,13.39,0.03,2.3,0.03,0.26,24.83,8.85,0.04,6.0,3.83,4.1,
2017-02-21,,0.01,0.14,0.52,37,0.1,2.21,0.75,0.12,,0.03,0.03,7.02,0.12,2.4,11.08,4.6,1.17,1.95,0.01,1.52,0.68,0.15,0.05,0.06,0.2,0.04,0.75,0.15,13.39,0.03,2.3,0.03,0.26,24.83,8.85,0.04,6.0,3.83,4.1,
2017-02-22,,0.01,0.14,0.52,37,0.1,2.21,0.75,0.12,,0.03,0.03,7.2,0.13,2.4,11.08,4.9,1.17,1.95,0.01,1.52,0.68,0.15,0.05,0.06,0.2,0.04,0.76,0.15,13.4,0.03,2.29,0.03,0.26,24.83,8.85,0.05,6.0,3.83,4.1,
2017-02-23,,0.01,0.14,0.52,37,0.1,2.21,0.75,0.12,,0.03,0.03,7.2,0.12,2.4,11.08,4.88,1.17,1.95,0.01,1.52,0.68,0.15,0.05,0.06,0.2,0.04,0.76,0.15,13.4,0.03,2.29,0.03,0.3,24.83,8.85,0.04,6.0,3.83,4.1,
2017-02-24,,0.01,0.14,0.52,37,0.1,2.5,0.75,0.12,,0.03,0.03,7.2,0.12,2.4,11.3,4.88,1.16,1.95,0.01,1.52,0.68,0.15,0.05,0.06,0.2,0.04,0.76,0.15,14.46,0.03,2.29,0.03,0.3,24.83,8.85,0.04,6.0,3.83,4.1,
2017-02-27,,0.01,0.14,0.52,37,0.1,2.5,0.75,0.12,,0.03,0.03,7.13,0.12,2.4,11.3,4.88,1.17,1.95,0.01,1.52,0.68,0.15,0.05,0.06,0.2,0.04,0.76,0.15,14.46,0.03,2.29,0.03,0.3,24.83,8.85,0.04,6.0,3.83,4.1,
2017-02-28,,0.01,0.14,0.52,37,0.1,2.46,0.75,0.12,,0.03,0.03,7.15,0.12,2.4,11.3,4.88,1.18,1.95,0.01,1.52,0.68,0.15,0.05,0.06,0.2,0.04,0.76,0.15,14.46,0.03,2.33,0.03,0.3,21.25,8.85,0.04,6.0,3.83,4.1,
2017-03-01,,0.01,0.14,0.52,37,0.1,2.82,0.75,0.12,,0.03,0.03,7.17,0.12,2.4,11.3,4.88,1.19,1.95,0.01,1.52,0.68,0.15,0.05,0.06,0.2,0.04,0.76,0.15,15.0,0.03,2.32,0.03,0.3,21.25,8.86,0.04,6.0,3.83,4.1,
2017-03-02,,0.01,0.14,0.52,37,0.1,2.82,0.75,0.12,,0.03,0.03,7.17,0.12,2.4,11.3,4.88,1.2,1.95,0.01,1.5,0.68,0.15,0.05,0.06,0.2,0.04,0.78,0.15,15.0,0.03,2.32,0.03,0.3,21.25,8.86,0.04,6.0,3.83,4.1,
2017-03-03,,0.01,0.14,0.52,37,0.1,2.82,0.75,0.12,,0.03,0.03,7.17,0.12,2.4,11.3,4.89,1.19,1.95,0.01,1.5,0.68,0.15,0.05,0.06,0.2,0.04,0.78,0.15,15.0,0.03,2.3,0.03,0.3,21.25,8.86,0.04,6.0,3.83,4.1,
2017-03-07,,0.01,0.14,0.52,37,0.1,2.82,0.75,0.12,,0.03,0.03,7.17,0.12,2.4,11.3,4.89,1.19,1.95,0.01,1.5,0.68,0.15,0.05,0.06,0.2,0.04,0.78,0.15,15.0,0.03,2.29,0.03,0.3,21.25,8.86,0.04,6.0,3.83,4.1,
2017-03-08,,0.01,0.14,0.52,37,0.1,2.82,0.75,0.12,,0.03,0.03,7.17,0.12,2.4,11.3,4.9,1.2,1.95,0.01,1.5,0.68,0.15,0.05,0.06,0.2,0.04,0.78,0.15,15.0,0.03,2.29,0.03,0.3,21.25,8.86,0.04,6.0,3.83,4.1,
2017-03-09,,0.01,0.16,0.52,37,0.1,2.82,0.77,0.12,,0.03,0.03,7.17,0.12,2.4,11.3,4.9,1.2,1.95,0.01,1.5,0.68,0.15,0.05,0.06,0.2,0.04,0.78,0.15,15.0,0.03,2.29,0.03,0.3,21.25,8.86,0.04,6.0,3.83,4.1,
2017-03-10,,0.01,0.15,0.52,37,0.1,2.82,0.77,0.12,,0.03,0.03,7.17,0.12,2.4,11.3,4.91,1.19,1.95,0.01,1.5,0.68,0.15,0.05,0.06,0.2,0.04,0.77,0.15,15.33,0.03,2.2,0.03,0.3,21.25,8.87,0.04,6.0,3.83,4.1,
2017-03-13,,0.01,0.15,0.52,37,0.1,2.82,0.75,0.12,,0.03,0.03,7.18,0.12,2.4,11.3,4.91,1.2,1.95,0.01,1.5,0.68,0.15,0.05,0.06,0.2,0.04,0.77,0.15,15.34,0.03,2.2,0.03,0.3,21.25,9.0,0.04,6.0,3.83,4.1,
2017-03-14,,0.01,0.15,0.52,37,0.1,2.82,0.75,0.12,,0.03,0.03,7.2,0.12,2.4,11.3,4.91,1.2,1.95,0.01,1.5,0.68,0.15,0.05,0.06,0.2,0.04,0.77,0.15,15.36,0.03,2.2,0.03,0.3,21.25,9.0,0.05,6.0,3.83,4.1,
2017-03-15,,0.01,0.15,0.52,37,0.1,2.85,0.74,0.12,,0.03,0.03,7.25,0.12,2.4,11.3,4.92,1.2,1.95,0.01,1.5,0.68,0.15,0.05,0.06,0.2,0.04,0.77,0.15,15.38,0.03,2.19,0.03,0.3,21.0,9.0,0.05,6.0,3.83,4.1,
2017-03-16,,0.01,0.15,0.52,37,0.1,2.85,0.74,0.12,,0.03,0.02,7.25,0.12,2.4,11.3,4.96,1.2,1.95,0.01,1.5,0.68,0.15,0.05,0.06,0.2,0.04,0.77,0.15,15.38,0.03,2.19,0.03,0.3,21.0,9.0,0.05,6.0,3.83,4.1,
2017-03-17,,0.01,0.15,0.52,37,0.1,2.85,0.74,0.12,,0.03,0.02,7.25,0.12,2.4,11.3,5.0,1.2,1.95,0.01,1.5,0.68,0.15,0.05,0.06,0.2,0.04,0.77,0.15,15.38,0.03,2.18,0.03,0.3,21.0,9.0,0.05,6.0,3.83,4.1,
2017-03-20,,0.01,0.15,0.52,37,0.1,2.85,0.73,0.12,,0.03,0.02,7.25,0.12,2.4,11.3,4.98,1.2,1.95,0.01,1.5,0.68,0.15,0.05,0.06,0.2,0.04,0.78,0.15,15.38,0.03,2.18,0.03,0.3,21.0,9.0,0.05,6.0,3.83,4.1,
2017-03-21,,0.01,0.14,0.52,37,0.1,2.85,0.73,0.12,,0.03,0.02,7.25,0.13,2.4,11.3,5.04,1.21,1.95,0.01,1.5,0.68,0.15,0.05,0.06,0.2,0.04,0.8,0.15,15.42,0.03,2.18,0.03,0.3,21.0,9.0,0.04,6.0,3.83,4.1,
2017-03-22,,0.01,0.14,0.52,37,0.1,2.87,0.73,0.12,,0.03,0.02,7.25,0.13,2.4,11.3,5.05,1.2,1.95,0.01,1.5,0.65,0.15,0.05,0.06,0.2,0.04,0.78,0.15,15.44,0.03,2.18,0.03,0.3,21.0,9.0,0.04,6.0,3.83,4.1,
2017-03-23,,0.01,0.14,0.52,37,0.1,2.87,0.73,0.12,,0.03,0.02,7.26,0.13,2.39,11.3,5.09,1.21,1.95,0.01,1.5,0.65,0.15,0.05,0.06,0.2,0.04,0.78,0.13,15.44,0.03,2.18,0.03,0.26,21.0,9.0,0.05,6.0,3.83,4.1,
2017-03-24,,0.01,0.14,0.52,37,0.1,2.87,0.73,0.12,,0.03,0.02,7.29,0.13,2.39,11.3,5.13,1.21,1.95,0.01,1.5,0.65,0.15,0.05,0.05,0.2,0.04,0.78,0.13,15.44,0.03,2.2,0.03,0.26,20.94,9.0,0.05,6.0,3.83,4.1,
2017-03-27,,0.01,0.14,0.52,37,0.1,2.87,0.8,0.12,,0.03,0.02,7.29,0.13,2.39,11.3,5.18,1.3,1.95,0.01,1.5,0.65,0.15,0.05,0.05,0.2,0.04,0.77,0.11,15.44,0.03,2.2,0.03,0.26,20.94,9.0,0.04,6.0,3.83,4.1,
2017-03-28,,0.01,0.14,0.45,37,0.1,2.87,0.8,0.12,,0.03,0.02,7.29,0.13,2.39,11.3,5.18,1.21,1.95,0.01,1.5,0.65,0.15,0.05,0.05,0.2,0.04,0.77,0.11,15.44,0.03,2.2,0.03,0.26,20.94,9.0,0.04,6.0,3.83,4.1,
2017-03-29,,0.01,0.14,0.45,37,0.1,2.87,0.68,0.12,,0.03,0.02,7.29,0.13,2.39,11.3,5.22,1.24,1.95,0.01,1.5,0.65,0.15,0.05,0.05,0.2,0.04,0.76,0.11,15.45,0.03,2.2,0.03,0.26,20.94,9.0,0.05,6.0,3.83,4.1,
2017-03-30,,0.01,0.14,0.45,37,0.1,2.87,0.58,0.12,,0.03,0.02,7.3,0.13,2.39,11.3,5.2,1.24,1.95,0.01,1.5,0.65,0.15,0.05,0.05,0.2,0.04,0.76,0.11,15.45,0.03,2.2,0.03,0.26,20.94,9.0,0.04,6.0,3.83,4.1,
2017-03-31,,0.01,0.14,0.45,37,0.1,2.9,0.49,0.12,,0.03,0.02,7.3,0.12,2.39,11.3,5.2,1.25,1.95,0.01,1.5,0.65,0.15,0.05,0.05,0.2,0.04,0.76,0.11,15.45,0.03,2.2,0.03,0.23,20.94,9.0,0.04,6.0,3.83,4.1,
2017-04-03,,0.01,0.14,0.45,37,0.1,2.9,0.49,0.12,,0.03,0.02,7.3,0.12,2.39,11.3,5.2,1.25,1.95,0.01,1.5,0.65,0.15,0.05,0.05,0.2,0.04,0.76,0.11,15.45,0.03,2.2,0.03,0.23,20.94,9.0,0.04,6.0,3.83,4.1,
2017-04-04,,0.01,0.14,0.45,37,0.1,2.9,0.54,0.12,,0.03,0.02,7.3,0.13,2.39,11.3,5.2,1.26,1.95,0.01,1.5,0.65,0.15,0.05,0.05,0.2,0.04,0.73,0.11,15.45,0.03,2.21,0.03,0.23,20.94,9.0,0.04,6.0,3.83,4.1,
2017-04-05,,0.01,0.14,0.45,37,0.1,2.95,0.6,0.12,,0.03,0.02,7.3,0.13,2.39,11.3,5.2,1.26,1.95,0.01,1.5,0.65,0.15,0.05,0.05,0.2,0.04,0.75,0.11,15.45,0.03,2.2,0.03,0.23,20.94,9.0,0.04,6.0,3.83,4.1,
2017-04-06,,0.01,0.14,0.45,37,0.1,2.97,0.68,0.12,,0.03,0.02,7.3,0.13,2.39,11.3,5.22,1.26,1.95,0.01,1.5,0.65,0.13,0.05,0.05,0.2,0.04,0.76,0.1,15.82,0.03,2.22,0.03,0.23,20.94,9.0,0.04,6.0,3.83,4.1,
2017-04-07,,0.01,0.14,0.45,37,0.1,2.97,0.72,0.12,,0.03,0.02,7.3,0.13,2.39,11.3,5.2,1.28,1.95,0.01,1.5,0.6,0.13,0.05,0.05,0.2,0.04,0.76,0.1,15.82,0.03,2.22,0.03,0.23,20.94,9.0,0.05,6.0,3.83,4.1,
2017-04-10,,0.01,0.14,0.45,37,0.1,2.97,0.71,0.12,,0.03,0.02,7.32,0.12,2.39,11.3,5.2,1.28,1.95,0.01,1.5,0.55,0.13,0.05,0.05,0.2,0.04,0.76,0.1,15.82,0.03,2.22,0.03,0.23,20.94,9.0,0.05,6.0,3.83,3.9,
2017-04-11,,0.01,0.14,0.45,37,0.1,2.97,0.68,0.12,,0.03,0.02,7.31,0.12,2.39,11.3,5.2,1.28,1.95,0.01,1.5,0.55,0.13,0.05,0.05,0.2,0.04,0.76,0.1,15.82,0.03,2.22,0.03,0.23,20.94,9.0,0.05,6.0,3.83,3.9,
2017-04-12,,0.01,0.14,0.45,37,0.1,2.97,0.67,0.12,,0.03,0.02,7.31,0.12,2.39,11.31,5.2,1.3,1.95,0.01,1.5,0.5,0.13,0.05,0.05,0.2,0.04,0.76,0.1,15.82,0.03,2.22,0.03,0.23,20.94,9.0,0.06,6.0,3.83,3.9,
2017-04-13,,0.01,0.14,0.49,37,0.1,3.01,0.67,0.12,,0.03,0.02,7.31,0.12,2.39,11.31,5.2,1.3,1.95,0.01,1.5,0.5,0.13,0.05,0.05,0.2,0.04,0.76,0.09,15.82,0.03,2.24,0.03,0.23,20.94,9.0,0.05,6.0,3.83,3.9,
2017-04-18,,0.01,0.14,0.48,37,0.1,3.01,0.67,0.12,,0.03,0.02,7.31,0.12,2.39,11.31,5.2,1.3,1.95,0.01,1.5,0.48,0.13,0.05,0.04,0.2,0.04,0.76,0.1,15.82,0.03,2.24,0.03,0.23,20.94,9.0,0.05,6.0,3.83,3.9,
2017-04-19,,0.01,0.14,0.48,37,0.1,3.01,0.58,0.12,,0.03,0.02,7.3,0.11,2.39,11.32,5.2,1.3,1.95,0.01,1.5,0.5,0.12,0.05,0.04,0.2,0.04,0.77,0.1,15.82,0.03,2.24,0.03,0.23,20.94,9.0,0.05,6.0,3.83,3.9,
2017-04-20,,0.01,0.14,0.48,37,0.1,3.13,0.6,0.12,,0.03,0.02,7.31,0.11,2.39,11.31,5.2,1.32,1.95,0.01,1.5,0.5,0.12,0.05,0.04,0.2,0.04,0.76,0.09,15.82,0.02,2.22,0.03,0.23,20.94,9.0,0.05,6.0,3.83,3.9,
2017-04-21,,0.01,0.14,0.48,37,0.1,3.21,0.65,0.12,,0.03,0.02,7.55,0.11,2.39,11.32,5.2,1.32,1.95,0.01,1.5,0.5,0.12,0.05,0.04,0.2,0.04,0.76,0.09,15.83,0.02,2.22,0.03,0.23,20.94,8.9,0.06,6.0,3.83,3.9,
2017-04-24,,0.01,0.14,0.48,37,0.1,3.22,0.65,0.12,,0.03,0.02,7.55,0.11,2.39,11.32,5.2,1.31,1.95,0.01,1.52,0.5,0.12,0.05,0.04,0.2,0.04,0.76,0.09,15.45,0.02,2.22,0.03,0.23,20.94,8.9,0.06,6.0,3.83,3.9,
2017-04-25,,0.01,0.14,0.48,37,0.1,3.5,0.66,0.12,,0.03,0.02,7.49,0.11,2.39,11.32,5.22,1.32,1.95,0.01,1.52,0.52,0.12,0.05,0.04,0.2,0.04,0.76,0.09,15.46,0.02,2.22,0.03,0.25,20.94,9.05,0.06,6.0,3.83,3.9,
2017-04-26,,0.01,0.14,0.48,37,0.1,3.22,0.75,0.12,,0.03,0.02,7.49,0.11,2.4,11.32,5.2,1.35,1.95,0.01,1.52,0.52,0.12,0.05,0.04,0.2,0.04,0.76,0.09,15.46,0.02,2.22,0.03,0.25,20.94,9.05,0.06,6.0,3.83,3.9,
2017-04-27,,0.01,0.14,0.48,37,0.1,3.22,0.69,0.12,,0.03,0.02,7.49,0.11,2.4,11.32,5.2,1.31,1.95,0.01,1.52,0.52,0.12,0.05,0.04,0.2,0.04,0.76,0.09,15.47,0.02,2.22,0.03,0.25,20.94,9.05,0.06,6.0,3.83,4.0,
2017-04-28,,0.01,0.14,0.48,37,0.1,3.22,0.72,0.12,,0.03,0.02,7.49,0.12,2.4,11.32,5.2,1.31,1.95,0.01,1.52,0.52,0.12,0.05,0.04,0.2,0.04,0.76,0.09,15.57,0.02,2.22,0.03,0.25,20.94,9.05,0.06,6.0,3.83,4.0,
2017-05-02,,0.01,0.14,0.48,37,0.1,3.22,0.72,0.12,,0.03,0.02,7.49,0.12,2.4,11.32,5.2,1.32,1.95,0.01,1.5,0.52,0.12,0.05,0.04,0.2,0.04,0.76,0.09,15.57,0.02,2.22,0.03,0.25,20.94,9.05,0.06,6.0,3.83,4.0,
2017-05-03,,0.01,0.16,0.48,37,0.1,3.22,0.72,0.12,,0.03,0.02,7.49,0.12,2.4,11.35,5.2,1.32,1.95,0.01,1.5,0.52,0.12,0.05,0.04,0.2,0.04,0.76,0.1,15.67,0.02,2.22,0.03,0.25,20.94,9.05,0.06,6.0,3.83,4.0,
2017-05-04,,0.01,0.16,0.48,37,0.1,3.25,0.73,0.12,,0.03,0.02,7.35,0.11,2.41,11.35,5.2,1.32,1.95,0.01,1.5,0.52,0.12,0.05,0.04,0.2,0.04,0.74,0.1,15.6,0.02,2.22,0.03,0.25,20.94,9.05,0.06,6.0,3.83,4.0,
2017-05-05,,0.01,0.16,0.48,37,0.1,3.29,0.73,0.12,,0.03,0.02,7.34,0.11,2.41,11.35,5.2,1.33,1.95,0.01,1.5,0.51,0.11,0.05,0.04,0.2,0.04,0.74,0.1,15.6,0.02,2.22,0.03,0.25,20.94,9.05,0.06,6.0,3.83,4.0,
2017-05-08,,0.01,0.16,0.48,37,0.1,3.29,0.74,0.12,,0.03,0.02,7.34,0.11,2.41,11.35,5.2,1.33,1.95,0.01,1.5,0.52,0.11,0.05,0.04,0.2,0.04,0.74,0.1,16.0,0.02,2.22,0.03,0.25,20.94,9.05,0.06,6.0,3.83,4.0,
2017-05-09,,0.01,0.15,0.48,37,0.1,3.29,0.74,0.12,,0.03,0.02,7.34,0.12,2.41,11.35,5.2,1.4,1.95,0.01,1.5,0.52,0.11,0.05,0.04,0.2,0.04,0.74,0.11,16.0,0.02,2.22,0.03,0.25,20.94,9.0,0.07,6.0,3.83,4.0,
2017-05-10,,0.01,0.15,0.48,37,0.1,3.5,0.74,0.12,,0.03,0.02,7.34,0.12,2.41,11.36,5.2,1.41,1.95,0.01,1.5,0.52,0.11,0.05,0.04,0.2,0.04,0.74,0.11,16.0,0.02,2.22,0.03,0.25,20.94,9.0,0.06,6.0,3.83,4.0,
2017-05-11,,0.01,0.15,0.48,37,0.1,3.5,0.74,0.12,,0.03,0.02,7.33,0.12,2.41,11.36,5.2,1.41,1.95,0.01,1.5,0.5,0.11,0.05,0.04,0.2,0.04,0.75,0.11,16.0,0.02,2.22,0.03,0.25,20.94,9.0,0.06,6.0,3.83,4.0,
2017-05-12,,0.01,0.15,0.48,37,0.1,3.5,0.74,0.12,,0.03,0.02,7.33,0.12,2.41,11.38,5.2,1.41,1.95,0.01,1.5,0.5,0.11,0.05,0.04,0.2,0.04,0.75,0.11,15.7,0.02,2.22,0.03,0.25,20.94,9.0,0.06,6.0,3.83,4.0,
2017-05-15,,0.01,0.15,0.48,37,0.1,3.5,0.75,0.12,,0.03,0.02,7.33,0.12,2.42,11.5,5.2,1.43,1.95,0.01,1.49,0.5,0.11,0.05,0.04,0.2,0.04,0.76,0.11,15.8,0.02,2.22,0.03,0.25,20.94,9.0,0.06,6.0,3.83,4.0,
2017-05-16,,0.01,0.15,0.48,37,0.1,3.5,0.75,0.12,,0.03,0.02,7.33,0.12,2.42,11.5,5.21,1.43,1.95,0.01,1.5,0.5,0.11,0.05,0.04,0.2,0.04,0.77,0.11,15.8,0.02,2.22,0.03,0.25,20.94,9.05,0.06,6.0,3.83,4.0,
2017-05-17,,0.01,0.15,0.48,37,0.1,3.66,0.76,0.12,,0.03,0.02,7.3,0.12,2.42,11.5,5.21,1.51,1.95,0.01,1.5,0.5,0.11,0.05,0.04,0.2,0.04,0.77,0.11,15.8,0.02,2.22,0.03,0.25,20.94,9.05,0.06,6.0,3.83,4.0,
2017-05-18,,0.01,0.15,0.48,37,0.1,3.52,0.77,0.12,,0.03,0.02,7.25,0.12,2.42,11.51,5.21,1.53,1.95,0.01,1.5,0.5,0.11,0.05,0.04,0.2,0.04,0.77,0.11,15.83,0.02,2.22,0.03,0.25,20.94,9.05,0.06,6.0,3.83,4.0,
2017-05-19,,0.01,0.15,0.48,37,0.1,3.52,0.77,0.12,,0.03,0.02,7.25,0.12,2.42,11.52,5.21,1.57,1.95,0.01,1.5,0.5,0.11,0.05,0.04,0.2,0.04,0.77,0.11,15.83,0.02,2.22,0.03,0.25,20.94,9.05,0.06,6.0,3.83,4.0,
2017-05-22,,0.01,0.15,0.48,37,0.1,3.53,0.77,0.12,,0.03,0.02,7.25,0.12,2.42,11.52,5.21,1.63,1.95,0.01,1.5,0.5,0.11,0.05,0.04,0.2,0.04,0.77,0.11,16.0,0.02,2.22,0.03,0.25,20.94,9.05,0.06,6.0,3.83,4.0,
2017-05-23,,0.01,0.15,0.48,37,0.1,3.53,0.77,0.12,,0.03,0.02,7.25,0.12,2.42,11.52,5.21,1.61,1.95,0.01,1.5,0.5,0.11,0.05,0.04,0.2,0.04,0.77,0.11,16.0,0.02,2.22,0.03,0.25,20.94,9.0,0.06,6.0,3.83,4.0,
2017-05-24,,0.01,0.15,0.48,37,0.1,3.55,0.77,0.12,,0.03,0.02,7.25,0.12,2.42,11.52,5.22,1.61,1.95,0.01,1.5,0.5,0.11,0.05,0.04,0.2,0.04,0.76,0.11,16.0,0.02,2.22,0.03,0.25,20.94,9.0,0.06,6.0,3.83,4.0,
2017-05-26,,0.01,0.15,0.48,37,0.1,3.55,0.77,0.12,,0.03,0.02,7.25,0.12,2.42,11.52,5.24,1.63,1.95,0.01,1.5,0.5,0.11,0.05,0.04,0.2,0.04,0.76,0.13,16.0,0.02,2.22,0.03,0.25,20.94,9.0,0.06,6.0,3.83,4.0,
2017-05-29,,0.01,0.15,0.48,37,0.1,3.56,0.77,0.12,,0.03,0.02,7.25,0.12,2.42,11.53,5.24,1.63,1.95,0.01,1.5,0.5,0.11,0.05,0.04,0.2,0.04,0.76,0.13,16.0,0.02,2.22,0.03,0.25,20.94,9.02,0.06,6.0,3.83,4.0,
2017-05-30,,0.01,0.15,0.48,37,0.1,3.56,0.77,0.12,,0.03,0.02,7.25,0.11,2.42,11.53,5.23,1.64,1.95,0.01,1.5,0.5,0.11,0.05,0.04,0.2,0.04,0.76,0.13,16.06,0.02,2.22,0.03,0.25,20.94,9.0,0.06,6.0,3.83,4.0,
2017-05-31,,0.01,0.15,0.48,37,0.1,3.56,0.77,0.12,,0.03,0.02,7.25,0.11,2.42,11.53,5.23,1.65,1.95,0.01,1.5,0.5,0.11,0.05,0.04,0.2,0.04,0.76,0.13,16.08,0.02,2.22,0.03,0.25,20.94,9.0,0.06,6.0,3.83,4.0,
2017-06-01,,0.01,0.15,0.48,37,0.1,3.56,0.77,0.12,,0.03,0.02,7.25,0.11,2.42,11.54,5.23,1.63,1.95,0.01,1.5,0.5,0.11,0.05,0.04,0.2,0.04,0.76,0.13,16.1,0.02,2.22,0.03,0.25,20.94,9.0,0.06,6.0,3.83,4.0,
2017-06-02,,0.01,0.15,0.48,37,0.1,3.56,0.77,0.12,,0.03,0.02,7.25,0.11,2.42,11.54,5.23,1.63,1.95,0.01,1.5,0.5,0.1,0.05,0.04,0.2,0.04,0.76,0.13,16.1,0.02,2.22,0.03,0.25,20.94,9.0,0.06,6.0,3.83,4.0,
2017-06-05,,0.01,0.15,0.48,37,0.1,3.56,0.77,0.12,,0.03,0.02,7.25,0.11,2.42,11.54,5.23,1.64,1.95,0.01,1.5,0.5,0.1,0.05,0.04,0.2,0.04,0.76,0.13,16.1,0.02,2.2,0.03,0.25,20.94,9.0,0.06,6.0,3.83,4.0,
2017-06-06,,0.01,0.15,0.48,37,0.1,3.56,0.77,0.12,,0.03,0.02,7.25,0.11,2.42,11.55,5.23,1.67,1.95,0.01,1.5,0.48,0.1,0.05,0.04,0.2,0.04,0.76,0.13,16.11,0.02,2.2,0.03,0.25,20.94,9.0,0.06,6.0,3.83,3.8,
2017-06-07,,0.01,0.15,0.48,37,0.1,4.0,0.78,0.12,,0.03,0.02,7.25,0.11,2.42,11.56,5.22,1.67,1.95,0.01,1.5,0.5,0.1,0.05,0.04,0.2,0.04,0.76,0.13,16.11,0.02,2.22,0.03,0.25,20.94,9.0,0.06,6.0,3.83,3.8,
2017-06-08,,0.01,0.15,0.48,37,0.1,4.0,0.8,0.12,,0.03,0.02,7.25,0.11,2.4,11.57,5.22,1.68,1.95,0.01,1.5,0.5,0.1,0.05,0.04,0.2,0.04,0.76,0.13,16.12,0.02,2.22,0.03,0.25,20.94,8.9,0.06,6.0,3.83,3.8,
2017-06-09,,0.01,0.15,0.48,37,0.1,4.0,0.8,0.12,,0.03,0.02,7.13,0.11,2.4,11.57,5.2,1.7,1.95,0.01,1.5,0.5,0.1,0.05,0.04,0.2,0.04,0.76,0.13,16.12,0.02,2.22,0.03,0.25,20.94,8.9,0.06,6.0,3.83,3.8,
2017-06-12,,0.01,0.15,0.48,37,0.1,4.0,0.8,0.12,,0.03,0.02,7.01,0.11,2.4,11.59,5.2,1.71,1.95,0.01,1.5,0.5,0.1,0.05,0.04,0.2,0.04,0.76,0.13,16.12,0.02,2.22,0.03,0.25,20.94,8.9,0.06,6.0,3.83,3.8,
2017-06-13,,0.01,0.15,0.48,37,0.1,4.01,0.8,0.12,,0.03,0.02,7.0,0.11,2.4,11.6,5.2,1.72,1.95,0.01,1.5,0.5,0.1,0.05,0.04,0.2,0.04,0.76,0.13,16.21,0.02,2.2,0.03,0.25,20.94,8.9,0.06,6.0,3.83,3.8,
2017-06-14,,0.01,0.15,0.48,37,0.1,4.01,0.81,0.12,,0.03,0.02,7.0,0.11,2.4,11.6,5.2,1.75,1.95,0.01,1.5,0.5,0.1,0.05,0.04,0.2,0.04,0.76,0.13,16.5,0.02,2.22,0.03,0.25,20.94,8.9,0.06,6.0,3.83,3.8,
2017-06-15,,0.01,0.16,0.48,37,0.1,4.2,0.82,0.12,,0.03,0.02,7.01,0.11,2.39,11.65,5.2,1.77,1.95,0.01,1.49,0.5,0.1,0.05,0.04,0.2,0.04,0.77,0.13,16.56,0.02,2.22,0.03,0.25,20.94,8.9,0.06,6.0,3.83,3.8,
2017-06-16,,0.01,0.16,0.48,37,0.1,4.2,0.82,0.12,,0.03,0.02,7.01,0.11,2.39,11.7,5.2,1.78,1.95,0.01,1.49,0.5,0.1,0.05,0.04,0.2,0.04,0.76,0.13,16.61,0.02,2.22,0.03,0.25,20.94,8.9,0.06,6.0,3.83,4.0,
2017-06-19,,0.01,0.16,0.48,37,0.1,4.2,0.82,0.12,,0.03,0.02,7.0,0.11,2.39,11.71,5.2,1.78,1.95,0.01,1.49,0.5,0.1,0.05,0.04,0.2,0.04,0.76,0.13,16.61,0.02,2.22,0.03,0.25,20.94,9.0,0.06,6.0,3.83,4.0,
2017-06-20,,0.01,0.16,0.48,37,0.1,4.2,0.82,0.12,,0.03,0.02,7.0,0.11,2.38,11.74,5.2,1.8,1.95,0.01,1.49,0.5,0.1,0.05,0.04,0.2,0.04,0.77,0.13,16.61,0.02,2.22,0.03,0.25,20.94,9.0,0.06,6.0,3.83,4.0,
2017-06-21,,0.01,0.16,0.48,37,0.1,4.2,0.82,0.12,,0.03,0.02,7.0,0.11,2.39,11.75,5.2,1.8,1.95,0.01,1.49,0.5,0.1,0.05,0.04,0.2,0.04,0.76,0.11,16.78,0.02,2.22,0.03,0.25,20.94,9.0,0.06,6.0,3.83,4.0,
2017-06-22,,0.01,0.16,0.48,37,0.1,4.31,0.83,0.12,,0.03,0.02,7.0,0.11,2.39,11.75,5.2,1.8,1.95,0.01,1.49,0.5,0.1,0.05,0.04,0.2,0.04,0.76,0.11,16.78,0.02,2.22,0.03,0.25,20.94,9.0,0.07,6.0,3.83,4.0,
2017-06-23,,0.01,0.16,0.48,37,0.1,4.31,0.85,0.12,,0.03,0.02,7.0,0.12,2.39,11.75,5.2,1.8,1.95,0.01,1.49,0.5,0.1,0.05,0.04,0.2,0.04,0.76,0.11,16.78,0.02,2.22,0.03,0.25,20.94,9.0,0.07,6.0,3.83,4.0,
2017-06-27,,0.01,0.16,0.48,37,0.1,4.31,0.85,0.12,,0.03,0.02,7.0,0.12,2.39,11.77,5.2,1.8,1.95,0.01,1.49,0.55,0.1,0.05,0.04,0.2,0.04,0.75,0.11,16.78,0.02,2.22,0.03,0.25,20.94,9.0,0.07,6.0,3.83,3.8,
2017-06-28,,0.01,0.16,0.48,37,0.1,4.31,0.85,0.12,,0.03,0.02,7.0,0.12,2.38,11.77,5.2,1.82,1.95,0.01,1.49,0.55,0.1,0.05,0.04,0.2,0.04,0.75,0.11,16.93,0.02,2.22,0.03,0.25,20.94,9.0,0.07,6.0,3.83,3.8,
2017-06-29,,0.01,0.16,0.48,37,0.1,4.32,0.85,0.12,,0.03,0.02,7.0,0.12,2.38,11.78,5.2,1.82,1.95,0.01,1.49,0.55,0.1,0.05,0.04,0.2,0.04,0.75,0.11,16.93,0.02,2.22,0.03,0.25,20.94,9.0,0.07,6.0,3.83,3.8,
2017-06-30,,0.01,0.16,0.48,37,0.1,4.4,0.85,0.12,,0.03,0.02,7.0,0.13,2.39,11.82,5.2,1.87,1.95,0.01,1.49,0.55,0.1,0.05,0.04,0.2,0.04,0.75,0.11,17.04,0.02,2.22,0.03,0.25,20.94,9.0,0.07,6.0,3.83,3.8,
2017-07-04,,0.01,0.16,0.48,37,0.1,4.41,0.85,0.12,,0.03,0.02,7.0,0.13,2.39,11.82,5.2,1.88,1.95,0.01,1.45,0.55,0.1,0.05,0.04,0.2,0.04,0.75,0.11,17.04,0.02,2.23,0.03,0.25,20.94,9.0,0.07,6.0,3.83,3.8,
2017-07-05,,0.01,0.16,0.48,37,0.1,4.41,0.85,0.12,,0.03,0.02,7.0,0.13,2.39,11.86,5.2,1.9,1.95,0.01,1.45,0.55,0.1,0.05,0.04,0.2,0.04,0.75,0.11,17.51,0.02,2.23,0.03,0.25,20.94,9.0,0.07,6.0,3.83,3.8,
2017-07-06,,0.01,0.16,0.48,37,0.1,4.41,0.85,0.12,,0.03,0.02,7.0,0.13,2.4,11.86,5.2,1.94,1.95,0.01,1.45,0.55,0.1,0.05,0.04,0.2,0.04,0.75,0.12,17.51,0.02,2.22,0.03,0.25,20.94,9.0,0.07,6.0,3.83,3.8,
2017-07-07,,0.01,0.16,0.48,37,0.1,4.41,0.85,0.12,,0.03,0.02,7.0,0.14,2.4,11.86,5.2,1.97,1.95,0.01,1.45,0.56,0.1,0.05,0.04,0.2,0.04,0.75,0.12,17.82,0.02,2.22,0.03,0.25,20.94,9.0,0.07,6.0,3.83,3.8,
2017-07-10,,0.01,0.16,0.48,37,0.1,4.52,0.85,0.12,,0.03,0.02,6.8,0.14,2.4,11.86,5.2,2.02,1.95,0.01,1.45,0.56,0.1,0.05,0.05,0.2,0.04,0.76,0.12,18.01,0.02,2.22,0.03,0.25,20.94,9.0,0.07,6.0,3.83,3.8,
2017-07-11,,0.01,0.16,0.48,37,0.1,4.52,0.86,0.12,,0.03,0.02,7.0,0.14,2.4,12.25,5.2,2.02,1.95,0.01,1.45,0.6,0.1,0.05,0.05,0.2,0.04,0.76,0.12,18.25,0.02,2.22,0.03,0.25,20.94,9.0,0.07,6.0,3.83,3.98,
2017-07-12,,0.01,0.16,0.48,37,0.1,4.52,0.85,0.12,,0.03,0.02,7.0,0.14,2.41,12.25,5.2,2.03,1.95,0.01,1.45,0.65,0.1,0.05,0.05,0.2,0.04,0.76,0.12,19.09,0.02,2.22,0.03,0.25,20.94,9.0,0.07,6.0,3.83,3.98,
2017-07-13,,0.01,0.16,0.48,37,0.1,4.52,0.85,0.12,,0.03,0.02,7.0,0.14,2.41,12.25,5.2,2.03,1.95,0.01,1.45,0.7,0.1,0.05,0.05,0.2,0.04,0.76,0.12,19.09,0.03,2.22,0.03,0.25,20.94,9.0,0.07,6.0,3.83,3.98,
2017-07-14,,0.01,0.16,0.48,37,0.1,4.52,0.85,0.12,,0.03,0.02,6.95,0.14,2.41,12.28,5.2,2.04,1.95,0.01,1.45,0.68,0.1,0.05,0.04,0.2,0.04,0.76,0.12,21.95,0.03,2.22,0.03,0.25,20.94,9.0,0.07,6.0,3.83,3.98,
2017-07-17,,0.01,0.16,0.48,37,0.1,4.52,0.88,0.12,,0.03,0.02,7.0,0.14,2.41,12.42,5.19,2.05,1.9,0.01,1.45,0.71,0.1,0.05,0.04,0.2,0.04,0.76,0.12,23.61,0.03,2.22,0.03,0.25,20.94,9.0,0.07,6.0,3.83,3.98,
2017-07-18,,0.01,0.16,0.48,37,0.1,4.52,0.88,0.12,,0.03,0.02,7.0,0.14,2.41,12.84,5.2,2.06,1.9,0.01,1.45,0.71,0.1,0.05,0.04,0.2,0.04,0.76,0.12,23.71,0.03,2.22,0.03,0.25,20.94,9.0,0.07,6.0,3.83,3.98,
2017-07-19,,0.01,0.16,0.48,37,0.1,5.0,0.88,0.12,,0.03,0.02,7.0,0.14,2.41,13.0,5.2,2.13,1.9,0.01,1.4,0.71,0.1,0.05,0.04,0.2,0.04,0.76,0.12,24.48,0.03,2.22,0.03,0.25,20.94,9.0,0.06,6.0,3.83,3.98,
2017-07-20,,0.01,0.16,0.48,37,0.1,5.01,0.9,0.12,,0.03,0.02,7.0,0.14,2.43,14.4,5.2,2.15,1.9,0.01,1.45,0.73,0.1,0.05,0.04,0.2,0.04,0.76,0.12,25.11,0.04,2.22,0.03,0.25,20.94,9.01,0.07,6.0,3.83,3.98,
2017-07-21,,0.01,0.16,0.48,37,0.1,5.01,0.9,0.12,,0.03,0.02,7.0,0.14,2.43,14.7,5.2,2.18,1.9,0.01,1.43,0.73,0.1,0.05,0.04,0.2,0.04,0.76,0.12,25.63,0.04,2.22,0.03,0.25,20.94,9.01,0.07,6.0,3.83,4.0,
2017-07-24,,0.01,0.16,0.48,37,0.1,5.03,0.9,0.12,,0.03,0.02,7.0,0.14,2.46,14.79,5.15,2.2,1.9,0.01,1.43,0.73,0.1,0.05,0.04,0.2,0.04,0.75,0.12,26.2,0.05,2.22,0.03,0.25,20.94,9.01,0.07,6.0,3.83,4.0,
2017-07-25,,0.01,0.16,0.48,37,0.1,5.03,0.9,0.12,,0.03,0.02,6.98,0.14,2.46,15.49,5.2,2.22,1.9,0.01,1.42,0.73,0.1,0.05,0.04,0.2,0.04,0.75,0.12,26.21,0.05,2.22,0.03,0.25,20.94,9.01,0.07,6.0,3.83,4.0,
2017-07-26,,0.01,0.16,0.48,37,0.1,5.03,0.9,0.12,,0.03,0.02,6.99,0.14,2.46,16.0,5.2,2.29,1.9,0.01,1.45,0.73,0.1,0.05,0.04,0.2,0.04,0.75,0.12,26.21,0.05,2.22,0.03,0.25,20.94,9.01,0.07,6.0,3.83,4.0,
2017-07-27,,0.01,0.16,0.48,37,0.1,5.03,0.9,0.12,,0.03,0.02,7.0,0.14,2.46,16.0,5.15,2.29,1.9,0.01,1.45,0.73,0.1,0.05,0.04,0.2,0.04,0.75,0.12,26.22,0.04,2.22,0.03,0.25,17.8,9.01,0.07,6.0,3.83,4.0,
2017-07-28,,0.01,0.16,0.48,37,0.1,5.03,0.9,0.12,,0.03,0.02,7.0,0.14,2.46,16.07,5.15,2.29,1.9,0.01,1.45,0.73,0.1,0.05,0.04,0.2,0.04,0.75,0.12,26.22,0.04,2.22,0.03,0.25,17.8,9.01,0.07,6.0,3.83,4.0,
2017-07-31,,0.01,0.16,0.48,37,0.1,5.03,0.9,0.12,,0.03,0.02,7.0,0.14,2.46,16.0,5.15,2.3,1.9,0.01,1.45,0.73,0.1,0.05,0.04,0.2,0.04,0.75,0.12,26.22,0.04,2.22,0.03,0.25,17.8,9.01,0.07,6.0,3.83,4.0,
2017-08-01,,0.01,0.16,0.48,37,0.1,5.03,0.9,0.12,,0.03,0.02,7.0,0.13,2.46,16.07,5.15,2.3,1.9,0.01,1.45,0.73,0.1,0.05,0.04,0.2,0.04,0.75,0.12,26.23,0.04,2.22,0.03,0.25,17.8,9.01,0.07,6.0,3.83,4.0,
2017-08-02,,0.01,0.16,0.48,37,0.1,5.03,0.88,0.12,,0.03,0.02,7.0,0.13,2.65,16.07,5.15,2.3,1.9,0.01,1.45,0.73,0.1,0.05,0.04,0.2,0.04,0.75,0.12,26.22,0.04,2.22,0.03,0.25,17.8,9.01,0.07,6.0,3.83,4.0,
2017-08-03,,0.01,0.16,0.48,37,0.1,5.04,0.88,0.12,,0.03,0.02,7.0,0.13,2.65,16.08,5.15,2.3,1.9,0.01,1.45,0.73,0.1,0.05,0.04,0.2,0.04,0.75,0.12,26.22,0.04,2.22,0.03,0.25,17.8,9.01,0.07,6.0,3.83,4.0,
2017-08-04,,0.01,0.16,0.48,37,0.1,5.04,0.88,0.12,,0.03,0.02,7.0,0.15,2.67,16.08,5.15,2.31,1.9,0.01,1.45,0.73,0.1,0.05,0.04,0.2,0.04,0.75,0.12,26.25,0.04,2.22,0.03,0.25,17.8,9.01,0.07,6.0,3.83,4.0,
2017-08-07,,0.01,0.16,0.48,37,0.1,5.04,0.88,0.12,,0.03,0.02,7.0,0.14,2.68,16.08,5.15,2.32,1.9,0.01,1.45,0.73,0.1,0.05,0.04,0.2,0.04,0.75,0.12,26.24,0.04,2.22,0.03,0.25,17.8,9.01,0.07,6.0,3.83,4.0,
2017-08-08,,0.01,0.16,0.48,37,0.1,5.06,0.88,0.12,,0.03,0.02,7.0,0.15,2.68,16.1,5.14,2.29,1.9,0.01,1.45,0.73,0.1,0.05,0.04,0.2,0.04,0.75,0.12,26.25,0.04,2.22,0.03,0.25,17.8,9.02,0.07,6.0,3.83,4.0,
2017-08-09,,0.01,0.16,0.48,37,0.1,5.06,0.9,0.12,,0.03,0.02,7.0,0.15,2.9,16.1,5.15,2.32,1.9,0.01,1.45,0.73,0.1,0.05,0.04,0.2,0.04,0.75,0.12,26.25,0.04,2.22,0.03,0.25,17.8,9.05,0.06,6.0,3.83,4.0,
2017-08-10,,0.01,0.16,0.48,37,0.1,5.08,0.9,0.12,,0.03,0.02,7.0,0.15,2.97,16.1,5.14,2.32,1.9,0.01,1.45,0.73,0.1,0.05,0.05,0.2,0.04,0.75,0.12,26.25,0.04,2.22,0.03,0.25,17.8,9.05,0.06,6.0,3.83,4.0,
2017-08-11,,0.01,0.16,0.48,37,0.1,5.08,0.91,0.12,,0.03,0.02,7.0,0.14,2.97,16.1,5.14,2.29,1.9,0.01,1.4,0.8,0.09,0.05,0.05,0.2,0.04,0.75,0.11,26.3,0.03,2.22,0.03,0.25,17.8,9.05,0.06,6.0,3.83,4.0,
2017-08-14,,0.01,0.16,0.48,37,0.1,5.09,0.91,0.12,,0.03,0.02,7.0,0.14,2.98,16.13,5.14,2.29,1.9,0.01,1.4,0.8,0.09,0.05,0.05,0.2,0.04,0.75,0.11,26.35,0.03,2.22,0.03,0.25,17.8,9.05,0.06,6.0,3.83,4.0,
2017-08-15,,0.01,0.16,0.48,37,0.1,5.12,0.91,0.12,,0.03,0.02,7.0,0.14,2.98,16.13,5.14,2.29,1.9,0.01,1.4,0.85,0.09,0.05,0.05,0.2,0.04,0.75,0.11,26.35,0.03,2.22,0.03,0.25,17.8,9.05,0.06,6.0,3.83,3.5,
2017-08-16,,0.01,0.17,0.48,37,0.1,5.21,0.91,0.12,,0.03,0.02,7.0,0.14,2.98,16.13,5.14,2.3,1.9,0.01,1.4,0.8,0.09,0.05,0.05,0.2,0.04,0.75,0.1,26.39,0.03,2.22,0.03,0.25,17.8,9.05,0.06,6.0,3.83,3.5,
2017-08-17,,0.01,0.17,0.48,37,0.1,5.25,0.91,0.12,,0.03,0.02,7.0,0.14,3.04,16.26,5.14,2.3,1.9,0.01,1.45,0.85,0.09,0.05,0.05,0.2,0.04,0.75,0.1,26.39,0.03,2.22,0.03,0.25,17.8,9.05,0.06,6.0,3.83,3.5,
2017-08-18,,0.01,0.17,0.48,37,0.1,5.3,0.91,0.12,,0.03,0.02,7.0,0.14,3.4,16.26,5.14,2.3,1.9,0.01,1.45,0.85,0.09,0.05,0.05,0.2,0.04,0.75,0.1,26.54,0.03,2.22,0.03,0.25,17.8,9.05,0.06,6.0,3.83,3.5,
2017-08-21,,0.01,0.17,0.48,37,0.1,5.3,0.92,0.12,,0.03,0.02,7.0,0.15,3.65,16.26,5.13,2.3,1.9,0.01,1.45,0.85,0.09,0.05,0.04,0.2,0.04,0.75,0.1,26.55,0.03,2.22,0.03,0.25,17.8,9.06,0.06,6.0,3.83,4.0,
2017-08-22,,0.01,0.16,0.48,37,0.1,5.3,0.95,0.12,,0.03,0.02,7.0,0.15,3.71,16.3,5.13,2.3,1.9,0.01,1.45,0.85,0.09,0.05,0.04,0.2,0.04,0.75,0.11,26.56,0.03,2.22,0.03,0.25,17.8,9.06,0.06,6.0,3.83,4.0,
2017-08-23,,0.01,0.16,0.48,37,0.1,5.3,0.96,0.12,,0.03,0.02,7.0,0.15,3.87,16.36,5.11,2.31,1.9,0.01,1.46,0.9,0.09,0.05,0.04,0.2,0.04,0.75,0.12,26.61,0.04,2.23,0.03,0.25,17.8,9.06,0.06,6.0,3.83,4.0,
2017-08-24,,0.01,0.16,0.48,37,0.1,5.3,0.98,0.12,,0.03,0.02,7.0,0.15,3.98,17.0,5.11,2.32,1.9,0.01,1.46,0.92,0.09,0.05,0.04,0.2,0.04,0.75,0.12,26.6,0.04,2.23,0.03,0.29,17.8,9.06,0.06,6.0,3.83,4.0,
2017-08-25,,0.01,0.16,0.48,37,0.1,5.3,1.0,0.12,,0.03,0.02,7.0,0.14,4.18,17.01,5.1,2.32,1.9,0.01,1.46,1.0,0.09,0.05,0.04,0.2,0.04,0.76,0.12,26.62,0.03,2.25,0.03,0.29,17.8,9.06,0.06,6.0,3.83,4.0,
2017-08-28,,0.01,0.16,0.48,37,0.1,5.3,1.0,0.12,,0.03,0.02,7.0,0.14,4.24,17.01,5.1,2.32,1.9,0.01,1.46,1.0,0.09,0.05,0.04,0.2,0.04,0.76,0.12,26.62,0.03,2.3,0.03,0.29,17.8,9.06,0.06,6.0,3.83,4.0,
2017-08-29,,0.01,0.16,0.48,37,0.1,5.32,1.0,0.12,,0.03,0.02,7.0,0.14,4.55,17.02,5.1,2.31,1.9,0.01,1.46,1.05,0.09,0.05,0.04,0.2,0.04,0.75,0.12,26.61,0.03,2.3,0.03,0.29,17.8,9.06,0.06,6.0,3.83,4.0,
2017-08-30,,0.01,0.16,0.48,37,0.1,5.32,1.0,0.12,,0.03,0.02,7.0,0.14,4.59,17.85,5.1,2.31,1.9,0.01,1.46,1.1,0.09,0.05,0.04,0.2,0.04,0.76,0.12,26.6,0.03,2.3,0.03,0.29,17.8,9.1,0.06,6.0,3.83,4.0,
2017-08-31,,0.01,0.16,0.48,37,0.1,5.32,1.0,0.12,,0.03,0.02,7.0,0.14,5.05,18.0,5.1,2.31,1.9,0.01,1.47,1.2,0.09,0.05,0.04,0.2,0.04,0.76,0.12,26.6,0.03,2.3,0.03,0.29,17.8,9.11,0.06,6.0,3.83,4.0,
2017-09-04,,0.01,0.16,0.48,37,0.1,5.35,1.0,0.12,,0.03,0.02,7.0,0.15,5.06,20.0,5.1,2.31,1.9,0.01,1.47,1.3,0.09,0.05,0.04,0.2,0.04,0.76,0.12,26.49,0.03,2.3,0.03,0.32,17.8,10.42,0.06,6.0,3.83,4.0,
2017-09-05,,0.01,0.16,0.48,37,0.1,5.41,1.0,0.12,,0.03,0.02,7.0,0.16,5.3,20.0,5.07,2.31,1.9,0.01,1.47,1.31,0.09,0.05,0.04,0.2,0.04,0.76,0.12,26.01,0.03,2.3,0.03,0.35,17.8,10.42,0.06,6.0,3.83,4.0,
2017-09-06,,0.01,0.16,0.48,37,0.1,5.42,1.0,0.12,,0.03,0.02,7.0,0.16,5.6,20.0,5.07,2.31,1.9,0.01,1.47,1.31,0.09,0.05,0.04,0.2,0.04,0.76,0.12,26.01,0.03,2.3,0.03,0.35,17.8,10.42,0.06,6.0,3.83,4.0,
2017-09-07,,0.01,0.16,0.48,37,0.1,5.42,1.0,0.12,,0.03,0.02,7.0,0.16,5.42,20.0,5.0,2.32,1.9,0.01,1.47,1.32,0.09,0.05,0.04,0.2,0.04,0.76,0.12,25.49,0.03,2.3,0.03,0.4,17.8,10.42,0.06,6.0,3.83,4.0,
2017-09-08,,0.01,0.16,0.48,37,0.1,5.42,1.0,0.12,,0.03,0.02,7.0,0.16,5.32,20.0,4.5,2.31,1.9,0.01,1.47,1.32,0.09,0.05,0.04,0.2,0.04,0.76,0.12,23.0,0.03,2.3,0.03,0.35,17.8,10.42,0.06,6.0,3.83,4.0,
2017-09-11,,0.01,0.16,0.48,37,0.1,5.42,1.0,0.12,,0.03,0.02,7.0,0.17,5.31,20.0,4.5,2.31,1.9,0.01,1.47,1.32,0.09,0.05,0.05,0.2,0.04,0.76,0.12,22.0,0.03,2.3,0.03,0.35,17.8,10.45,0.06,6.0,3.83,4.0,
2017-09-12,,0.01,0.16,0.48,37,0.1,5.54,1.0,0.11,,0.03,0.02,7.0,0.16,5.31,20.0,4.48,2.31,1.9,0.01,1.47,1.33,0.09,0.05,0.05,0.2,0.04,0.76,0.12,21.01,0.03,2.3,0.03,0.35,17.8,10.45,0.06,6.0,3.83,4.0,
2017-09-13,,0.01,0.16,0.48,37,0.1,5.58,1.01,0.11,,0.03,0.02,7.0,0.15,5.0,20.0,4.44,2.32,1.9,0.01,1.47,1.33,0.09,0.05,0.05,0.2,0.04,0.77,0.12,20.99,0.03,2.3,0.03,0.35,17.8,10.5,0.06,6.0,3.83,4.0,
2017-09-14,,0.01,0.16,0.48,37,0.1,5.61,1.0,0.11,,0.03,0.02,7.0,0.16,5.0,20.0,4.44,2.32,1.9,0.01,1.47,1.34,0.09,0.05,0.05,0.2,0.04,0.76,0.12,20.0,0.03,2.3,0.03,0.35,17.8,10.55,0.06,6.0,3.83,4.0,
2017-09-15,,0.01,0.16,0.48,37,0.1,5.61,1.0,0.11,,0.03,0.02,7.0,0.15,5.0,20.0,4.44,2.32,1.9,0.01,1.47,1.35,0.09,0.05,0.05,0.2,0.04,0.77,0.12,20.0,0.03,2.3,0.03,0.35,17.8,10.55,-,6.0,3.83,4.0,
2017-09-18,,0.01,0.16,0.48,37,0.1,5.65,1.0,0.11,,0.03,0.02,7.0,0.14,5.0,20.0,4.4,2.32,1.9,0.01,1.47,1.35,0.09,0.05,0.04,0.2,0.04,0.77,0.12,19.99,0.03,2.28,0.03,0.35,17.8,10.55,-,6.0,3.83,4.0,
2017-09-19,,0.01,0.16,0.48,37,0.1,5.65,1.0,0.11,,0.03,0.02,7.0,0.14,5.0,20.0,4.4,2.32,1.91,0.01,1.48,1.37,0.09,0.05,0.04,0.2,0.04,0.77,0.12,19.98,0.03,2.29,0.03,0.35,17.8,10.55,-,6.0,3.83,4.0,
2017-09-20,,0.01,0.16,0.48,37,0.1,5.65,1.0,0.11,,0.03,0.02,7.0,0.15,4.99,20.0,4.3,2.32,1.91,0.01,1.5,1.37,0.09,0.05,0.04,0.2,0.04,0.77,0.12,19.97,0.03,2.29,0.03,0.35,17.8,10.55,-,6.0,3.83,4.0,
2017-09-22,,0.01,0.16,0.48,37,0.1,5.66,1.0,0.11,,0.03,0.02,7.0,0.16,4.5,19.9,4.13,2.33,1.91,0.01,1.5,1.37,0.09,0.05,0.04,0.2,0.04,0.77,0.11,19.9,0.03,2.29,0.03,0.35,17.74,10.55,-,6.0,3.83,4.0,
2017-09-25,,0.01,0.16,0.48,37,0.1,5.66,1.0,0.11,,0.03,0.02,7.0,0.17,4.49,19.9,4.13,2.32,1.91,0.01,1.5,1.37,0.09,0.05,0.04,0.2,0.05,0.77,0.11,19.9,0.03,2.29,0.03,0.35,17.74,10.55,-,6.0,3.83,3.4,
2017-09-26,,0.01,0.16,0.48,37,0.1,5.75,1.0,0.11,,0.03,0.02,7.0,0.18,4.1,19.9,4.13,2.32,1.9,0.01,1.52,1.37,0.09,0.05,0.04,0.2,0.05,0.77,0.11,19.71,0.03,2.29,0.03,0.35,17.74,10.55,-,6.0,3.83,3.4,
2017-09-27,,0.01,0.16,0.48,37,0.1,5.8,1.0,0.11,,0.03,0.02,7.0,0.18,4.09,19.9,4.13,2.35,1.9,0.01,1.52,1.39,0.09,0.05,0.04,0.2,0.05,0.77,0.11,19.71,0.03,2.26,0.03,0.35,17.74,10.55,-,6.0,3.83,3.4,
2017-09-28,,0.01,0.16,0.48,37,0.1,5.8,1.0,0.11,,0.03,0.02,7.0,0.18,4.08,19.9,4.13,2.35,1.9,0.01,1.52,1.39,0.09,0.05,0.04,0.2,0.05,0.77,0.11,19.71,0.03,2.26,0.03,0.35,17.74,10.55,-,6.0,3.83,3.4,
2017-09-29,,0.01,0.16,0.48,37,0.1,5.8,1.0,0.11,,0.03,0.02,8.05,0.18,4.08,19.8,4.0,2.36,1.9,0.01,1.52,1.39,0.09,0.05,0.04,0.2,0.05,0.77,0.11,19.71,0.03,2.26,0.03,0.35,17.74,10.55,-,6.0,3.83,3.4,
2017-10-02,,0.01,0.16,0.48,37,0.1,5.8,1.0,0.11,,0.03,0.02,8.05,0.18,4.08,19.8,4.0,2.36,1.9,0.01,1.52,1.39,0.09,0.05,0.04,0.2,0.05,0.77,0.11,19.71,0.03,2.26,0.03,0.35,17.73,10.55,-,6.0,3.83,3.9,
2017-10-03,,0.01,0.16,0.48,37,0.1,5.8,1.0,0.11,,0.03,0.02,7.24,0.18,4.04,19.8,4.01,2.36,1.9,0.01,1.52,1.39,0.09,0.05,0.04,0.2,0.05,0.77,0.11,19.7,0.03,2.26,0.03,0.35,17.73,10.55,-,6.0,3.83,4.0,
2017-10-04,,0.01,0.16,0.48,37,0.1,5.8,1.0,0.11,,0.03,0.02,7.0,0.18,4.04,19.8,4.0,2.36,1.9,0.01,1.52,1.39,0.09,0.05,0.04,0.2,0.05,0.77,0.11,20.0,0.03,2.26,0.03,0.35,17.73,10.55,-,6.0,3.83,4.0,
2017-10-05,,0.01,0.16,0.48,37,0.1,5.9,1.01,0.11,,0.03,0.02,7.09,0.18,4.0,19.63,4.0,2.38,1.9,0.01,1.57,1.39,0.09,0.05,0.04,0.2,0.05,0.77,0.1,20.0,0.03,2.26,0.03,0.35,17.73,10.55,-,6.0,3.83,3.4,
2017-10-06,,0.01,0.16,0.48,37,0.1,5.9,1.01,0.11,,0.03,0.02,7.09,0.18,4.0,19.63,4.0,2.4,1.9,0.01,1.57,1.39,0.09,0.05,0.04,0.2,0.05,0.77,0.1,20.0,0.02,2.26,0.03,0.35,17.73,10.55,-,6.0,3.83,3.4,
2017-10-09,,0.01,0.16,0.48,37,0.1,5.9,1.01,0.11,,0.03,0.02,7.1,0.18,4.0,19.5,4.0,2.4,1.9,0.01,1.57,1.39,0.09,0.05,0.04,0.2,0.05,0.77,0.1,20.0,0.03,2.26,0.03,0.35,17.73,10.55,-,6.0,3.83,3.4,
2017-10-10,,0.01,0.16,0.48,37,0.1,5.9,1.0,0.11,,0.03,0.02,7.1,0.18,4.0,19.49,4.01,2.4,1.9,0.01,1.57,1.39,0.09,0.05,0.04,0.2,0.05,0.77,0.12,20.0,0.03,2.27,0.03,0.35,17.69,10.55,-,6.0,3.83,3.4,
2017-10-11,,0.01,0.16,0.48,37,0.1,5.91,1.0,0.11,,0.03,0.02,7.1,0.18,4.0,19.49,4.0,2.4,1.9,0.01,1.57,1.39,0.09,0.05,0.04,0.2,0.05,0.77,0.12,20.0,0.03,2.32,0.03,0.35,17.69,10.55,-,6.0,3.83,3.4,
2017-10-12,,0.01,0.16,0.48,37,0.1,5.91,1.0,0.11,,0.03,0.02,7.19,0.18,4.0,19.4,4.0,2.4,1.9,0.01,1.57,1.39,0.09,0.05,0.05,0.2,0.05,0.77,0.12,19.67,0.03,2.32,0.03,0.35,17.69,10.55,-,6.0,3.83,3.4,
2017-10-13,,0.01,0.16,0.48,37,0.1,5.91,1.01,0.11,,0.03,0.02,7.2,0.18,3.98,19.4,4.0,2.42,1.9,0.01,1.57,1.38,0.09,0.05,0.05,0.2,0.05,0.77,0.12,19.67,0.03,2.32,0.03,0.35,17.69,10.55,-,6.0,3.83,3.4,
2017-10-16,,0.01,0.16,0.48,37,0.1,5.91,1.01,0.11,,0.03,0.02,7.2,0.18,3.98,19.4,4.0,2.42,1.9,0.01,1.57,1.38,0.09,0.05,0.05,0.2,0.05,0.77,0.12,19.67,0.03,2.32,0.03,0.35,17.69,10.55,-,6.0,3.83,3.4,
2017-10-17,,0.01,0.16,0.48,37,0.1,5.92,1.01,0.11,,0.03,0.02,7.4,0.19,3.97,19.4,4.0,2.43,1.9,0.01,1.57,1.38,0.09,0.05,0.05,0.2,0.05,0.77,0.12,19.66,0.03,2.61,0.03,0.35,17.69,10.56,-,6.0,3.83,3.91,
2017-10-18,,0.01,0.16,0.48,37,0.1,5.92,1.05,0.11,,0.03,0.02,7.43,0.18,3.97,19.4,4.0,2.46,1.9,0.01,1.57,1.38,0.09,0.05,0.06,0.2,0.05,0.77,0.1,19.56,0.03,2.66,0.03,0.35,17.69,10.56,-,6.0,3.83,3.91,
2017-10-19,,0.01,0.16,0.48,37,0.1,6.0,1.05,0.11,,0.03,0.02,7.49,0.18,3.97,19.4,4.0,2.46,1.9,0.01,1.57,1.38,0.09,0.05,0.06,0.2,0.05,0.77,0.1,19.51,0.03,2.69,0.03,0.35,17.69,10.56,-,6.0,3.83,3.91,
2017-10-20,,0.01,0.16,0.48,37,0.1,6.0,1.05,0.11,,0.03,0.02,7.49,0.18,3.97,19.4,3.88,2.46,1.9,0.01,1.57,1.38,0.09,0.05,0.07,0.2,0.05,0.76,0.1,19.51,0.03,2.75,0.03,0.35,17.69,10.56,-,6.0,3.83,3.91,
2017-10-23,,0.01,0.16,0.48,37,0.1,6.0,1.05,0.11,,0.03,0.02,7.49,0.18,3.97,19.4,3.88,2.46,1.9,0.01,1.57,1.38,0.09,0.05,0.07,0.2,0.05,0.76,0.1,19.51,0.03,2.75,0.03,0.35,17.69,10.56,-,6.0,3.83,3.91,
2017-10-24,,0.01,0.16,0.48,37,0.1,5.95,1.05,0.11,,0.03,0.02,7.5,0.18,3.96,19.4,4.0,2.46,1.9,0.01,1.57,1.39,0.09,0.05,0.07,0.2,0.05,0.76,0.1,19.51,0.03,2.99,0.03,0.35,17.69,10.56,-,6.0,3.83,3.91,
2017-10-25,,0.01,0.16,0.48,37,0.1,5.96,1.05,0.11,,0.03,0.02,7.81,0.18,3.96,19.4,4.02,2.48,1.9,0.01,1.67,1.39,0.09,0.05,0.06,0.2,0.05,0.76,0.1,19.55,0.03,3.17,0.03,0.35,17.69,10.6,-,6.0,3.83,3.91,
2017-10-26,,0.01,0.16,0.48,37,0.1,6.0,1.05,0.11,,0.03,0.02,7.58,0.18,3.96,19.4,4.2,2.48,1.9,0.01,1.7,1.39,0.09,0.05,0.06,0.2,0.05,0.76,0.1,19.56,0.03,3.2,0.03,0.35,17.69,10.6,-,6.0,3.83,3.91,
2017-10-27,,0.01,0.16,0.48,37,0.1,6.0,1.05,0.11,,0.03,0.02,7.58,0.18,3.96,19.4,4.2,2.49,1.9,0.01,1.75,1.39,0.09,0.05,0.06,0.2,0.05,0.76,0.1,19.58,0.03,3.2,0.03,0.35,17.69,10.6,-,6.0,3.83,3.91,
2017-10-30,,0.01,0.16,0.48,37,0.1,6.0,1.05,0.11,,0.03,0.02,7.6,0.18,3.96,19.4,4.21,2.49,1.9,0.01,1.75,1.39,0.09,0.05,0.06,0.2,0.05,0.76,0.1,19.58,0.03,3.53,0.03,0.35,17.69,10.6,-,6.0,3.83,3.91,
2017-10-31,,0.01,0.16,0.48,37,0.1,6.0,1.05,0.11,,0.03,0.02,7.59,0.18,3.96,19.39,4.21,2.5,1.9,0.01,1.75,1.39,0.09,0.05,0.06,0.2,0.05,0.76,0.1,19.6,0.03,3.65,0.03,0.35,17.3,10.6,-,6.0,3.83,3.91,
2017-11-01,,0.01,0.16,0.48,37,0.1,6.0,1.05,0.11,,0.03,0.02,7.54,0.18,3.96,19.39,4.21,2.51,1.9,0.01,1.75,1.39,0.09,0.05,0.06,0.2,0.05,0.75,0.1,19.61,0.03,3.65,0.03,0.35,17.3,10.6,-,6.0,3.83,3.91,
2017-11-02,,0.01,0.16,0.48,37,0.1,6.0,1.05,0.11,,0.03,0.02,7.54,0.18,3.95,19.39,4.21,2.52,1.9,0.01,1.76,1.39,0.09,0.05,0.06,0.2,0.05,0.75,0.1,19.61,0.02,3.65,0.03,0.35,17.3,10.99,-,6.0,3.83,3.91,
2017-11-03,,0.01,0.16,0.48,37,0.1,6.0,1.05,0.11,,0.03,0.02,7.54,0.18,3.95,19.3,4.21,2.55,1.9,0.01,1.9,1.39,0.09,0.05,0.06,0.2,0.05,0.74,0.1,19.61,0.02,3.5,0.03,0.35,17.3,10.99,-,6.0,3.83,3.91,
2017-11-06,,0.01,0.16,0.48,37,0.1,6.0,1.05,0.11,,0.03,0.02,7.54,0.18,3.94,19.28,4.21,2.56,1.9,0.01,1.9,1.39,0.09,0.05,0.06,0.2,0.05,0.74,0.1,19.61,0.02,3.5,0.03,0.35,17.28,12.64,-,6.0,3.83,3.91,
2017-11-07,,0.01,0.16,0.48,37,0.1,6.02,1.05,0.11,,0.03,0.02,7.54,0.18,3.96,19.28,4.23,2.56,1.9,0.01,1.9,1.39,0.08,0.05,0.06,0.2,0.05,0.74,0.1,19.62,0.03,3.5,0.03,0.35,17.28,12.64,-,6.0,3.83,3.91,
2017-11-08,,0.01,0.16,0.48,37,0.1,6.0,1.05,0.11,,0.03,0.02,7.54,0.18,3.95,19.28,4.23,2.59,1.9,0.01,1.9,1.39,0.08,0.05,0.06,0.2,0.05,0.75,0.1,19.62,0.02,3.5,0.03,0.35,17.28,12.64,-,6.0,3.83,3.91,
2017-11-09,,0.01,0.16,0.48,37,0.1,6.0,1.05,0.11,,0.03,0.02,7.54,0.17,3.95,19.28,4.23,2.6,1.9,0.01,1.92,1.39,0.08,0.05,0.06,0.2,0.05,0.75,0.1,20.0,0.02,3.5,0.03,0.35,17.28,12.64,-,6.0,3.83,3.91,
2017-11-10,,0.01,0.16,0.48,37,0.1,6.0,1.06,0.11,,0.03,0.02,7.54,0.17,3.95,19.28,4.23,2.6,1.9,0.01,1.92,1.39,0.08,0.05,0.06,0.2,0.05,0.75,0.1,21.5,0.02,3.5,0.03,0.35,17.28,12.64,-,6.0,3.83,3.4,
2017-11-13,,0.01,0.16,0.48,37,0.1,6.02,1.06,0.11,,0.03,0.02,7.55,0.17,3.95,19.28,4.24,2.6,1.9,0.01,1.92,1.39,0.08,0.05,0.06,0.2,0.05,0.75,0.1,21.5,0.02,3.5,0.03,0.35,17.28,12.66,-,6.0,3.83,3.4,
2017-11-14,,0.01,0.16,0.48,37,0.1,6.02,1.06,0.11,,0.03,0.02,7.55,0.17,3.95,19.28,4.26,2.6,1.9,0.01,1.92,1.39,0.08,0.05,0.06,0.2,0.05,0.74,0.1,24.19,0.02,3.5,0.03,0.35,17.28,12.66,-,6.0,3.83,3.4,
2017-11-15,,0.01,0.16,0.48,37,0.1,6.05,1.06,0.11,,0.03,0.02,7.55,0.17,3.95,19.28,4.27,2.6,1.9,0.01,1.92,1.39,0.08,0.05,0.06,0.2,0.05,0.74,0.1,25.04,0.02,3.5,0.03,0.35,17.28,12.66,-,6.0,4.4,3.4,
2017-11-16,,0.01,0.16,0.48,37,0.1,6.05,1.06,0.11,,0.03,0.02,7.55,0.17,3.95,19.28,4.27,2.6,1.9,0.01,1.92,1.39,0.07,0.05,0.06,0.2,0.05,0.74,0.1,25.5,0.02,3.5,0.03,0.35,17.28,12.66,-,6.0,4.8,3.4,
2017-11-17,,0.01,0.16,0.48,37,0.1,6.05,1.06,0.11,,0.03,0.02,7.55,0.17,3.95,19.28,4.27,2.6,1.9,0.01,1.92,1.39,0.07,0.05,0.06,0.2,0.05,0.74,0.1,25.5,0.02,3.5,0.03,0.35,17.28,12.66,-,6.0,4.8,3.57,
2017-11-20,,0.01,0.16,0.48,37,0.1,6.05,1.06,0.11,,0.03,0.02,7.55,0.17,3.95,19.28,4.29,2.6,1.9,0.01,1.92,1.39,0.07,0.05,0.06,0.2,0.05,0.74,0.1,25.5,0.02,3.5,0.03,0.35,17.28,12.66,-,6.0,5.28,4.0,
2017-11-21,,0.01,0.16,0.48,37,0.1,6.05,1.06,0.11,,0.03,0.02,7.55,0.17,3.95,19.28,4.29,2.6,1.9,0.01,1.92,1.39,0.07,0.05,0.06,0.2,0.05,0.74,0.1,25.49,0.02,3.5,0.03,0.35,17.28,12.66,-,6.0,5.28,4.0,
2017-11-22,,0.01,0.16,0.48,37,0.1,6.05,1.06,0.11,,0.03,0.02,7.55,0.17,3.93,19.13,4.3,2.6,1.9,0.01,1.92,1.39,0.07,0.05,0.06,0.2,0.05,0.74,0.1,25.49,0.02,3.5,0.03,0.35,17.28,12.66,-,6.0,5.64,4.0,
2017-11-23,,0.01,0.16,0.48,37,0.1,6.05,1.06,0.11,,0.03,0.02,7.55,0.17,3.88,19.0,4.3,2.61,1.9,0.01,1.92,1.39,0.07,0.05,0.06,0.2,0.05,0.7,0.1,25.49,0.02,3.5,0.03,0.35,17.28,12.8,-,6.0,5.64,4.0,
2017-11-24,,0.01,0.16,0.48,37,0.1,6.05,1.1,0.11,,0.03,0.02,7.55,0.17,3.85,19.0,4.31,2.61,1.9,0.01,1.92,1.39,0.06,0.05,0.06,0.2,0.05,0.7,0.1,25.49,0.02,3.5,0.03,0.35,17.28,12.8,-,5.99,5.64,4.0,
2017-11-27,,0.01,0.16,0.48,37,0.1,6.05,1.1,0.11,,0.03,0.02,7.55,0.16,3.85,18.98,4.31,2.61,1.9,0.01,1.92,1.39,0.06,0.05,0.06,0.2,0.05,0.75,0.09,25.01,0.03,3.5,0.03,0.35,17.28,12.8,-,5.98,5.64,4.0,
2017-11-28,,0.01,0.16,0.48,37,0.1,6.05,1.05,0.11,,0.03,0.02,7.55,0.16,3.85,18.98,4.32,2.64,1.9,0.01,2.05,1.39,0.06,0.05,0.06,0.2,0.05,0.76,0.09,24.0,0.03,3.5,0.03,0.35,17.28,12.8,-,5.98,5.64,4.0,
2017-11-29,,0.01,0.16,0.48,37,0.1,6.05,1.05,0.11,,0.03,0.02,7.55,0.16,3.85,18.0,4.32,2.65,1.9,0.01,2.05,1.39,0.06,0.05,0.06,0.2,0.05,0.76,0.09,24.0,0.03,3.5,0.03,0.35,17.28,12.8,-,5.98,5.64,4.0,
2017-11-30,,0.01,0.16,0.48,37,0.1,6.05,1.05,0.11,,0.03,0.02,7.55,0.16,3.83,18.0,4.5,2.67,1.9,0.01,2.06,1.39,0.06,0.05,0.06,0.2,0.05,0.75,0.09,24.0,0.03,3.5,0.03,0.35,17.2,12.8,-,5.98,5.64,4.0,
2017-12-04,,0.01,0.16,0.48,37,0.1,6.05,1.05,0.11,,0.03,0.02,7.55,0.16,3.83,18.0,4.5,2.65,1.9,0.01,2.06,1.39,0.06,0.05,0.06,0.2,0.05,0.75,0.09,24.0,0.03,3.5,0.03,0.35,17.2,12.8,-,5.98,5.64,4.0,
2017-12-05,,0.01,0.16,0.48,37,0.1,6.1,1.05,0.11,,0.03,0.02,7.55,0.16,3.83,18.0,4.51,2.65,1.9,0.01,2.06,1.39,0.06,0.05,0.06,0.2,0.05,0.75,0.09,24.0,0.03,3.5,0.03,0.35,17.2,12.8,-,5.98,5.64,3.4,
2017-12-06,,0.01,0.16,0.48,37,0.1,6.1,1.1,0.11,,0.03,0.02,7.55,0.16,3.83,18.0,4.53,2.64,1.9,0.01,2.06,1.39,0.06,0.05,0.06,0.2,0.05,0.75,0.09,24.0,0.03,3.5,0.03,0.35,17.2,12.8,-,5.98,5.64,3.4,
2017-12-07,,0.01,0.16,0.48,37,0.1,6.1,1.1,0.11,,0.03,0.02,7.55,0.15,3.83,18.0,4.53,2.64,1.9,0.01,2.06,1.39,0.06,0.05,0.06,0.2,0.05,0.75,0.09,24.0,0.03,3.52,0.03,0.35,17.2,12.8,-,5.98,5.64,3.4,
2017-12-08,,0.01,0.16,0.48,37,0.1,6.1,1.06,0.11,,0.03,0.02,7.55,0.16,3.82,18.0,4.54,2.65,1.9,0.01,2.06,1.39,0.06,0.05,0.06,0.2,0.05,0.75,0.09,24.0,0.03,3.54,0.03,0.35,17.2,12.82,-,5.98,5.64,3.83,
2017-12-11,,0.01,0.16,0.48,37,0.1,6.1,1.06,0.11,,0.03,0.02,7.55,0.16,3.82,18.0,4.6,2.65,1.9,0.01,2.06,1.39,0.06,0.05,0.06,0.2,0.05,0.76,0.09,24.0,0.03,3.54,0.03,0.35,17.2,12.82,-,5.98,5.64,3.83,
2017-12-12,,0.01,0.16,0.48,37,0.1,6.1,1.06,0.11,,0.03,0.02,7.55,0.16,3.82,17.99,4.8,2.65,1.9,0.01,2.06,1.39,0.06,0.05,0.06,0.2,0.05,0.76,0.1,24.0,0.03,3.5,0.03,0.35,17.15,12.83,-,5.98,5.64,3.83,
2017-12-13,,0.01,0.16,0.48,37,0.1,6.1,1.1,0.11,,0.03,0.02,7.55,0.16,3.82,17.71,4.8,2.65,1.9,0.01,2.06,1.39,0.06,0.05,0.06,0.2,0.05,0.76,0.1,24.0,0.03,3.5,0.03,0.35,17.15,12.83,-,5.98,5.64,4.0,
2017-12-14,,0.01,0.16,0.48,37,0.1,6.1,1.09,0.11,,0.03,0.02,7.55,0.16,3.8,17.71,4.82,2.65,1.9,0.01,2.06,1.39,0.06,0.05,0.06,0.2,0.05,0.77,0.1,24.0,0.03,3.5,0.03,0.35,17.15,12.83,-,5.98,5.64,4.0,
2017-12-15,,0.01,0.16,0.48,37,0.1,6.1,1.09,0.11,,0.03,0.02,7.55,0.16,3.8,17.71,4.83,2.65,1.9,0.01,2.06,1.39,0.06,0.05,0.06,0.2,0.05,0.77,0.1,24.0,0.03,3.5,0.03,0.35,17.15,12.83,-,5.98,5.64,4.0,
2017-12-18,,0.01,0.16,0.48,37,0.1,6.1,1.1,0.11,,0.03,0.02,7.56,0.17,3.8,17.71,4.83,2.65,1.9,0.01,2.06,1.39,0.06,0.05,0.06,0.2,0.05,0.78,0.1,24.0,0.03,3.5,0.03,0.35,17.15,12.83,-,5.98,5.64,4.0,
2017-12-19,,0.01,0.16,0.48,37,0.1,6.1,1.1,0.11,,0.03,0.02,7.56,0.17,3.7,17.71,4.99,2.65,1.9,0.01,2.06,1.39,0.06,0.05,0.06,0.2,0.05,0.78,0.1,24.0,0.03,3.5,0.03,0.35,17.15,12.83,-,5.98,5.64,4.0,
2017-12-20,,0.01,0.16,0.48,37,0.1,6.1,1.1,0.11,,0.03,0.02,7.56,0.17,3.7,17.71,5.0,2.65,1.9,0.01,2.06,1.39,0.06,0.05,0.06,0.2,0.05,0.78,0.1,24.0,0.03,3.5,0.03,0.35,17.15,12.83,-,5.98,5.64,4.0,
2017-12-21,,0.01,0.16,0.48,37,0.1,6.1,1.1,0.11,,0.03,0.02,7.56,0.17,3.7,17.71,5.0,2.66,1.9,0.01,2.06,1.39,0.06,0.05,0.06,0.2,0.05,0.79,0.1,24.0,0.03,3.5,0.03,0.35,17.15,12.83,-,5.98,5.84,4.05,
2017-12-22,,0.01,0.16,0.48,37,0.1,6.1,1.1,0.11,,0.03,0.02,7.56,0.17,3.7,17.71,5.0,2.67,1.9,0.01,2.06,1.39,0.06,0.05,0.06,0.2,0.05,0.8,0.1,25.0,0.03,3.5,0.03,0.35,17.15,12.83,-,5.98,5.84,4.05,
2017-12-27,,0.01,0.16,0.48,37,0.1,6.1,1.08,0.11,,0.03,0.02,7.56,0.16,3.7,17.71,5.0,2.68,1.9,0.01,2.06,1.39,0.06,0.05,0.06,0.2,0.05,0.81,0.1,25.0,0.03,3.5,0.03,0.35,17.15,12.83,-,5.98,5.84,4.05,
2017-12-28,,0.01,0.16,0.48,37,0.1,6.11,1.08,0.11,,0.03,0.02,7.56,0.16,3.7,17.71,5.02,2.69,1.9,0.01,2.06,1.39,0.06,0.05,0.06,0.2,0.05,0.82,0.1,25.23,0.03,3.53,0.03,0.35,17.15,12.84,-,5.98,5.84,4.05,
2017-12-29,,0.01,0.16,0.48,37,0.1,6.12,1.08,0.11,,0.03,0.02,7.6,0.16,3.7,17.7,5.05,2.69,1.9,0.01,2.06,1.39,0.06,0.05,0.06,0.2,0.05,0.82,0.1,25.25,0.03,3.53,0.03,0.35,17.15,12.84,-,5.98,5.84,4.05,
2018-01-02,,0.01,0.16,0.48,37,0.1,6.12,1.08,0.11,,0.03,0.02,7.6,0.16,3.7,17.7,5.05,2.69,1.9,0.01,2.06,1.39,0.06,0.05,0.06,0.2,0.05,0.82,0.1,25.25,0.03,3.53,0.03,0.35,17.15,12.84,-,5.98,5.84,4.05,
2018-01-03,,0.01,0.16,0.48,37,0.1,6.12,1.08,0.11,,0.03,0.02,7.6,0.16,3.71,17.7,5.06,2.75,1.9,0.01,2.06,1.39,0.06,0.05,0.06,0.2,0.05,0.82,0.1,25.26,0.03,3.62,0.03,0.35,17.15,12.85,-,5.98,5.84,4.05,
2018-01-04,,0.01,0.16,0.48,37,0.1,6.14,1.09,0.11,,0.03,0.02,7.62,0.16,3.72,17.7,5.11,2.77,1.9,0.01,2.06,1.39,0.06,0.05,0.06,0.2,0.05,0.83,0.1,25.31,0.03,3.66,0.03,0.35,17.15,12.85,-,5.98,5.84,4.05,
2018-01-05,,0.01,0.16,0.48,37,0.1,6.14,1.09,0.11,,0.03,0.02,7.7,0.16,3.73,17.7,5.82,2.78,1.9,0.01,2.06,1.39,0.06,0.05,0.06,0.2,0.05,0.84,0.1,25.36,0.03,4.02,0.03,0.35,17.15,12.85,-,5.98,5.85,4.05,
2018-01-08,,0.01,0.16,0.48,37,0.1,6.14,1.14,0.11,,0.03,0.02,8.0,0.16,3.79,17.8,5.98,2.84,1.9,0.01,2.06,1.39,0.06,0.05,0.06,0.2,0.05,0.84,0.1,25.51,0.03,4.02,0.03,0.35,17.15,12.85,-,5.98,5.9,4.05,
2018-01-09,,0.01,0.16,0.48,37,0.1,6.15,1.15,0.11,,0.03,0.02,8.0,0.16,3.79,17.8,6.01,2.84,1.9,0.01,2.06,1.39,0.06,0.05,0.06,0.2,0.05,0.85,0.1,25.61,0.03,4.03,0.03,0.35,17.15,12.9,-,5.98,5.9,3.5,
2018-01-10,,0.01,0.16,0.48,37,0.1,6.21,1.18,0.11,,0.03,0.02,8.11,0.16,3.85,17.8,6.19,2.88,1.9,0.01,2.1,1.39,0.06,0.05,0.06,0.2,0.05,0.85,0.1,26.09,0.03,4.1,0.03,0.35,17.15,12.9,-,5.98,5.9,3.5,
2018-01-11,,0.01,0.16,0.48,37,0.1,6.21,1.19,0.11,,0.03,0.02,8.16,0.17,3.89,17.8,6.27,2.92,1.9,0.01,2.1,1.39,0.06,0.05,0.06,0.2,0.05,0.9,0.1,26.21,0.03,4.13,0.03,0.35,17.15,12.9,-,5.98,5.92,3.8,
2018-01-12,,0.01,0.16,0.48,37,0.1,6.26,1.17,0.11,,0.03,0.02,8.4,0.18,4.03,17.7,6.52,2.97,1.9,0.01,2.1,1.39,0.06,0.05,0.05,0.2,0.05,0.93,0.1,26.27,0.03,4.21,0.03,0.35,17.15,12.9,-,5.98,5.92,3.8,
2018-01-15,,0.01,0.16,0.48,37,0.1,6.3,1.19,0.11,,0.03,0.02,8.42,0.18,4.06,17.8,6.57,3.01,1.9,0.01,2.1,1.39,0.06,0.05,0.05,0.2,0.05,0.93,0.1,26.36,0.03,4.8,0.03,0.35,17.15,12.9,-,5.98,5.92,3.8,
2018-01-16,,0.01,0.16,0.48,37,0.1,6.3,1.2,0.11,,0.03,0.02,8.99,0.18,4.1,17.8,6.79,3.06,1.9,0.01,2.1,1.3,0.06,0.05,0.05,0.2,0.05,0.94,0.1,26.4,0.03,4.81,0.03,0.35,17.15,12.9,-,5.98,5.92,3.8,
2018-01-17,,0.01,0.16,0.48,37,0.1,6.32,1.2,0.11,,0.03,0.02,9.0,0.18,4.13,17.79,6.97,3.13,1.9,0.01,2.2,1.3,0.06,0.05,0.05,0.2,0.05,1.05,0.1,26.41,0.03,4.85,0.03,0.35,17.15,13.1,-,5.98,5.92,3.8,
2018-01-18,,0.01,0.16,0.48,37,0.1,6.4,1.2,0.11,,0.03,0.02,9.0,0.18,4.21,17.79,7.01,3.18,1.9,0.01,2.22,1.3,0.05,0.05,0.05,0.2,0.05,1.08,0.1,26.47,0.02,5.0,0.03,0.35,17.15,13.13,-,5.98,5.92,3.8,
2018-01-19,,0.01,0.16,0.48,37,0.1,6.44,1.2,0.11,,0.03,0.02,9.01,0.18,4.21,17.7,7.1,3.23,1.9,0.01,2.22,1.3,0.05,0.05,0.05,0.2,0.05,1.11,0.1,26.6,0.02,5.05,0.03,0.35,17.15,13.13,-,5.98,5.95,3.8,
2018-01-22,,0.01,0.16,0.48,37,0.1,6.44,1.2,0.11,,0.03,0.02,9.04,0.18,4.21,17.7,7.12,3.34,1.9,0.01,2.22,1.3,0.05,0.05,0.05,0.2,0.05,1.2,0.11,26.6,0.03,5.06,0.03,0.35,17.15,13.13,-,5.98,5.95,3.8,
2018-01-23,,0.01,0.16,0.48,37,0.1,6.45,1.2,0.11,,0.03,0.02,9.07,0.18,4.21,17.7,7.25,3.49,1.9,0.01,2.22,1.3,0.05,0.05,0.05,0.2,0.05,1.21,0.11,26.6,0.03,5.12,0.03,0.35,17.15,14.0,-,5.98,5.95,3.8,
2018-01-24,,0.01,0.16,0.48,37,0.1,6.5,1.2,0.11,,0.03,0.02,10.0,0.18,4.26,17.7,7.5,3.5,1.9,0.01,2.22,1.3,0.05,0.05,0.05,0.2,0.05,1.27,0.11,27.71,0.03,5.12,0.03,0.35,17.15,14.0,-,5.98,5.95,3.8,
2018-01-25,,0.01,0.16,0.48,37,0.1,6.5,1.17,0.11,,0.03,0.02,10.0,0.19,4.33,17.7,7.5,3.51,1.9,0.01,2.22,1.3,0.05,0.05,0.05,0.2,0.05,1.26,0.11,28.35,0.03,5.15,0.03,0.35,17.15,13.56,-,5.98,5.95,3.81,
2018-01-26,,0.01,0.16,0.48,37,0.1,6.55,1.17,0.11,,0.03,0.02,10.01,0.18,4.5,17.69,7.5,3.53,1.9,0.01,2.22,1.29,0.05,0.05,0.05,0.2,0.05,1.28,0.13,30.0,0.03,5.15,0.03,0.4,17.15,13.56,-,5.98,5.95,3.81,
2018-01-29,,0.01,0.16,0.48,37,0.1,6.55,1.17,0.11,,0.03,0.02,10.01,0.18,4.47,17.69,7.5,3.53,1.9,0.01,2.22,1.28,0.05,0.05,0.05,0.2,0.05,1.29,0.14,30.0,0.03,5.15,0.03,0.4,17.15,13.56,-,5.98,5.95,3.7,
2018-01-30,,0.01,0.16,0.48,37,0.1,6.58,1.17,0.11,,0.03,0.02,10.02,0.19,4.47,17.69,7.4,3.55,1.9,0.01,2.22,1.35,0.05,0.05,0.05,0.2,0.05,1.29,0.15,31.0,0.03,5.15,0.03,0.4,17.15,13.56,-,5.98,5.95,3.7,
2018-01-31,,0.01,0.16,0.48,37,0.1,6.62,1.12,0.11,,0.03,0.02,10.1,0.2,4.47,17.69,7.42,3.6,1.9,0.01,2.22,1.35,0.05,0.05,0.05,0.2,0.05,1.31,0.17,31.05,0.03,5.14,0.03,0.4,17.15,14.33,-,5.98,5.95,3.5,
2018-02-01,,0.01,0.16,0.48,37,0.1,6.62,1.12,0.11,,0.03,0.02,11.53,0.19,4.47,17.6,7.41,3.63,1.9,0.01,2.25,1.35,0.05,0.05,0.05,0.2,0.05,1.33,0.2,31.12,0.03,5.14,0.03,0.4,17.15,14.33,-,5.98,5.95,3.5,
2018-02-02,,0.01,0.16,0.48,37,0.1,6.65,1.12,0.11,,0.03,0.02,11.76,0.19,4.48,16.5,7.4,3.69,1.9,0.01,2.29,1.35,0.05,0.05,0.05,0.2,0.05,1.34,0.23,31.62,0.02,5.14,0.03,0.4,17.15,14.33,-,5.98,5.95,3.5,
2018-02-05,,0.01,0.15,0.48,37,0.1,6.7,1.12,0.11,,0.03,0.02,11.86,0.19,4.48,16.5,7.4,3.8,1.9,0.01,2.3,1.35,0.05,0.05,0.06,0.2,0.05,1.35,0.26,31.7,0.02,5.14,0.03,0.4,17.15,15.87,-,5.98,5.95,3.5,
2018-02-06,,0.01,0.15,0.48,37,0.1,6.73,1.15,0.11,,0.03,0.02,12.0,0.19,4.48,16.5,7.34,3.83,1.9,0.01,2.3,1.34,0.05,0.05,0.06,0.2,0.05,1.36,0.3,31.97,0.02,5.14,0.03,0.4,17.15,16.0,-,5.98,5.95,3.5,
2018-02-07,,0.01,0.15,0.48,37,0.1,6.73,1.15,0.11,,0.03,0.02,11.86,0.21,4.5,16.5,7.19,3.83,1.9,0.01,2.3,1.34,0.06,0.05,0.06,0.2,0.05,1.38,0.35,33.66,0.02,5.1,0.03,0.4,17.15,16.0,-,5.98,5.95,3.85,
2018-02-08,,0.01,0.15,0.48,37,0.1,6.74,1.2,0.11,,0.03,0.02,11.9,0.22,4.5,16.5,7.15,3.85,1.9,0.01,2.3,1.34,0.07,0.05,0.05,0.2,0.05,1.38,0.4,33.83,0.02,5.1,0.03,0.4,17.15,16.0,-,5.98,5.95,3.85,
2018-02-09,,0.01,0.15,0.48,37,0.1,6.75,1.2,0.11,,0.03,0.02,11.9,0.23,4.5,16.5,7.1,3.85,1.9,0.01,2.3,1.34,0.07,0.05,0.05,0.2,0.05,1.4,0.4,33.5,0.02,5.09,0.03,0.4,17.15,16.0,-,5.98,5.95,3.85,
2018-02-12,,0.01,0.15,0.48,37,0.1,6.77,1.21,0.11,,0.03,0.02,11.85,0.24,4.5,16.5,7.1,3.85,1.9,0.01,2.3,1.34,0.07,0.05,0.04,0.2,0.05,1.42,0.36,33.99,0.02,5.09,0.03,0.4,17.15,16.0,-,5.98,5.95,3.85,
2018-02-13,,0.01,0.15,0.48,37,0.1,6.78,1.27,0.11,,0.03,0.02,11.85,0.25,4.5,17.65,7.1,3.85,1.9,0.01,2.35,1.34,0.08,0.05,0.05,0.2,0.05,1.42,0.36,33.99,0.03,5.09,0.03,0.4,17.15,16.11,-,5.98,5.95,3.85,
2018-02-14,,0.01,0.15,0.48,37,0.1,6.78,1.26,0.11,,0.03,0.02,11.8,0.25,4.5,17.65,7.1,3.86,1.9,0.01,2.35,1.34,0.08,0.05,0.06,0.2,0.05,1.47,0.36,34.0,0.03,5.05,0.03,0.4,17.14,16.14,-,5.98,5.95,3.85,
2018-02-15,,0.01,0.13,0.48,37,0.1,6.78,1.26,0.11,,0.03,0.02,11.85,0.26,4.97,17.65,7.1,3.86,1.9,0.01,2.35,1.3,0.07,0.05,0.06,0.2,0.05,1.53,0.36,34.01,0.02,5.03,0.03,0.4,17.14,16.17,-,5.98,5.95,3.87,
2018-02-16,,0.01,0.13,0.48,37,0.1,6.81,1.26,0.11,,0.03,0.02,11.85,0.27,4.97,17.64,7.09,3.99,1.9,0.01,2.35,1.3,0.07,0.05,0.06,0.2,0.05,1.6,0.37,34.02,0.02,5.03,0.03,0.4,17.14,16.17,-,5.98,5.95,3.87,
2018-02-19,,0.01,0.13,0.48,37,0.1,6.84,1.26,0.11,,0.03,0.02,11.8,0.27,5.0,17.6,7.03,4.05,1.9,0.01,2.35,1.3,0.08,0.05,0.05,0.2,0.05,1.64,0.37,34.02,0.02,5.02,0.03,0.4,17.14,16.19,-,5.98,5.95,3.87,
2018-02-20,,0.01,0.13,0.48,37,0.1,6.9,1.26,0.11,,0.03,0.02,11.7,0.27,5.0,17.6,7.03,3.99,1.9,0.01,2.36,1.22,0.07,0.05,0.05,0.2,0.05,1.68,0.37,34.32,0.02,5.02,0.03,0.4,17.14,16.21,-,5.98,5.95,3.85,
2018-02-21,,0.01,0.13,0.48,37,0.1,6.9,1.26,0.13,,0.03,0.02,11.7,0.27,5.0,17.6,6.96,4.05,1.9,0.01,2.36,1.2,0.07,0.05,0.05,0.2,0.05,1.68,0.37,34.33,0.02,5.02,0.03,0.4,17.14,16.25,-,5.98,5.95,3.85,
2018-02-22,,0.01,0.13,0.48,37,0.1,6.93,1.27,0.14,,0.03,0.02,11.7,0.26,4.99,17.59,6.89,4.05,1.9,0.01,2.38,1.2,0.07,0.05,0.05,0.23,0.05,1.69,0.38,34.29,0.02,5.02,0.03,0.4,17.14,16.25,-,5.98,5.95,3.85,
2018-02-23,,0.01,0.13,0.48,37,0.1,6.94,1.27,0.15,,0.03,0.02,11.69,0.28,4.97,17.58,6.8,4.05,1.9,0.01,2.4,1.2,0.07,0.05,0.04,0.25,0.05,1.7,0.38,34.3,0.02,5.0,0.03,0.4,17.14,16.25,-,5.98,5.95,3.8,
2018-02-26,,0.01,0.13,0.48,37,0.1,6.95,1.27,0.15,,0.03,0.02,11.69,0.27,4.96,17.59,6.8,4.06,1.9,0.01,2.41,1.2,0.07,0.05,0.04,0.25,0.05,1.7,0.38,34.5,0.02,5.0,0.03,0.4,17.14,16.26,-,5.98,5.95,3.8,
2018-02-27,,0.01,0.13,0.48,37,0.1,6.96,1.28,0.15,,0.03,0.02,11.65,0.27,4.96,17.59,6.8,4.07,1.9,0.01,2.41,1.2,0.08,0.05,0.05,0.25,0.05,1.7,0.37,34.5,0.02,4.98,0.03,0.4,17.14,16.26,-,5.98,5.95,3.8,
2018-02-28,,0.01,0.13,0.48,37,0.1,6.97,1.28,0.15,,0.03,0.02,11.65,0.27,4.93,17.58,6.74,4.07,1.9,0.01,2.41,1.2,0.08,0.05,0.05,0.25,0.05,1.74,0.38,34.43,0.02,4.98,0.03,0.4,17.14,16.26,-,5.98,5.95,4.0,
2018-03-01,,0.01,0.13,0.48,37,0.1,6.97,1.29,0.15,,0.03,0.02,11.6,0.26,4.89,17.58,6.7,4.08,1.9,0.01,2.5,1.31,0.08,0.05,0.05,0.25,0.05,1.8,0.38,34.43,0.03,4.98,0.03,0.4,17.14,16.26,-,5.98,5.95,4.0,
2018-03-02,,0.01,0.13,0.48,37,0.1,6.97,1.29,0.16,,0.03,0.02,11.6,0.25,4.89,17.58,6.05,4.08,1.9,0.01,2.5,1.17,0.08,0.05,0.05,0.28,0.05,1.9,0.38,34.5,0.03,4.97,0.03,0.4,17.14,16.26,-,5.98,5.95,4.0,
2018-03-05,,0.01,0.13,0.48,37,0.1,6.99,1.29,0.16,,0.03,0.02,11.6,0.25,4.84,17.58,5.9,4.1,1.9,0.01,2.5,1.02,0.08,0.05,0.05,0.28,0.05,1.94,0.38,34.4,0.02,4.97,0.03,0.4,17.14,16.26,-,5.98,5.95,4.0,
2018-03-07,,0.01,0.13,0.48,37,0.1,7.0,1.3,0.16,,0.03,0.02,11.6,0.25,4.8,17.58,5.5,4.07,1.9,0.01,2.5,1.17,0.08,0.05,0.05,0.28,0.05,1.96,0.38,34.4,0.02,4.97,0.03,0.4,17.14,16.27,-,5.98,5.95,4.0,
2018-03-08,,0.01,0.13,0.48,37,0.1,7.02,1.3,0.16,,0.03,0.02,11.6,0.24,4.8,17.58,5.0,4.07,1.9,0.01,2.5,1.18,0.08,0.05,0.05,0.29,0.05,1.96,0.38,34.4,0.02,4.97,0.03,0.4,17.14,16.27,-,5.98,5.95,4.0,
2018-03-09,,0.01,0.13,0.48,37,0.1,7.02,1.29,0.16,,0.03,0.02,11.6,0.22,4.8,17.58,4.75,4.1,1.9,0.01,2.52,1.2,0.08,0.05,0.05,0.3,0.05,2.0,0.38,34.5,0.02,4.97,0.03,0.4,17.14,16.27,-,5.98,5.95,4.0,
2018-03-12,,0.01,0.13,0.48,37,0.1,7.02,1.28,0.16,,0.03,0.02,11.6,0.21,4.8,17.58,4.72,4.07,1.9,0.01,2.55,1.2,0.08,0.05,0.05,0.3,0.05,2.0,0.38,34.42,0.02,4.97,0.03,0.4,17.14,16.27,-,5.98,5.95,4.0,
2018-03-13,,0.01,0.13,0.48,37,0.1,7.06,1.24,0.16,,0.03,0.02,11.6,0.2,4.85,17.5,4.71,4.08,1.9,0.01,2.55,1.2,0.08,0.05,0.05,0.33,0.05,2.01,0.37,34.5,0.02,4.96,0.03,0.35,17.14,16.3,-,5.98,5.95,4.0,
2018-03-14,,0.01,0.13,0.48,37,0.1,7.07,1.23,0.16,,0.03,0.02,11.15,0.2,4.85,17.52,4.99,4.08,1.9,0.01,2.55,1.2,0.08,0.05,0.05,0.33,0.05,2.02,0.38,34.5,0.02,4.95,0.03,0.3,17.14,16.3,-,5.98,5.95,4.0,
2018-03-15,,0.01,0.13,0.48,37,0.1,7.08,1.23,0.16,,0.03,0.02,11.0,0.2,4.97,17.52,5.22,4.11,1.9,0.01,2.55,1.2,0.08,0.05,0.05,0.33,0.05,2.04,0.38,34.88,0.02,4.95,0.03,0.3,17.14,16.3,-,5.98,5.95,4.0,
2018-03-16,,0.01,0.13,0.48,37,0.1,7.08,1.24,0.16,,0.03,0.02,11.01,0.2,4.83,17.52,5.25,4.15,1.9,0.01,2.55,1.24,0.08,0.05,0.05,0.35,0.05,2.06,0.38,34.88,0.03,4.95,0.03,0.3,17.14,16.3,-,5.98,5.95,4.0,
2018-03-19,,0.01,0.13,0.48,37,0.1,7.08,1.24,0.16,,0.03,0.02,11.1,0.19,4.81,17.5,5.29,4.16,1.9,0.01,2.55,1.24,0.09,0.05,0.05,0.35,0.05,2.08,0.38,34.93,0.03,4.95,0.03,0.3,17.14,16.31,-,5.98,5.95,3.5,
2018-03-20,,0.01,0.13,0.48,37,0.1,7.11,1.24,0.16,,0.03,0.02,11.1,0.19,4.81,17.5,5.82,4.2,1.9,0.01,2.55,1.24,0.09,0.05,0.05,0.35,0.05,2.08,0.38,34.93,0.03,4.97,0.03,0.3,17.14,16.31,-,5.98,5.95,3.8,
2018-03-21,,0.01,0.13,0.48,37,0.1,7.15,1.24,0.16,,0.03,0.02,11.11,0.19,4.8,17.49,5.86,4.28,1.9,0.01,2.55,1.24,0.09,0.05,0.05,0.35,0.05,2.08,0.38,34.93,0.03,5.17,0.03,0.3,17.14,16.31,-,5.98,5.95,4.0,
2018-03-22,,0.01,0.13,0.48,37,0.1,7.15,1.3,0.16,,0.03,0.02,11.19,0.19,4.8,17.49,5.97,4.31,1.9,0.01,2.55,1.24,0.09,0.05,0.05,0.35,0.05,2.08,0.38,34.75,0.03,5.19,0.03,0.3,17.14,16.31,-,5.98,5.95,4.0,
2018-03-23,,0.01,0.11,0.48,37,0.1,7.15,1.31,0.16,,0.03,0.02,11.19,0.19,4.8,17.48,6.01,4.32,1.9,0.01,2.55,1.29,0.1,0.05,0.05,0.37,0.05,2.11,0.38,34.92,0.03,5.2,0.03,0.3,17.14,16.31,-,5.98,5.95,3.53,
2018-03-26,,0.01,0.11,0.48,37,0.1,7.17,1.31,0.16,,0.03,0.02,11.15,0.19,4.81,17.48,6.02,4.33,1.9,0.01,2.55,1.29,0.1,0.05,0.05,0.37,0.05,2.13,0.38,34.91,0.03,5.21,0.03,0.3,17.14,16.8,-,5.98,5.95,3.5,
2018-03-27,,0.01,0.11,0.48,37,0.1,7.17,1.35,0.16,,0.03,0.02,11.15,0.19,4.81,17.48,6.05,4.38,1.9,0.01,2.55,1.29,0.1,0.05,0.04,0.37,0.05,2.15,0.38,35.05,0.03,5.21,0.03,0.3,17.14,16.8,-,5.98,5.95,3.5,
2018-03-28,,0.01,0.11,0.48,37,0.1,7.17,1.47,0.16,,0.03,0.02,11.15,0.19,4.81,17.46,6.05,4.38,1.9,0.01,2.55,1.29,0.1,0.05,0.04,0.37,0.05,2.3,0.38,35.05,0.03,5.21,0.03,0.3,17.14,16.8,-,5.98,5.95,3.8,
2018-03-29,,0.01,0.11,0.48,37,0.1,7.17,1.52,0.16,,0.03,0.02,11.15,0.18,4.82,17.46,6.07,4.99,1.9,0.01,2.55,1.29,0.1,0.05,0.04,0.37,0.05,2.31,0.38,35.1,0.03,5.21,0.03,0.3,17.14,16.8,-,5.98,5.95,3.6,
2018-04-03,,0.01,0.11,0.48,37,0.1,7.17,1.52,0.16,,0.03,0.02,11.15,0.18,4.82,17.46,6.07,4.99,1.9,-,2.55,1.29,0.1,0.05,0.04,0.37,0.05,2.31,0.38,35.1,0.03,5.22,-,0.3,17.14,16.8,-,5.98,5.95,3.6,
2018-04-04,,0.01,0.09,0.48,37,0.1,7.17,1.52,0.16,,0.03,0.02,11.2,0.18,4.82,17.46,6.1,5.0,1.9,-,2.55,1.29,0.1,0.05,0.04,0.37,0.05,2.32,0.39,35.1,0.03,5.25,-,0.3,17.14,16.8,-,5.98,5.95,3.6,
2018-04-05,,0.01,0.09,0.48,37,0.1,7.17,1.61,0.16,,0.03,0.02,11.21,0.19,4.81,17.46,6.1,4.99,1.9,-,2.55,1.29,0.1,0.05,0.05,0.37,0.05,2.33,0.39,35.2,0.03,5.25,-,0.3,17.14,16.83,-,5.98,5.95,3.6,
2018-04-06,,0.01,0.08,0.48,37,0.1,7.17,1.64,0.16,,0.03,0.02,11.2,0.19,4.81,17.46,6.1,4.99,1.9,-,2.56,1.29,0.1,0.05,0.05,0.37,0.05,2.36,0.39,35.2,0.03,5.25,-,0.3,17.14,16.83,-,5.98,5.95,3.6,
2018-04-09,,0.01,0.08,0.48,37,0.1,7.18,1.68,0.16,,0.03,0.02,11.2,0.19,4.81,17.46,6.11,5.0,1.9,-,2.56,1.29,0.1,0.05,0.05,0.38,0.05,2.36,0.39,35.1,0.02,5.25,-,0.3,17.14,16.86,-,5.98,5.95,3.6,
2018-04-10,,0.01,0.08,0.48,37,0.1,7.18,1.71,0.16,,0.03,0.02,11.25,0.19,4.81,17.4,6.11,5.0,1.9,-,2.57,1.29,0.11,0.05,0.05,0.38,0.05,2.37,0.39,35.1,0.02,5.25,-,0.3,17.14,16.86,-,5.98,5.95,3.6,
2018-04-11,,0.01,0.08,0.48,37,0.1,7.18,1.75,0.16,,0.03,0.02,11.25,0.19,4.8,17.27,6.16,5.0,1.9,-,2.57,1.28,0.11,0.05,0.04,0.38,0.05,2.37,0.39,35.1,0.02,5.25,-,0.3,17.14,16.86,-,5.98,5.95,3.6,
2018-04-12,,0.01,0.08,0.48,37,0.1,7.18,1.8,0.16,,0.03,0.02,11.25,0.2,4.79,17.22,6.16,5.0,1.9,-,2.56,1.28,0.11,0.05,0.04,0.38,0.05,2.37,0.39,35.1,0.02,5.25,-,0.3,17.14,16.86,-,5.98,5.95,3.6,
2018-04-13,,0.01,0.08,0.48,37,0.1,7.18,1.85,0.16,,0.03,0.02,11.25,0.2,4.79,17.24,6.49,5.0,1.9,-,2.55,1.28,0.11,0.05,0.04,0.38,0.05,2.38,0.39,35.09,0.02,5.25,-,0.3,17.14,16.86,-,5.98,5.95,3.6,
2018-04-16,,0.01,0.08,0.48,37,0.1,7.18,1.85,0.16,,0.03,0.02,11.3,0.2,4.6,17.24,6.49,5.0,1.9,-,2.55,1.28,0.11,0.05,0.04,0.38,0.05,2.38,0.39,35.09,0.02,5.3,-,0.3,17.14,16.9,-,5.98,5.95,3.6,
2018-04-17,,0.01,0.08,0.48,37,0.1,7.18,1.85,0.16,,0.03,0.02,11.3,0.2,4.59,17.24,6.51,5.01,1.9,-,2.55,1.28,0.11,0.05,0.04,0.38,0.05,2.38,0.39,35.09,0.02,5.3,-,0.3,17.14,16.9,-,5.98,5.95,3.6,
2018-04-18,,0.01,0.08,0.48,37,0.1,7.18,1.85,0.16,,0.03,0.02,11.31,0.21,4.59,17.24,6.51,5.0,1.9,-,2.55,1.28,0.12,0.05,0.04,0.38,0.05,2.38,0.39,35.09,0.02,5.35,-,0.3,17.14,16.9,-,5.98,5.95,3.6,
2018-04-19,,0.01,0.08,0.48,37,0.1,7.18,1.85,0.16,,0.03,0.02,11.31,0.21,4.58,17.6,6.3,5.0,1.9,-,2.55,1.28,0.12,0.05,0.04,0.4,0.05,2.39,0.39,35.1,0.02,5.38,-,0.3,17.14,16.9,-,5.98,5.95,3.6,
2018-04-20,,0.01,0.08,0.48,37,0.1,7.18,1.85,0.16,,0.03,0.02,11.31,0.2,4.57,17.6,6.29,5.0,1.9,-,2.55,1.28,0.12,0.05,0.04,0.42,0.05,2.4,0.39,35.12,0.02,5.38,-,0.3,17.14,16.9,-,5.98,5.95,4.0,
2018-04-23,,0.01,0.08,0.48,37,0.1,7.18,1.85,0.16,,0.03,0.02,11.31,0.2,4.5,17.6,6.29,5.0,1.9,-,2.55,1.28,0.12,0.05,0.04,0.42,0.05,2.1,0.39,35.12,0.02,6.0,-,0.3,17.14,16.9,-,5.98,5.95,4.0,
2018-04-24,,0.01,0.08,0.48,37,0.1,7.19,1.9,0.16,,0.03,0.02,11.38,0.21,4.5,17.6,6.29,5.0,1.9,-,2.55,1.28,0.12,0.05,0.04,0.42,0.05,2.12,0.39,35.12,0.02,6.0,-,0.3,17.14,16.9,-,5.98,5.95,4.0,
2018-04-25,,0.01,0.08,0.48,37,0.1,7.19,1.9,0.16,,0.03,0.02,11.38,0.21,4.48,17.6,6.29,4.95,1.9,-,2.55,1.28,0.12,0.05,0.04,0.42,0.05,2.12,0.39,35.13,0.02,6.0,-,0.3,17.14,16.9,-,5.98,5.95,4.0,
2018-04-26,,0.01,0.08,0.48,37,0.1,7.19,1.97,0.16,,0.03,0.02,11.5,0.21,4.14,17.6,6.3,4.91,1.9,-,2.55,1.28,0.12,0.05,0.04,0.42,0.05,2.12,0.4,35.13,0.02,6.0,-,0.3,17.14,16.9,-,5.98,5.95,4.0,
2018-04-27,,0.01,0.08,0.48,37,0.1,7.19,1.97,0.16,,0.03,0.02,11.5,0.22,4.14,17.6,6.31,4.91,1.9,-,2.56,1.28,0.12,0.05,0.04,0.42,0.05,2.15,0.41,35.0,0.02,6.0,-,0.3,17.14,16.9,-,5.98,5.95,4.0,
2018-04-30,,0.01,0.08,0.48,37,0.1,7.19,1.97,0.16,,0.03,0.02,11.5,0.22,4.14,17.6,6.31,4.9,1.9,-,2.56,1.28,0.12,0.05,0.04,0.42,0.05,2.4,0.41,34.96,0.02,6.0,-,0.3,17.14,16.9,-,5.98,5.95,4.0,
2018-05-02,,0.01,0.08,0.48,37,0.1,7.19,1.95,0.16,,0.03,0.02,11.5,0.22,4.14,17.49,6.32,4.86,1.9,-,2.6,1.28,0.12,0.05,0.04,0.42,0.05,2.4,0.41,34.96,0.02,6.0,-,0.3,17.14,16.9,-,5.98,5.95,4.0,
2018-05-03,,0.01,0.08,0.48,37,0.1,7.19,1.95,0.16,,0.03,0.02,11.55,0.21,4.12,17.47,6.34,4.84,1.9,-,2.6,1.28,0.12,0.05,0.04,0.42,0.05,2.4,0.41,34.9,0.02,6.0,-,0.3,17.14,16.9,-,5.98,5.95,4.0,
2018-05-04,,0.01,0.08,0.48,37,0.1,7.19,1.9,0.15,,0.03,0.02,11.55,0.22,4.08,17.39,6.35,4.82,1.9,-,2.6,1.28,0.12,0.05,0.04,0.42,0.05,2.4,0.41,34.9,0.02,6.0,-,0.3,17.14,16.9,-,5.98,5.95,4.0,
2018-05-07,,0.01,0.08,0.48,37,0.1,7.24,1.89,0.15,,0.03,0.02,11.6,0.23,4.06,17.39,6.35,4.82,1.9,-,2.6,1.28,0.12,0.05,0.04,0.42,0.05,2.4,0.41,34.9,0.02,6.0,-,0.3,17.14,16.94,-,5.98,5.95,4.0,
2018-05-08,,0.01,0.08,0.48,37,0.1,7.24,1.89,0.15,,0.03,0.02,11.65,0.22,4.02,17.39,6.37,4.79,1.9,-,2.6,1.28,0.12,0.05,0.04,0.42,0.05,2.4,0.42,34.89,0.02,6.0,-,0.3,17.14,16.94,-,5.98,5.95,4.0,
2018-05-09,,0.01,0.08,0.48,37,0.1,7.24,1.9,0.15,,0.03,0.02,11.66,0.22,4.0,17.39,6.37,4.8,1.9,-,2.6,1.28,0.12,0.05,0.04,0.42,0.05,2.39,0.42,34.89,0.02,6.0,-,0.3,17.14,16.94,-,5.98,5.95,4.0,
2018-05-10,,0.01,0.08,0.48,37,0.1,7.24,1.85,0.15,,0.03,0.02,11.65,0.22,4.0,17.38,6.38,4.69,1.9,-,2.5,1.28,0.12,0.05,0.04,0.42,0.05,2.34,0.42,34.8,0.02,5.9,-,0.3,17.14,17.5,-,5.98,5.95,4.0,
2018-05-11,,0.01,0.08,0.48,37,0.1,7.23,1.82,0.15,,0.03,0.02,11.65,0.22,4.01,17.38,6.39,4.66,1.9,-,2.5,1.28,0.12,0.05,0.04,0.42,0.05,2.3,0.42,34.8,0.02,5.9,-,0.3,17.14,17.5,-,5.98,5.95,4.0,
2018-05-14,,0.01,0.08,0.48,37,0.1,7.23,1.76,0.15,,0.03,0.02,11.65,0.22,4.01,17.38,6.42,4.5,1.9,-,2.5,1.28,0.12,0.05,0.04,0.44,0.05,2.3,0.42,33.73,0.02,5.9,-,0.3,17.14,17.5,-,5.98,5.95,4.0,
2018-05-15,,0.01,0.09,0.48,37,0.1,7.23,1.73,0.15,,0.03,0.02,11.65,0.23,3.94,17.3,6.49,4.47,1.9,-,2.5,1.28,0.12,0.05,0.03,0.44,0.05,2.24,0.42,33.01,0.02,5.9,-,0.3,17.14,17.5,-,5.98,5.95,4.0,
2018-05-16,,0.01,0.09,0.48,37,0.1,7.23,1.72,0.15,,0.03,0.02,11.65,0.23,3.9,17.3,6.5,4.4,1.9,-,2.5,1.28,0.12,0.05,0.04,0.44,0.05,2.24,0.42,32.45,0.02,5.9,-,0.3,17.14,17.5,-,5.98,5.95,4.0,
2018-05-17,,0.01,0.09,0.48,37,0.1,7.23,1.7,0.15,,0.03,0.02,11.65,0.24,3.9,17.0,6.5,4.38,1.9,-,2.6,1.28,0.12,0.05,0.04,0.44,0.05,2.24,0.42,32.45,0.02,5.9,-,0.3,17.14,17.51,-,5.98,5.95,4.0,
2018-05-18,,0.01,0.09,0.48,37,0.1,7.23,1.7,0.15,,0.03,0.02,11.65,0.24,3.9,16.47,6.5,4.38,1.9,-,2.6,1.28,0.12,0.05,0.04,0.44,0.05,2.22,0.42,32.45,0.02,5.9,-,0.3,17.14,17.51,-,5.98,5.95,4.0,
2018-05-21,,0.01,0.09,0.48,37,0.1,7.23,1.58,0.15,,0.03,0.02,11.65,0.24,3.89,16.47,6.5,4.38,1.9,-,2.6,1.28,0.12,0.05,0.04,0.44,0.05,2.17,0.43,30.0,0.02,5.9,-,0.3,17.14,17.51,-,5.98,5.95,4.0,
2018-05-22,,0.01,0.09,0.48,37,0.1,7.23,1.58,0.15,,0.03,0.02,11.65,0.24,3.88,16.47,6.49,4.38,1.9,-,2.6,1.3,0.12,0.05,0.04,0.44,0.05,2.1,0.42,30.0,0.02,5.9,-,0.3,17.14,17.51,-,5.98,5.95,4.0,
2018-05-23,,0.01,0.09,0.48,37,0.1,7.24,1.54,0.15,,0.03,0.02,11.65,0.23,3.88,16.47,6.45,4.38,1.9,-,2.6,1.3,0.12,0.05,0.04,0.44,0.05,2.1,0.42,30.0,0.02,5.9,-,0.3,17.14,17.51,-,5.98,5.95,4.0,
2018-05-24,,0.01,0.09,0.48,37,0.1,7.24,1.54,0.15,,0.03,0.02,11.65,0.23,3.5,16.47,6.4,4.38,1.9,-,2.6,1.3,0.12,0.05,0.05,0.44,0.05,2.05,0.42,30.0,0.02,5.9,-,0.3,17.14,17.62,-,5.98,5.95,4.0,
2018-05-28,,0.01,0.09,0.48,37,0.1,7.24,1.54,0.15,,0.03,0.02,11.65,0.23,3.45,16.47,6.4,4.38,1.9,-,2.6,1.3,0.12,0.05,0.05,0.44,0.05,2.05,0.42,30.0,0.02,5.9,-,0.3,17.14,17.62,-,5.98,5.95,4.0,
2018-05-29,,0.01,0.09,0.48,37,0.1,7.26,1.53,0.15,,0.03,0.02,11.64,0.21,3.39,16.47,6.38,4.38,1.9,-,2.6,1.3,0.12,0.05,0.05,0.44,0.05,2.04,0.42,30.0,0.02,5.9,-,0.3,17.14,17.63,-,5.98,5.95,4.0,
2018-05-30,,0.01,0.09,0.48,37,0.1,7.27,1.53,0.15,,0.03,0.02,11.64,0.2,3.2,16.46,6.38,4.38,1.9,-,2.6,1.3,0.12,0.05,0.05,0.44,0.05,2.03,0.42,26.02,0.02,5.9,-,0.3,17.14,17.63,-,5.98,5.95,4.0,
2018-05-31,,0.01,0.09,0.48,37,0.1,7.27,1.45,0.15,,0.03,0.02,11.63,0.2,3.0,16.46,6.38,4.38,1.9,-,2.6,1.3,0.12,0.05,0.05,0.44,0.05,2.03,0.42,26.0,0.02,5.1,-,0.3,17.14,17.63,-,5.98,5.95,4.0,
2018-06-01,,0.01,0.09,0.48,37,0.1,7.27,1.45,0.15,,0.03,0.02,11.63,0.19,3.0,16.46,6.3,4.38,1.9,-,2.6,1.3,0.12,0.05,0.05,0.46,0.05,2.01,0.42,28.0,0.01,5.1,-,0.3,17.14,17.63,-,5.98,5.95,4.0,
2018-06-04,,0.01,0.09,0.48,37,0.1,7.28,1.4,0.15,,0.03,0.02,11.5,0.19,3.0,16.29,6.3,4.35,1.9,-,2.6,1.3,0.12,0.05,0.05,0.46,0.05,1.98,0.42,28.0,0.01,5.0,-,0.3,17.14,17.63,-,5.98,5.95,4.0,
2018-06-05,,0.01,0.09,0.48,37,0.1,7.29,1.45,0.15,,0.03,0.02,11.5,0.19,3.0,14.0,6.3,4.3,1.9,-,2.6,1.3,0.12,0.05,0.05,0.46,0.05,1.98,0.42,28.0,0.02,4.5,-,0.3,17.14,17.63,-,5.98,5.95,3.5,
2018-06-06,,0.01,0.09,0.48,37,0.1,7.29,1.45,0.15,,0.03,0.02,11.5,0.19,3.0,13.99,6.2,4.3,1.9,-,2.6,1.31,0.12,0.05,0.05,0.5,0.05,1.9,0.39,27.94,0.02,4.49,-,0.3,17.14,17.65,-,5.98,5.95,3.5,
2018-06-07,,0.01,0.09,0.48,37,0.1,7.29,1.44,0.15,,0.03,0.02,11.3,0.18,3.0,13.8,5.99,4.32,1.9,-,2.6,1.31,0.12,0.05,0.05,0.5,0.05,1.87,0.39,27.98,0.02,4.49,-,0.3,17.14,17.65,-,5.98,5.95,3.5,
2018-06-08,,0.01,0.09,0.48,37,0.1,7.29,1.26,0.15,,0.03,0.02,10.272727272727273,0.18,2.98,13.8,5.94,4.0,1.9,-,2.6,1.31,0.12,0.05,0.05,0.5,0.05,1.87,0.39,27.0,0.02,4.49,-,0.3,17.14,17.65,-,5.98,5.95,3.58,
2018-06-11,,0.01,0.09,0.48,37,0.1,7.29,1.26,0.15,,0.03,0.02,10.23,0.2,3.0,13.8,5.31,3.99,1.9,-,2.6,1.32,0.12,0.05,0.05,0.5,0.05,1.8,0.39,27.02,0.02,4.27,-,0.3,17.13,17.73,-,5.98,5.95,3.4,
2018-06-12,,0.01,0.09,0.48,37,0.1,7.29,1.26,0.15,,0.03,0.02,10.2,0.18,3.0,13.8,5.19,3.95,1.9,-,2.6,1.32,0.12,0.05,0.05,0.5,0.05,1.79,0.39,27.33,0.02,4.05,-,0.3,17.13,17.73,-,5.98,5.95,3.4,
2018-06-13,,0.01,0.09,0.48,37,0.1,7.29,1.26,0.15,,0.03,0.02,10.2,0.18,3.0,13.7,5.19,3.95,1.9,-,2.6,1.32,0.12,0.05,0.05,0.5,0.05,1.72,0.39,27.33,0.02,4.05,-,0.3,17.13,17.73,-,5.98,5.95,3.4,
2018-06-14,,0.01,0.09,0.48,37,0.1,7.29,1.25,0.15,,0.03,0.02,10.2,0.2,3.01,13.7,5.17,3.95,1.9,-,2.6,1.32,0.12,0.05,0.05,0.49,0.05,1.65,0.39,27.33,0.02,4.05,-,0.3,17.13,17.73,-,5.98,5.95,3.4,
2018-06-18,,0.01,0.09,0.48,37,0.1,7.29,1.26,0.15,,0.03,0.02,9.93,0.2,3.02,13.7,5.17,3.95,1.9,-,2.6,1.32,0.12,0.05,0.05,0.49,0.05,1.6,0.39,27.33,0.02,4.05,-,0.3,17.13,17.73,-,5.98,5.95,3.4,
2018-06-19,,0.01,0.09,0.48,37,0.1,7.29,1.26,0.15,,0.03,0.02,9.0,0.19,3.02,13.7,5.17,3.95,1.9,-,2.6,1.32,0.12,0.05,0.05,0.49,0.05,1.6,0.39,27.33,0.02,4.05,-,0.3,17.13,17.73,-,5.98,5.95,3.9,
2018-06-20,,0.01,0.09,0.48,37,0.1,7.29,1.25,0.15,,0.03,0.02,9.0,0.19,3.02,13.7,5.15,4.0,1.9,-,2.6,1.32,0.12,0.05,0.05,0.49,0.05,1.6,0.39,27.33,0.02,4.05,-,0.3,17.13,17.73,-,5.98,5.95,3.9,
2018-06-21,,0.01,0.09,0.48,37,0.1,7.29,1.26,0.15,,0.03,0.02,8.5,0.18,3.02,13.7,5.15,4.0,1.9,-,2.6,1.32,0.12,0.05,0.05,0.49,0.05,1.54,0.39,27.33,0.02,4.0,-,0.3,14.56,17.73,-,5.98,5.95,4.0,
2018-06-22,,0.01,0.09,0.48,37,0.1,7.29,1.22,0.15,,0.03,0.02,9.0,0.21,3.01,13.7,5.15,4.0,1.9,-,2.6,1.32,0.12,0.05,0.05,0.49,0.05,1.36,0.39,27.15,0.02,4.0,-,0.3,14.56,17.73,-,5.98,5.95,4.0,
2018-06-25,,0.01,0.09,0.48,37,0.1,7.29,1.2,0.15,,0.03,0.02,8.49,0.21,3.01,13.7,5.15,4.0,1.9,-,2.6,1.32,0.11,0.05,0.05,0.49,0.05,1.33,0.39,27.0,0.02,4.0,-,0.3,14.56,17.73,-,5.98,5.95,4.0,
2018-06-26,,0.01,0.09,0.48,37,0.1,7.29,1.16,0.15,,0.03,0.02,8.49,0.21,3.01,13.7,5.15,4.0,1.9,-,2.6,1.32,0.11,0.05,0.05,0.49,0.05,1.25,0.39,27.0,0.02,4.0,-,0.3,14.56,17.7,-,5.98,5.95,4.0,
2018-06-27,,0.01,0.09,0.48,37,0.1,7.29,1.25,0.15,,0.03,0.02,8.45,0.2,3.01,13.7,5.18,4.0,1.9,-,2.6,1.32,0.11,0.05,0.05,0.49,0.05,1.26,0.39,27.0,0.02,4.05,-,0.3,14.56,17.7,-,5.98,5.95,4.0,
2018-06-28,,0.01,0.09,0.48,37,0.1,7.29,1.28,0.15,,0.03,0.02,8.45,0.2,3.02,13.7,5.15,4.0,1.9,-,2.6,1.32,0.11,0.05,0.05,0.45,0.05,1.26,0.39,27.0,0.02,4.05,-,0.3,14.56,17.8,-,5.98,5.95,4.0,
2018-06-29,,0.01,0.09,0.48,37,0.1,7.29,1.28,0.15,,0.03,0.02,8.45,0.2,3.02,13.7,5.15,4.0,1.9,-,2.6,1.32,0.11,0.05,0.05,0.45,0.05,1.26,0.39,27.0,0.02,4.05,-,0.3,12.38,17.8,-,5.98,5.95,4.0,
2018-07-03,,0.01,0.09,0.48,37,0.1,7.29,1.3,0.15,,0.03,0.02,8.4,0.2,3.02,13.7,5.2,4.0,1.9,-,2.6,1.32,0.11,0.05,0.05,0.45,0.05,1.26,0.39,27.0,0.02,4.05,-,0.3,12.38,17.81,-,5.98,5.95,4.0,
2018-07-04,,0.01,0.09,0.48,37,0.1,7.29,1.3,0.15,,0.03,0.02,7.65,0.2,3.01,13.7,5.15,4.0,1.9,-,2.6,1.36,0.11,0.05,0.05,0.45,0.05,1.26,0.39,27.04,0.02,4.05,-,0.3,12.38,17.81,-,5.98,5.95,4.0,
2018-07-05,,0.01,0.09,0.48,37,0.1,7.29,1.3,0.15,,0.03,0.02,7.65,0.2,3.01,13.69,5.03,4.0,1.9,-,2.6,1.36,0.11,0.05,0.05,0.45,0.05,1.26,0.39,23.177142857142854,0.02,4.05,-,0.3,12.38,17.81,-,5.98,5.95,4.0,
2018-07-06,,0.01,0.09,0.48,37,0.1,7.29,1.3,0.15,,0.03,0.02,7.6,0.22,3.01,13.69,5.03,4.0,1.9,-,2.6,1.36,0.11,0.05,0.05,0.5,0.05,1.26,0.38,26.6,0.02,4.05,-,0.3,12.38,17.81,-,5.98,5.95,4.0,
2018-07-09,,0.01,0.09,0.48,37,0.1,7.29,1.3,0.15,,0.03,0.02,7.6,0.22,3.01,13.69,5.0,4.0,1.9,-,2.6,1.46,0.11,0.05,0.05,0.5,0.05,1.24,0.38,26.6,0.02,4.05,-,0.3,12.38,17.81,-,5.98,5.95,4.0,
2018-07-10,,0.01,0.09,0.48,37,0.1,7.29,1.3,0.15,,0.03,0.02,8.08,0.21,3.01,13.69,5.03,4.0,1.9,-,2.6,1.46,0.11,0.05,0.04,0.5,0.05,1.24,0.38,26.6,0.02,4.05,-,0.3,12.38,17.81,-,5.98,5.95,4.0,
2018-07-11,,0.01,0.09,0.48,37,0.1,7.29,1.3,0.15,,0.03,0.02,7.5,0.21,3.02,13.69,5.03,4.0,1.9,-,2.6,1.5,0.11,0.05,0.04,0.5,0.05,1.24,0.38,26.0,0.02,4.05,-,0.3,12.38,17.81,-,5.98,5.95,3.97,
2018-07-12,,0.01,0.09,0.48,37,0.1,7.29,1.3,0.15,,0.03,0.02,8.5,0.22,3.02,13.69,5.0,4.0,1.9,-,2.6,1.5,0.11,0.05,0.04,0.5,0.05,1.24,0.38,26.0,0.02,4.05,-,0.3,12.38,17.81,-,5.98,5.95,3.97,
2018-07-13,,0.01,0.09,0.48,37,0.1,7.29,1.3,0.15,,0.03,0.02,8.25,0.22,3.02,13.69,5.0,4.0,1.9,-,2.6,1.5,0.11,0.05,0.04,0.5,0.05,1.24,0.38,26.0,0.02,4.05,-,0.3,12.38,17.81,-,5.98,5.95,3.97,
2018-07-16,,0.01,0.09,0.48,37,0.1,7.29,1.3,0.15,,0.03,0.02,8.25,0.22,3.02,13.68,5.0,4.0,1.9,-,2.6,1.5,0.11,0.05,0.04,0.5,0.05,1.24,0.38,26.0,0.02,4.05,-,0.3,12.38,17.81,-,5.98,5.95,3.97,
2018-07-17,,0.01,0.09,0.48,37,0.1,7.29,1.3,0.15,,0.03,0.02,8.25,0.22,3.02,13.78,5.01,4.0,1.9,-,2.6,1.5,0.11,0.05,0.04,0.5,0.05,1.24,0.38,26.0,0.02,4.0,-,0.3,12.38,17.81,-,5.98,5.95,3.97,
2018-07-18,,0.01,0.09,0.48,37,0.1,7.29,1.29,0.15,,0.03,0.02,8.01,0.22,3.01,13.78,5.01,4.0,1.9,-,2.6,1.5,0.11,0.05,0.04,0.5,0.05,1.24,0.37,26.0,0.02,4.0,-,0.3,12.38,17.81,-,5.98,5.95,3.97,
2018-07-19,,0.01,0.09,0.48,37,0.1,7.29,1.29,0.15,,0.03,0.02,8.17,0.22,3.02,13.78,5.01,4.0,1.9,-,2.6,1.5,0.11,0.05,0.04,0.5,0.05,1.24,0.37,26.0,0.02,4.0,-,0.3,12.38,17.81,-,5.98,5.95,3.97,
2018-07-20,,0.01,0.09,0.48,37,0.1,7.29,1.28,0.15,,0.03,0.02,8.17,0.22,3.02,13.78,5.01,4.0,1.9,-,2.6,1.5,0.11,0.05,0.04,0.5,0.05,1.24,0.37,26.0,0.01,4.0,-,0.3,12.38,17.81,-,5.98,5.95,3.97,
2018-07-23,,0.01,0.09,0.48,37,0.1,7.29,1.29,0.15,,0.03,0.02,8.17,0.22,3.0,13.78,5.01,4.0,1.9,-,2.6,1.5,0.11,0.05,0.04,0.5,0.05,1.24,0.37,26.0,0.01,4.0,-,0.3,12.38,17.81,-,5.98,5.95,3.966789006385578,
2018-07-24,,0.01,0.09,0.48,37,0.1,7.29,1.29,0.15,,0.03,0.02,8.17,0.22,3.03,13.78,5.03,3.99,1.9,-,2.6,1.5,0.11,0.05,0.04,0.5,0.05,1.25,0.37,26.0,0.01,4.0,-,0.3,12.0,17.81,-,5.98,5.95,3.97,
2018-07-25,,0.01,0.09,0.48,37,0.1,7.25,1.27,0.15,,0.03,0.02,8.17,0.22,3.03,13.75,5.03,3.99,1.9,-,2.6,1.48,0.1,0.05,0.04,0.5,0.05,1.25,0.35,26.0,0.01,4.0,-,0.3,12.0,17.81,-,5.98,5.95,3.97,
2018-07-26,,0.01,0.09,0.48,37,0.1,7.25,1.26,0.15,,0.03,0.02,8.18,0.21,3.03,13.76,5.05,3.99,1.9,-,2.52,1.48,0.1,0.05,0.04,0.5,0.05,1.25,0.35,26.0,0.01,4.0,-,0.3,12.0,17.81,-,5.98,5.95,3.97,
2018-07-27,,0.01,0.09,0.48,37,0.1,7.25,1.26,0.15,,0.03,0.02,8.21,0.21,3.03,13.76,5.06,3.99,1.9,-,2.52,1.48,0.1,0.05,0.04,0.5,0.05,1.25,0.35,26.0,0.01,4.1,-,0.3,12.0,17.81,-,5.98,5.95,3.98,
2018-07-30,,0.01,0.09,0.48,37,0.1,7.25,1.27,0.15,,0.03,0.02,8.22,0.21,3.04,13.76,5.06,3.99,1.9,-,2.52,1.48,0.1,0.05,0.04,0.5,0.05,1.24,0.3,25.99,0.01,4.1,-,0.3,12.0,17.81,-,5.98,5.95,3.98,
2018-07-31,,0.01,0.09,0.48,37,0.1,7.24,1.27,0.15,,0.03,0.02,8.23,0.21,3.04,13.76,5.08,3.95,1.9,-,2.52,1.48,0.1,0.05,0.03,0.5,0.05,1.24,0.3,26.0,0.01,4.15,-,0.3,12.0,17.81,-,5.98,5.95,3.98,
2018-08-01,,0.01,0.09,0.48,37,0.1,7.24,1.27,0.15,,0.03,0.02,8.23,0.21,3.05,13.76,5.1,3.95,1.9,-,2.5,1.48,0.1,0.05,0.03,0.5,0.05,1.23,0.3,26.0,0.01,4.15,-,0.3,12.0,17.81,-,5.98,5.95,3.98,
2018-08-02,,0.01,0.09,0.48,37,0.1,7.24,1.27,0.15,,0.03,0.02,8.23,0.22,3.05,13.76,5.1,3.95,1.9,-,2.5,1.48,0.1,0.05,0.03,0.5,0.05,1.22,0.3,26.0,0.01,4.15,-,0.3,12.0,17.81,-,5.98,5.95,3.98,
2018-08-03,,0.01,0.09,0.48,37,0.1,7.24,1.26,0.15,,0.03,0.02,8.25,0.22,3.05,13.76,5.09,3.95,1.9,-,2.5,1.48,0.1,0.05,0.03,0.5,0.05,1.22,0.3,26.0,0.01,4.16,-,0.3,12.0,17.81,-,5.98,5.95,3.98,
2018-08-06,,0.01,0.09,0.48,37,0.1,7.24,1.27,0.15,,0.03,0.02,8.25,0.22,3.05,13.76,5.09,3.95,1.9,-,2.5,1.48,0.1,0.05,0.03,0.5,0.05,1.22,0.3,26.0,0.01,4.16,-,0.3,12.0,17.81,-,5.98,5.95,3.98,
2018-08-07,,0.01,0.09,0.48,37,0.1,7.24,1.26,0.15,,0.03,0.02,8.3,0.22,3.05,13.76,5.1,3.95,1.9,-,2.5,1.48,0.1,0.05,0.03,0.5,0.05,1.23,0.29,26.05,0.01,4.21,-,0.3,12.0,17.81,-,5.98,5.95,3.98,
2018-08-08,,0.01,0.09,0.48,37,0.1,7.24,1.26,0.15,,0.03,0.02,8.3,0.22,3.06,13.76,5.16,3.92,1.9,-,2.5,1.48,0.1,0.05,0.03,0.5,0.05,1.23,0.28,26.06,0.01,4.27,-,0.3,12.0,17.81,-,5.98,5.95,3.98,
2018-08-09,,0.01,0.09,0.48,37,0.1,7.24,1.25,0.15,,0.03,0.02,8.3,0.22,3.1,13.76,5.17,3.94,1.9,-,2.5,1.48,0.1,0.05,0.03,0.5,0.05,1.23,0.28,26.06,0.01,4.31,-,0.3,12.0,17.81,-,5.98,5.95,3.98,
2018-08-10,,0.01,0.09,0.48,37,0.08,7.24,1.23,0.15,,0.03,0.02,8.3,0.25,3.1,13.76,5.17,3.7,1.9,-,2.5,1.48,0.1,0.05,0.03,0.5,0.05,1.23,0.25,25.99,0.01,4.31,-,0.3,12.0,17.81,-,5.98,5.95,3.98,
2018-08-13,,0.01,0.09,0.48,37,0.08,7.24,1.23,0.15,,0.03,0.02,8.3,0.23,3.1,13.76,5.17,3.33,1.9,-,2.5,1.48,0.1,0.05,0.03,0.5,0.05,1.23,0.25,26.02,0.01,4.31,-,0.3,12.0,17.81,-,5.98,5.95,3.5,
2018-08-14,,0.01,0.09,0.48,37,0.08,7.24,1.23,0.15,,0.03,0.02,8.4,0.24,3.11,13.7,5.18,3.29,1.9,-,2.5,1.48,0.1,0.05,0.03,0.5,0.05,1.23,0.25,26.0,0.01,4.31,-,0.3,12.0,17.81,-,5.98,5.95,3.5,
2018-08-15,,0.01,0.09,0.48,37,0.08,7.24,1.23,0.14,,0.03,0.02,8.96,0.25,3.11,13.7,5.18,3.2,1.9,-,2.5,1.48,0.1,0.05,0.03,0.5,0.05,1.23,0.25,26.0,0.01,4.35,-,0.3,12.0,17.81,-,5.98,5.95,3.5,
2018-08-16,,0.01,0.09,0.48,37,0.08,7.24,1.23,0.14,,0.03,0.02,8.96,0.25,3.11,13.7,5.19,3.2,1.9,-,2.5,1.48,0.1,0.05,0.03,0.5,0.05,1.23,0.25,26.0,0.01,4.35,-,0.3,12.0,17.81,-,5.98,5.95,3.5,
2018-08-17,,0.01,0.09,0.48,37,0.08,7.24,1.27,0.14,,0.03,0.02,8.96,0.25,3.11,13.7,5.29,3.2,1.9,-,2.5,1.48,0.1,0.05,0.03,0.5,0.05,1.23,0.25,26.01,0.02,4.35,-,0.3,12.0,17.81,-,5.98,5.95,3.5,
2018-08-20,,0.01,0.09,0.48,37,0.08,7.24,1.27,0.14,,0.03,0.02,8.96,0.25,3.11,13.7,5.3,3.15,1.9,-,2.5,1.48,0.1,0.05,0.04,0.5,0.05,1.23,0.25,26.01,0.02,4.35,-,0.3,12.0,17.81,-,5.98,5.95,3.5,
2018-08-22,,0.01,0.09,0.48,37,0.08,7.24,1.27,0.14,,0.03,0.02,8.98,0.24,3.11,13.7,5.3,3.15,1.9,-,2.5,1.48,0.1,0.05,0.04,0.5,0.05,1.23,0.24,26.0,0.02,4.4,-,0.3,12.0,17.81,-,5.98,5.95,3.8,
2018-08-23,,0.01,0.08,0.48,37,0.08,7.24,1.27,0.14,,0.03,0.02,8.98,0.24,3.11,13.6,5.3,3.15,1.9,-,2.5,1.48,0.1,0.05,0.04,0.5,0.05,1.23,0.24,26.0,0.02,4.51,-,0.3,12.0,17.81,-,5.98,5.95,3.8,
2018-08-24,,0.01,0.08,0.48,37,0.08,7.24,1.27,0.14,,0.03,0.02,8.98,0.23,3.1,13.6,5.32,3.15,1.9,-,2.48,1.48,0.1,0.05,0.04,0.5,0.05,1.22,0.24,26.11,0.02,4.51,-,0.31,12.0,17.81,-,5.98,5.95,3.8,
2018-08-27,,0.01,0.08,0.48,37,0.08,7.24,1.27,0.14,,0.03,0.02,8.97,0.23,3.1,13.6,5.35,3.15,1.9,-,2.48,1.48,0.1,0.05,0.04,0.5,0.05,1.23,0.24,26.15,0.02,4.6,-,0.31,12.0,17.81,-,5.98,5.95,3.8,
2018-08-28,,0.01,0.08,0.48,37,0.08,7.24,1.26,0.14,,0.03,0.02,8.97,0.22,3.09,13.6,5.35,3.0,1.9,-,2.48,1.48,0.1,0.05,0.04,0.5,0.05,1.23,0.24,26.15,0.02,4.6,-,0.26,12.0,17.81,-,5.98,5.95,3.8,
2018-08-29,,0.01,0.08,0.48,37,0.08,7.24,1.25,0.14,,0.03,0.02,8.97,0.21,3.09,13.6,5.35,3.0,1.9,-,2.48,1.48,0.1,0.05,0.04,0.5,0.05,1.21,0.24,26.15,0.02,4.6,-,0.26,12.0,17.81,-,5.98,5.95,3.8,
2018-08-30,,0.01,0.08,0.48,37,0.08,7.24,1.22,0.14,,0.03,0.02,8.97,0.21,3.09,13.58,5.35,3.0,1.9,-,2.48,1.48,0.1,0.05,0.04,0.5,0.05,1.18,0.24,26.15,0.02,4.6,-,0.26,12.0,17.81,-,5.98,5.95,3.4,
2018-08-31,,0.01,0.07,0.48,37,0.08,7.24,1.1,0.12,,0.03,0.02,8.97,0.21,3.09,13.4,5.35,2.99,1.9,-,2.48,1.48,0.09,0.05,0.04,0.5,0.05,1.18,0.22,26.02,0.02,4.63,-,0.26,12.0,17.81,-,5.98,5.95,3.91,
2018-09-03,,0.01,0.07,0.48,37,0.08,7.24,1.01,0.12,,0.03,0.02,8.97,0.21,3.09,13.4,5.35,2.99,1.9,-,2.48,1.48,0.09,0.05,0.04,0.5,0.05,1.18,0.22,26.02,0.02,4.63,-,0.26,12.0,17.81,-,5.98,5.95,3.91,
2018-09-04,,0.01,0.07,0.48,37,0.08,7.24,1.02,0.12,,0.03,0.02,8.97,0.2,3.09,13.4,5.35,2.97,1.9,-,2.48,1.48,0.09,0.05,0.04,0.5,0.05,1.13,0.22,26.02,0.01,4.63,-,0.26,12.0,17.81,-,5.98,5.95,3.91,
2018-09-05,,0.01,0.07,0.48,37,0.08,7.24,1.04,0.12,,0.03,0.02,8.97,0.2,3.07,13.4,5.35,2.97,1.9,-,2.48,1.48,0.09,0.05,0.04,0.5,0.05,1.13,0.22,26.02,0.01,4.66,-,0.26,12.0,17.81,-,5.98,5.95,3.8,0.75
2018-09-06,,0.01,0.07,0.48,37,0.08,7.24,1.2,0.12,,0.03,0.02,8.97,0.2,3.07,13.4,5.35,2.97,1.9,-,2.48,1.48,0.09,0.05,0.04,0.49,0.05,1.1,0.22,26.02,0.01,4.7,-,0.26,12.0,17.81,-,5.98,5.95,3.8,0.75
2018-09-07,,0.01,0.07,0.48,37,0.08,7.0,1.3,0.12,,0.03,0.02,8.5,0.2,3.07,13.4,5.34,2.92,1.9,-,2.41,1.48,0.09,0.05,0.04,0.49,0.05,1.06,0.22,26.03,0.01,4.7,-,0.26,12.0,17.81,-,5.98,5.95,3.8,0.75
2018-09-10,,0.01,0.07,0.48,37,0.08,7.0,1.1,0.12,,0.03,0.02,8.49,0.22,3.07,13.4,5.34,2.97,1.9,-,2.41,1.47,0.09,0.05,0.03,0.49,0.05,1.06,0.22,26.03,0.01,4.7,-,0.26,12.0,17.81,-,5.98,5.95,3.8,0.75
2018-09-11,,0.01,0.07,0.48,37,0.08,7.0,1.19,0.12,,0.03,0.02,8.49,0.21,3.07,13.4,5.34,2.95,1.9,-,2.39,1.47,0.09,0.05,0.03,0.49,0.05,1.06,0.2,26.03,0.01,4.7,-,0.26,12.0,17.81,-,5.98,5.95,3.8,0.76
2018-09-12,,0.01,0.08,0.48,37,0.08,7.0,1.18,0.12,,0.03,0.02,8.13,0.21,3.07,13.4,5.34,2.6,1.9,-,2.39,1.47,0.09,0.05,0.03,0.49,0.05,1.06,0.2,26.03,0.01,4.7,-,0.26,12.0,17.81,-,5.98,5.95,3.8,0.76
2018-09-13,,0.01,0.08,0.48,37,0.08,7.0,1.18,0.12,,0.03,0.02,8.13,0.21,3.07,13.4,5.34,2.6,1.9,-,2.38,1.47,0.09,0.05,0.03,0.48,0.05,1.05,0.2,26.03,0.01,4.7,-,0.26,12.0,17.81,-,5.98,5.95,3.8,0.77
2018-09-14,,0.01,0.08,0.48,37,0.08,7.0,1.18,0.12,,0.03,0.02,8.13,0.21,3.07,13.35,5.34,2.6,1.9,-,2.38,1.47,0.09,0.05,0.03,0.48,0.05,1.04,0.2,26.03,0.01,4.7,-,0.26,12.0,17.81,-,5.98,5.95,3.8,0.78
2018-09-17,,0.01,0.09,0.48,37,0.08,7.0,1.18,0.12,,0.03,0.02,8.13,0.21,3.07,13.35,5.34,2.6,1.9,-,2.38,1.47,0.09,0.05,0.03,0.48,0.05,1.04,0.2,26.03,0.01,4.8,-,0.26,12.0,17.81,-,5.98,5.95,3.8,0.8
2018-09-18,,0.01,0.09,0.48,37,0.08,7.0,1.18,0.12,,0.03,0.02,8.13,0.21,3.07,13.35,5.34,2.6,1.9,-,2.38,1.47,0.09,0.05,0.03,0.48,0.05,1.04,0.19,26.03,0.01,4.8,-,0.26,12.0,17.81,-,5.98,5.95,3.8,0.8
2018-09-19,,0.01,0.09,0.48,37,0.08,7.0,1.18,0.12,,0.03,0.02,8.13,0.21,3.07,13.0,5.34,2.6,1.9,-,2.38,1.47,0.09,0.05,0.03,0.48,0.05,1.04,0.18,26.03,0.01,4.8,-,0.26,12.0,17.81,-,5.98,5.95,3.8,0.8
2018-09-20,,0.01,0.09,0.48,37,0.08,7.0,1.18,0.12,,0.03,0.02,8.13,0.2,3.07,13.0,5.31,2.6,1.9,-,2.38,1.47,0.09,0.05,0.03,0.48,0.05,1.04,0.18,26.0,0.01,4.8,-,0.26,12.0,17.81,-,5.98,5.95,3.8,0.8
2018-09-24,,0.01,0.09,0.48,37,0.08,7.0,1.17,0.12,,0.03,0.02,8.0,0.2,3.07,13.0,5.31,2.6,1.9,-,2.38,1.47,0.09,0.05,0.03,0.48,0.05,1.04,0.18,26.0,0.02,5.5,-,0.26,12.0,17.81,-,5.98,5.95,3.8,0.8
2018-09-25,,0.01,0.09,0.48,37,0.08,7.0,1.17,0.12,,0.03,0.02,8.0,0.2,3.05,12.68,5.31,2.6,1.9,-,2.38,1.45,0.09,0.05,0.03,0.48,0.05,1.04,0.16,26.0,0.02,5.5,-,0.26,12.0,17.81,-,5.98,5.95,3.8,0.84
2018-09-26,,0.01,0.09,0.48,37,0.08,7.0,1.17,0.12,,0.03,0.02,8.0,0.2,3.05,12.34,5.3,2.81,1.9,-,2.38,1.45,0.09,0.05,0.03,0.48,0.05,1.04,0.15,26.0,0.02,5.5,-,0.26,12.0,17.81,-,5.98,5.95,3.8,0.85
2018-09-27,,0.01,0.09,0.48,37,0.08,6.37,1.17,0.1,,0.03,0.02,8.5,0.2,3.05,12.3,5.35,2.81,1.9,-,2.35,1.45,0.09,0.05,0.03,0.48,0.05,1.04,0.15,26.05,0.02,5.5,-,0.28,12.0,17.81,-,5.98,5.95,3.6,0.85
2018-09-28,,0.01,0.08,0.48,37,0.08,6.37,1.17,0.1,,0.03,0.02,8.45,0.2,3.05,12.3,5.35,2.81,1.9,-,2.35,1.45,0.09,0.05,0.03,0.48,0.05,1.02,0.15,26.1,0.02,5.5,-,0.28,12.0,17.81,-,5.98,5.95,3.6,0.88
2018-10-01,,0.01,0.08,0.48,37,0.08,6.37,1.18,0.1,,0.03,0.02,8.45,0.2,3.05,12.3,5.35,2.81,1.9,-,2.35,1.45,0.09,0.05,0.03,0.48,0.05,1.05,0.15,26.1,0.02,5.5,-,0.28,12.0,17.81,-,5.98,5.95,3.6,0.91
2018-10-02,,0.01,0.08,0.48,37,0.08,6.37,1.17,0.1,,0.03,0.02,8.45,0.2,3.05,12.3,5.35,2.82,1.9,-,2.37,1.45,0.09,0.05,0.03,0.48,0.05,1.05,0.15,26.1,0.02,5.5,-,0.28,12.0,17.81,-,5.98,5.95,3.6,0.92
2018-10-03,,-,0.08,0.48,37,0.08,6.37,1.17,0.1,,0.03,0.02,8.45,0.2,3.05,12.3,5.35,2.82,1.9,-,2.37,1.45,0.09,0.05,0.03,0.48,0.05,1.04,0.15,26.12,0.02,5.5,-,0.28,12.0,17.81,-,5.98,5.95,3.6,0.9
2018-10-04,,-,0.08,0.48,37,0.08,6.37,1.17,0.1,,0.03,0.02,8.45,0.21,3.05,12.3,5.35,2.82,1.9,-,2.37,1.45,0.09,0.05,0.03,0.48,0.05,1.04,0.15,26.13,0.02,4.82,-,0.28,12.0,17.81,-,5.98,5.95,3.4,0.9
2018-10-05,,-,0.08,0.48,37,0.08,6.37,1.17,0.1,,0.03,0.02,8.45,0.2,3.05,12.3,5.34,2.82,1.9,-,2.37,1.45,0.09,0.05,0.03,0.48,0.05,1.04,0.15,26.1,0.02,4.81,-,0.24,12.0,17.8,-,5.98,5.95,3.4,0.93
2018-10-08,,-,0.08,0.48,37,0.08,6.37,1.17,0.1,,0.03,0.02,8.4,0.2,3.04,12.3,5.34,2.86,1.9,-,2.37,1.45,0.09,0.05,0.03,0.48,0.05,1.04,0.15,26.1,0.02,4.81,-,0.24,12.0,17.8,-,5.98,5.95,3.4,0.93
2018-10-09,,-,0.08,0.48,37,0.08,6.35,1.16,0.1,,0.03,0.02,8.44,0.2,3.04,12.3,5.35,2.86,1.9,-,2.37,1.45,0.09,0.05,0.03,0.48,0.05,1.04,0.15,26.1,0.02,4.81,-,0.24,12.0,17.79,-,5.98,5.95,3.4,0.93
2018-10-10,,-,0.08,0.48,37,0.08,6.35,1.16,0.1,,0.03,0.02,8.43,0.2,3.04,12.3,5.35,2.86,1.9,-,2.37,1.45,0.09,0.05,0.03,0.48,0.05,1.04,0.15,26.1,0.02,4.81,-,0.24,12.0,17.79,-,5.98,5.95,3.4,0.92
2018-10-11,,-,0.08,0.48,37,0.08,6.35,1.16,0.1,,0.03,0.02,8.21,0.2,3.04,12.3,5.35,2.95,1.9,-,2.37,1.45,0.09,0.05,0.03,0.48,0.05,1.04,0.15,26.1,0.02,4.81,-,0.24,12.0,17.79,-,5.98,5.95,3.4,0.93
2018-10-12,,-,0.08,0.48,37,0.08,5.45,1.16,0.1,,0.03,0.02,8.0,0.2,3.04,12.3,5.35,2.95,1.9,-,2.37,1.45,0.09,0.05,0.03,0.48,0.05,1.0,0.15,26.1,0.02,4.81,-,0.2,11.99,17.79,-,5.98,5.95,3.13,0.91
2018-10-15,,-,0.08,0.48,37,0.08,5.45,1.14,0.1,,0.03,0.02,8.0,0.2,3.04,12.3,5.35,2.95,1.9,-,2.37,1.27,0.09,0.05,0.03,0.48,0.05,1.0,0.15,26.0,0.02,4.81,-,0.2,11.99,17.79,-,5.98,5.95,3.13,0.9
2018-10-16,,-,0.08,0.48,37,0.08,5.45,1.14,0.1,,0.03,0.02,7.98,0.2,3.04,12.3,5.35,2.9,1.9,-,2.37,1.27,0.09,0.05,0.03,0.48,0.05,1.0,0.13,26.0,0.02,4.81,-,0.2,11.99,17.79,-,5.98,5.95,3.13,0.89
2018-10-17,,-,0.08,0.48,37,0.08,5.45,1.14,0.1,,0.03,0.02,7.98,0.2,3.02,12.3,5.35,3.32,1.9,-,2.37,1.27,0.09,0.05,0.03,0.48,0.05,1.0,0.13,26.0,0.02,4.81,-,0.2,11.99,17.79,-,5.98,5.95,3.6,0.9
2018-10-18,,-,0.08,0.48,37,0.08,5.45,1.13,0.1,,0.03,0.02,7.95,0.2,3.02,12.3,5.35,3.2,1.9,-,2.37,1.27,0.09,0.05,0.03,0.48,0.05,1.0,0.15,26.0,0.02,4.1,-,0.2,11.99,17.79,-,5.98,5.95,3.1,0.9
2018-10-19,,-,0.08,0.48,37,0.08,5.45,1.11,0.1,,0.03,0.02,7.95,0.2,3.02,12.3,5.35,3.2,1.9,-,2.37,1.27,0.09,0.05,0.03,0.48,0.05,1.0,0.15,26.0,0.02,4.1,-,0.2,11.99,17.79,-,5.98,5.95,3.1,0.9
2018-10-22,,-,0.08,0.48,37,0.08,5.45,1.11,0.1,,0.03,0.02,7.17,0.2,3.0,12.3,5.35,3.3,1.9,-,2.37,1.27,0.09,0.05,0.03,0.48,0.05,1.0,0.14,26.0,0.02,4.1,-,0.2,11.99,17.79,-,5.98,5.95,3.1,0.9
2018-10-23,,-,0.08,0.48,37,0.08,5.4,1.08,0.1,,0.03,0.02,7.04,0.19,2.98,12.1,5.33,3.28,1.9,-,2.37,1.27,0.09,0.05,0.03,0.48,0.05,0.99,0.14,25.06,0.02,4.1,-,0.2,11.99,17.79,-,5.98,5.95,3.1,0.9
2018-10-24,,-,0.08,0.48,37,0.08,5.4,1.04,0.1,,0.03,0.02,7.0,0.19,2.97,12.2,5.3,3.28,1.9,-,2.36,1.27,0.09,0.05,0.03,0.48,0.05,0.99,0.14,25.06,0.02,4.1,-,0.2,11.99,17.79,-,5.98,5.95,3.09,0.9
2018-10-25,,-,0.08,0.48,37,0.08,5.4,1.04,0.1,,0.03,0.02,7.0,0.19,2.98,12.2,5.3,3.3,1.9,-,2.36,1.27,0.09,0.05,0.03,0.48,0.05,0.99,0.15,25.06,0.02,4.26,-,0.2,11.99,17.79,-,5.98,5.95,3.09,0.91
2018-10-26,,-,0.08,0.48,37,0.08,5.45,1.04,0.1,,0.03,0.02,6.9,0.19,2.98,12.0,5.3,3.3,1.9,-,2.36,1.27,0.09,0.05,0.03,0.48,0.05,0.99,0.15,25.0,0.02,4.26,-,0.2,11.99,17.79,-,5.98,5.95,3.0,0.91
2018-10-29,,-,0.08,0.48,37,0.08,5.45,1.03,0.1,,0.03,0.02,6.9,0.19,2.98,11.0,5.3,3.3,1.9,-,2.36,1.27,0.09,0.05,0.03,0.48,0.05,0.99,0.14,22.66,0.02,4.26,-,0.2,11.99,17.79,-,5.98,5.95,3.01,0.91
2018-10-30,,-,0.08,0.48,37,0.08,5.45,1.03,0.09,,0.03,0.02,6.67,0.19,2.93,11.0,5.15,3.3,1.9,-,2.3,1.27,0.09,0.05,0.03,0.48,0.05,0.99,0.14,21.8,0.02,4.26,-,0.2,11.99,17.79,-,5.98,5.95,3.4,0.9
2018-10-31,,-,0.08,0.48,37,0.08,5.45,1.04,0.09,,0.03,0.02,6.68,0.19,2.93,11.0,5.15,3.3,1.9,-,2.3,1.27,0.09,0.05,0.03,0.48,0.05,0.99,0.14,21.8,0.02,4.08,-,0.2,11.99,17.79,-,5.98,5.95,3.0,0.9
2018-11-01,,-,0.08,0.48,37,0.08,5.1,1.04,0.09,,0.03,0.02,6.69,0.17,2.93,11.0,5.15,3.35,9.5,-,2.3,1.27,0.09,0.05,0.03,0.48,0.05,0.99,0.14,21.8,0.02,4.08,-,0.2,11.99,17.79,-,5.98,5.95,3.0,0.9
2018-11-02,,-,0.08,0.48,37,0.08,5.1,1.04,0.09,,0.03,0.02,6.69,0.17,2.93,11.0,5.15,3.35,9.5,-,2.3,1.27,0.09,0.05,0.03,0.48,0.05,0.99,0.14,21.8,0.02,4.08,-,0.2,11.99,17.79,-,5.98,5.95,3.0,0.9
2018-11-05,,-,0.08,0.48,37,0.08,5.1,1.04,0.09,,0.03,0.02,6.69,0.17,2.93,11.0,5.15,3.35,9.5,-,2.3,1.27,0.09,0.05,0.03,0.48,0.05,0.99,0.13,21.8,0.02,4.08,-,0.2,11.99,17.79,-,5.98,5.95,3.4,0.9
2018-11-06,,-,0.08,0.48,37,0.08,5.1,1.04,0.1,,0.03,0.02,7.0,0.17,2.93,10.0,5.14,3.27,9.5,-,2.3,1.27,0.09,0.05,0.03,0.48,0.05,0.99,0.13,21.79,0.02,4.08,-,0.2,11.99,17.78,-,5.98,5.95,3.4,0.88
2018-11-07,,-,0.08,0.48,37,0.08,5.1,1.03,0.1,,0.03,0.02,7.0,0.16,2.93,10.0,5.14,3.25,9.5,-,2.3,1.27,0.09,0.05,0.03,0.48,0.05,0.99,0.13,21.8,0.02,4.08,-,0.2,11.99,17.78,-,5.98,5.95,3.4,0.88
2018-11-08,,-,0.08,0.48,37,0.08,5.1,1.02,0.1,,0.03,0.02,7.0,0.16,2.93,10.0,5.1,3.25,9.5,-,2.3,1.27,0.09,0.05,0.03,0.48,0.05,0.99,0.13,21.8,0.02,4.08,-,0.2,11.99,17.78,-,5.98,5.95,3.4,0.88
2018-11-09,,-,0.08,0.48,37,0.08,5.1,1.02,0.1,,0.03,0.02,7.0,0.16,2.98,10.5,5.09,3.2,9.5,-,2.3,1.27,0.09,0.05,0.03,0.48,0.05,0.99,0.13,21.8,0.02,4.1,-,0.2,11.99,17.78,-,5.98,5.95,3.4,0.88
2018-11-12,,-,0.08,0.48,37,0.08,5.1,1.0,0.1,,0.03,0.02,7.0,0.16,2.93,10.5,5.09,3.2,9.5,-,2.3,1.1,0.09,0.05,0.03,0.48,0.05,0.99,0.13,21.8,0.02,4.1,-,0.2,11.99,17.78,-,5.98,5.95,3.4,0.85
2018-11-13,,-,0.08,0.48,37,0.08,5.1,1.0,0.1,,0.03,0.02,7.5,0.16,2.76,10.36,5.09,3.2,9.5,-,2.3,1.1,0.09,0.05,0.03,0.48,0.05,0.9,0.13,21.1,0.02,4.1,-,0.2,11.99,17.78,-,5.98,5.95,3.9,0.87
2018-11-14,,-,0.08,0.48,37,0.08,5.1,0.99,0.1,,0.03,0.02,7.5,0.16,2.75,10.35,5.09,3.2,9.5,-,2.3,1.1,0.1,0.05,0.03,0.48,0.05,0.9,0.13,20.0,0.02,4.1,-,0.2,11.98,17.78,-,5.98,5.95,3.9,0.88
2018-11-15,,-,0.08,0.48,37,0.08,5.1,1.0,0.1,,0.03,0.02,7.5,0.16,2.6,10.0,5.03,3.2,9.5,-,2.29,1.1,0.1,0.05,0.03,0.41,0.05,0.9,0.13,20.22,0.02,4.12,-,0.2,11.98,17.78,-,5.98,5.95,3.9,0.88
2018-11-16,,-,0.08,0.48,37,0.08,5.1,1.0,0.1,,0.03,0.02,7.5,0.15,2.6,9.96,4.91,3.2,9.5,-,2.29,1.1,0.1,0.05,0.03,0.41,0.05,0.9,0.15,20.19,0.02,4.09,-,0.2,11.98,17.76,-,5.98,5.95,3.9,0.84
2018-11-19,,-,0.08,0.48,37,0.08,5.1,0.98,0.1,,0.03,0.02,7.5,0.17,2.62,9.0,4.83,3.2,9.5,-,2.23,1.1,0.1,0.05,0.03,0.41,0.05,0.89,0.15,20.14,0.02,4.05,-,0.2,11.98,17.76,-,5.98,5.95,3.9,0.86
2018-11-20,,-,0.08,0.48,37,0.08,5.1,0.98,0.1,,0.03,0.02,7.5,0.17,2.6,9.23,4.77,3.2,9.5,-,2.23,1.1,0.1,0.05,0.03,0.41,0.05,0.89,0.15,20.16,0.02,4.05,-,0.2,11.98,17.76,-,5.98,5.95,3.9,0.82
2018-11-21,,-,0.08,0.48,37,0.08,5.1,0.98,0.1,,0.03,0.02,7.5,0.17,2.6,9.0,4.77,3.2,9.5,-,2.23,1.1,0.1,0.05,0.03,0.41,0.05,0.89,0.15,20.17,0.02,4.05,-,0.2,11.98,17.76,-,5.98,5.95,3.9,0.82
2018-11-22,,-,0.08,0.48,37,0.08,5.1,0.97,0.1,,0.03,0.02,7.5,0.16,2.58,8.88,4.8,3.2,9.5,-,2.18,0.94,0.1,0.05,0.03,0.41,0.05,0.88,0.16,20.18,0.02,4.05,-,0.23,11.98,17.76,-,5.98,5.95,3.9,0.8
2018-11-23,,-,0.08,0.48,37,0.08,5.1,0.96,0.1,,0.03,0.02,7.5,0.16,2.58,8.88,4.79,3.2,9.5,-,2.18,0.94,0.1,0.05,0.03,0.41,0.05,0.88,0.16,20.18,0.02,4.05,-,0.23,11.98,17.76,-,5.98,5.95,3.9,0.8
2018-11-26,,-,0.08,0.48,37,0.08,5.1,0.96,0.1,,0.03,0.02,7.5,0.16,2.58,8.88,4.79,3.2,9.5,-,2.18,0.94,0.1,0.05,0.03,0.41,0.05,0.88,0.16,20.18,0.02,4.05,-,0.23,11.98,17.76,-,5.98,5.95,4.08,0.82
2018-11-27,,-,0.08,0.48,37,0.08,5.1,0.96,0.1,,0.03,0.02,7.5,0.16,2.53,8.88,4.79,3.2,9.5,-,2.18,0.94,0.1,0.05,0.03,0.41,0.05,0.88,0.16,20.2,0.02,4.05,-,0.23,11.98,17.77,-,5.98,5.95,4.08,0.82
2018-11-28,,-,0.08,0.48,37,0.08,5.1,0.95,0.1,,0.03,0.02,7.5,0.16,2.52,8.8,4.8,3.2,9.5,-,2.18,0.86,0.1,0.05,0.03,0.41,0.05,0.86,0.15,20.2,0.02,4.05,-,0.23,11.98,17.78,-,5.98,5.95,4.08,0.81
2018-11-29,,-,0.08,0.48,37,0.08,5.1,0.96,0.1,,0.03,0.02,7.5,0.17,2.53,8.8,4.8,3.2,9.5,-,2.18,0.8,0.1,0.05,0.03,0.41,0.05,0.82,0.15,20.22,0.02,4.05,-,0.23,11.98,17.78,-,5.98,5.95,4.08,0.8
2018-11-30,,-,0.08,0.48,37,0.08,5.1,0.96,0.1,,0.03,0.02,7.5,0.17,2.52,8.8,4.8,3.2,9.5,-,2.18,0.8,0.1,0.05,0.03,0.41,0.05,0.82,0.15,20.22,0.02,4.05,-,0.23,11.98,17.78,-,5.98,5.95,4.08,0.8
2018-12-03,,-,0.08,0.48,37,0.08,5.1,0.96,0.1,,0.03,0.02,7.5,0.18,2.52,8.8,4.8,3.2,9.5,-,2.18,0.8,0.1,0.05,0.03,0.41,0.05,0.81,0.15,20.24,0.02,4.05,-,0.23,11.98,17.78,-,5.98,5.95,4.08,0.81
2018-12-04,,-,0.08,0.48,37,0.08,5.1,0.96,0.1,,0.03,0.02,7.5,0.18,2.51,8.8,4.8,3.2,9.5,-,2.18,0.8,0.1,0.05,0.03,0.41,0.05,0.8,0.15,20.24,0.02,4.05,-,0.23,11.98,17.78,-,5.98,5.95,4.08,0.78
2018-12-05,,-,0.08,0.48,37,0.08,5.1,0.95,0.1,,0.03,0.02,7.5,0.19,2.5,8.8,4.8,3.2,9.5,-,2.18,0.75,0.1,0.05,0.03,0.41,0.05,0.8,0.15,20.25,0.02,4.05,-,0.23,11.98,17.78,-,5.98,5.95,4.14,0.8
2018-12-06,,-,0.08,0.48,37,0.08,5.1,0.98,0.1,,0.03,0.02,7.5,0.19,2.5,8.8,4.8,3.2,9.5,-,2.18,0.75,0.1,0.05,0.04,0.41,0.05,0.78,0.15,20.26,0.02,4.0,-,0.23,11.95,17.78,-,5.98,5.95,4.14,0.78
2018-12-10,,-,0.08,0.48,37,0.08,5.1,0.95,0.1,,0.03,0.02,7.5,0.19,2.5,8.8,4.8,3.2,9.5,-,2.18,0.7,0.1,0.05,0.04,0.41,0.05,0.75,0.15,20.26,0.02,4.0,-,0.23,11.95,17.78,-,5.98,5.95,4.14,0.79
2018-12-11,,-,0.08,0.48,37,0.08,5.1,0.95,0.1,,0.03,0.02,7.5,0.18,2.5,8.8,4.8,3.2,9.5,-,2.18,0.7,0.1,0.05,0.04,0.41,0.05,0.75,0.15,20.26,0.02,4.0,-,0.23,11.95,17.78,-,5.98,5.95,4.14,0.79
2018-12-12,,-,0.08,0.48,37,0.08,5.1,0.95,0.1,,0.03,0.02,7.5,0.17,2.5,8.8,4.8,3.2,9.5,-,2.18,0.7,0.1,0.05,0.04,0.41,0.05,0.75,0.15,20.25,0.02,4.0,-,0.23,11.95,17.78,-,5.98,5.95,3.55,0.79
