 ,Date,ABL,ACI,ALW,AADs,AGA,AYRTN,BOPP,CAL,CMLT,CFAO,CLYD,CPC,EGH,ETI,EGL,FML,GCB,GOIL,GSR,GWEB,GGBL,HFC,MLC,PKL,PBC,PZC,SWL,SG-SSB,SIC,SCB,SPL,TOTAL,TRANSOL,TBL ,TLW,UNIL,UTB,MAC,ADB,ACCESS,MTN,DASPHARMA
5389,01/02/2019,,-,0.08,0.41,37,0.07,5.09,0.98,0.1,,0.03,0.02,7.5,0.17,2.24,8,4.6,3.12,9.5,-,2.18,0.69,0.1,0.05,0.04,0.41,0.05,0.75,0.19,21.08,0.02,3.4,-,0.23,11.94,17.78,-,5.98,5.95,3.55,0.8,
5390,01/03/2019,,-,0.08,0.41,37,0.07,4.35,0.99,0.1,,0.03,0.02,7.5,0.16,2.24,8,4.6,3.12,9.5,-,2.18,0.69,0.1,0.05,0.04,0.41,0.05,0.75,0.19,21.08,0.02,3.4,-,0.23,11.94,17.78,-,5.98,5.95,3.55,0.79,
5391,01/04/2019,,-,0.08,0.41,37,0.08,5,0.99,0.1,,0.03,0.02,7.5,0.18,2.24,8,4.6,3.12,9.5,-,2.18,0.69,0.1,0.05,0.04,0.41,0.05,0.75,0.19,21.08,0.02,3.4,-,0.23,11.94,17.78,-,5.98,5.95,3.55,0.79,
5392,01/08/2019,,-,0.08,0.41,37,0.08,5,0.99,0.1,,0.03,0.02,7.5,0.18,2.24,8,4.6,3.11,9.5,-,2.18,0.69,0.1,0.05,0.04,0.41,0.05,0.75,0.19,21.08,0.02,3.4,-,0.23,11.94,17.78,-,5.98,5.95,3.55,0.79,
5393,01/09/2019,,-,0.08,0.4,37,0.08,5,1,0.1,,0.03,0.02,7.5,0.18,2.24,8.01,4.6,3.11,9.5,-,2.18,0.69,0.1,0.05,0.04,0.41,0.05,0.75,0.19,21.08,0.02,3.4,-,0.26,11.94,17.78,-,5.98,5.95,3.55,0.79,
5394,01/10/2019,,-,0.08,0.4,37,0.08,5,1,0.1,,0.03,0.02,7.5,0.16,2.24,8.01,4.6,3.1,9.5,-,2.18,0.69,0.1,0.05,0.04,0.41,0.05,0.75,0.19,21.08,0.02,3.4,-,0.26,11.94,17.78,-,5.98,5.95,3.55,0.79,
5395,01/11/2019,,-,0.08,0.4,37,0.08,5,1,0.1,,0.03,0.02,7.5,0.16,2.2,8,4.59,3.1,9.5,-,2.18,0.69,0.1,0.05,0.04,0.41,0.05,0.75,0.2,21.08,0.02,3.4,-,0.26,11.94,17.78,-,5.98,5.95,3.55,0.79,
5396,14/01/2019,,-,0.09,0.4,37,0.08,5,0.99,0.1,,0.03,0.02,7.49,0.16,2.2,8,4.46,3.1,9.5,-,2.18,0.69,0.1,0,0.04,0.41,0.05,0.77,0.22,21.06,0.02,3.4,-,0.26,11.94,17.78,-,5.98,5.95,3.02,0.79,
5397,15/01/2019,,-,0.09,0.4,37,0.08,5,1.02,0.1,,0.03,0.02,7.49,0.16,2.2,8,4.47,3.1,9.5,-,2.18,0.69,0.1,0,0.04,0.41,0.05,0.82,0.25,21.06,0.02,3.4,-,0.26,11.94,17.78,-,5.98,5.95,3.02,0.79,
5398,16/01/2019,,-,0.09,0.4,37,0.08,5,0.99,0.1,,0.03,0.02,7.49,0.15,2.2,8,4.47,3.11,9.5,-,2.18,0.69,0.1,0,0.04,0.41,0.05,0.83,0.25,21.44,0.02,3.4,-,0.26,11.94,17.78,-,5.98,5.95,3.47,0.79,
5399,17/01/2019,,-,0.09,0.4,37,0.08,5,0.99,0.1,,0.03,0.02,7.49,0.15,2.2,8,4.5,3.1,9.5,-,2.18,0.69,0.1,0,0.04,0.41,0.05,0.84,0.24,21.44,0.02,3.4,-,0.26,11.94,17.78,-,5.98,5.95,3.47,0.78,
5400,18/01/2019,,-,0.09,0.4,37,0.08,4.25,0.99,0.09,,0.03,0.02,7.47,0.15,2.2,8,4.5,3.09,9.5,-,2.18,0.72,0.1,0,0.04,0.41,0.05,0.85,0.23,21.44,0.02,3.4,-,0.26,11.94,17.78,-,5.98,5.95,3.02,0.78,
5401,21/01/2019,,-,0.09,0.4,37,0.08,4.25,0.99,0.09,,0.03,0.02,7.47,0.15,2.2,8,4.5,3.07,9.5,-,2.18,0.72,0.1,0,0.04,0.41,0.05,0.88,0.23,21.44,0.02,3.4,-,0.26,11.94,17.78,-,5.98,5.95,3.02,0.78,
5402,22/01/2019,,-,0.09,0.4,37,0.08,4.25,0.85,0.09,,0.03,0.02,6.5,0.15,2.2,8,4.49,3.05,9.5,-,2.18,0.72,0.1,0,0.04,0.41,0.05,0.92,0.23,21.44,0.02,3.4,-,0.26,11.94,17.78,-,5.98,5.95,3.2,0.77,
5403,23/01/2019,,-,0.09,0.4,37,0.08,4.25,0.87,0.09,,0.03,0.02,6.6,0.15,2.2,8,4.49,3.03,9.5,-,2.18,0.72,0.1,0,0.04,0.41,0.05,0.93,0.22,21.44,0.02,3.4,-,0.26,11.94,17.78,-,5.98,5.95,3.2,0.76,
5404,24/01/2019,,-,0.09,0.4,37,0.08,4.89,0.87,0.09,,0.03,0.02,7,0.15,2.2,8,4.49,3.03,9.5,-,2.18,0.7,0.1,0,0.04,0.41,0.05,0.93,0.22,21.44,0.02,3.4,-,0.26,11.94,17.78,-,5.98,5.95,3.2,0.76,
5405,25/01/2019,,-,0.09,0.4,37,0.08,4.89,0.87,0.09,,0.03,0.02,7.21,0.15,2.2,8,4.41,3,9.5,-,2.18,0.7,0.1,0,0.04,0.41,0.05,0.93,0.22,21.43,0.02,3.04,-,0.26,11.94,17.77,-,5.98,5.95,3.02,0.76,
5406,28/01/2019,,-,0.09,0.4,37,0.08,4.89,0.9,0.09,,0.03,0.02,7.21,0.15,2.2,8,4.41,3,9.5,-,2.18,0.7,0.1,0,0.04,0.41,0.05,0.93,0.22,21.09,0.02,3.04,-,0.26,11.94,17.77,-,5.98,5.95,3.02,0.75,
5407,29/01/2019,,-,0.09,0.4,37,0.08,4.89,0.9,0.09,,0.03,0.02,7.21,0.15,2.2,8,4.41,3,9.5,-,2.18,0.7,0.1,0,0.04,0.41,0.05,0.93,0.21,21.09,0.02,3.04,-,0.26,11.94,17.77,-,5.98,5.95,3.02,0.75,
5408,30/01/2019,,-,0.09,0.4,37,0.08,4.89,0.9,0.09,,0.03,0.02,7.21,0.15,2.2,8,4.39,3,9.5,-,2.18,0.7,0.1,0,0.04,0.41,0.05,0.94,0.21,21.09,0.02,3.2,-,0.26,11.94,17.7,-,5.98,5.95,3.02,0.75,
5409,31/01/2019,,-,0.09,0.4,37,0.08,4.89,0.9,0.09,,0.03,0.02,7.49,0.15,2,8,4.39,3,9.5,-,2.18,0.7,0.1,0,0.04,0.41,0.05,0.94,0.21,21.09,0.02,3.2,-,0.26,11.94,17.7,-,5.98,5.95,3.02,0.75,
5410,02/01/2019,,-,0.09,0.4,37,0.08,4.89,0.9,0.09,,0.03,0.02,7.5,0.15,2,8,4.17,3,9.5,-,2.18,0.7,0.1,0,0.04,0.41,0.05,0.94,0.21,21.09,0.02,3.2,-,0.23,11.94,17.7,-,5.98,5.95,3.02,0.75,
5411,02/04/2019,,-,0.09,0.4,37,0.08,4.89,0.89,0.09,,0.03,0.02,7.5,0.16,2,8,4.18,2.99,9.5,-,2.18,0.7,0.1,0,0.04,0.41,0.05,0.94,0.2,21.09,0.02,3.2,-,0.23,11.94,17.7,-,5.98,5.95,3,0.75,
5412,02/05/2019,,-,0.09,0.4,37,0.08,4.89,0.89,0.09,,0.03,0.02,7.5,0.16,2,8,4.18,2.95,9.5,-,2.18,0.7,0.1,0,0.04,0.41,0.05,0.94,0.2,21.08,0.02,3.21,-,0.23,11.94,17.7,-,5.98,5.95,3,0.74,
5413,02/06/2019,,-,0.09,0.4,37,0.08,4.89,0.89,0.09,,0.03,0.02,7.5,0.15,2,8,4.18,2.93,9.5,-,2.2,0.65,0.1,0,0.04,0.41,0.05,0.94,0.2,21,0.02,3.21,-,0.23,11.94,17.7,-,5.98,5.95,3.4,0.74,
5414,02/07/2019,,-,0.09,0.4,37,0.08,4.89,0.89,0.09,,0.03,0.02,7.5,0.16,2,8,4.18,2.93,9.5,-,2.2,0.65,0.1,0,0.04,0.41,0.05,0.96,0.19,21,0.02,3.21,-,0.26,11.94,17.7,-,5.98,5.95,3.4,0.75,
5415,02/08/2019,,-,0.09,0.4,37,0.08,4.88,0.89,0.09,,0.03,0.02,7.49,0.15,2,8,4.18,2.93,9.5,-,2.2,0.65,0.1,0,0.04,0.41,0.05,0.96,0.19,21,0.02,3.21,-,0.26,11.94,17.7,-,5.98,5.95,3.4,0.74,
5416,02/11/2019,,-,0.09,0.4,37,0.08,4.88,0.89,0.09,,0.03,0.02,7.49,0.16,2.1,8,4.18,2.93,9.5,-,2.2,0.65,0.1,0,0.04,0.41,0.05,0.96,0.19,21,0.02,3.21,-,0.26,11.94,17.7,-,5.98,5.95,3.4,0.74,
5417,02/12/2019,,-,0.09,0.4,37,0.08,4.88,0.88,0.09,,0.03,0.02,7.49,0.16,2.1,8,4.18,2.93,9.5,-,2.2,0.62,0.1,0,0.04,0.41,0.05,0.96,0.19,21,0.02,3.26,-,0.26,11.94,17.7,-,5.98,5.95,3.4,0.74,
5418,13/02/2019,,-,0.09,0.4,37,0.08,4.88,0.88,0.09,,0.03,0.02,7.49,0.16,2.13,8,4.18,2.93,9.5,-,2.2,0.6,0.1,0,0.04,0.41,0.05,0.96,0.19,21,0.02,3.29,-,0.26,11.94,17.7,-,5.98,5.95,3.4,0.74,
5419,14/02/2019,,-,0.09,0.4,37,0.08,4.88,0.88,0.09,,0.03,0.02,7.49,0.15,2.15,8,4.18,2.93,9.5,-,2.2,0.6,0.1,0,0.04,0.41,0.05,0.98,0.19,21,0.02,3.29,-,0.26,11.94,17.7,-,5.98,5.95,3.4,0.74,
5420,15/02/2019,,-,0.09,0.4,37,0.08,4.88,0.91,0.09,,0.03,0.02,7.49,0.15,2.15,8,4.18,2.94,9.5,-,2.2,0.6,0.1,0,0.04,0.41,0.05,0.98,0.19,21,0.02,3.75,-,0.26,11.94,17.7,-,5.98,5.95,3.4,0.74,
5421,18/02/2019,,-,0.09,0.4,37,0.08,4.88,0.91,0.09,,0.03,0.02,7.49,0.15,2.15,8,4.14,2.94,9.5,-,2.2,0.6,0.1,0,0.04,0.41,0.05,0.98,0.19,21,0.02,4.3,-,0.26,11.94,17.69,-,5.98,5.95,3.4,0.74,
5422,19/02/2019,,-,0.09,0.4,37,0.08,4.88,0.86,0.09,,0.03,0.02,7.49,0.15,2.15,8,4.13,2.93,9.5,-,2.2,0.6,0.1,0,0.04,0.41,0.05,0.98,0.19,21,0.02,4.3,-,0.26,11.94,17.69,-,5.98,5.95,3.4,0.73,
5423,20/02/2019,,-,0.09,0.4,37,0.08,4.88,0.9,0.09,,0.03,0.02,7.47,0.15,2.15,8,4.13,2.93,9.5,-,2.2,0.6,0.1,0,0.04,0.41,0.05,0.98,0.19,21,0.02,4.3,-,0.26,11.94,17.69,-,5.98,5.95,3.4,0.74,
5424,21/02/2019,,-,0.09,0.4,37,0.08,4.88,0.9,0.09,,0.03,0.02,7.47,0.15,2.16,8,4.1,2.93,9.5,-,2.2,0.6,0.1,0,0.04,0.41,0.05,0.98,0.19,21,0.02,4.3,-,0.26,11.94,17.69,-,5.98,5.95,3.4,0.74,
5425,22/02/2019,,-,0.09,0.4,37,0.08,4.88,0.93,0.09,,0.03,0.02,7.47,0.15,2.17,8,4.1,2.93,9.5,-,2.2,0.6,0.1,0,0.04,0.41,0.05,0.98,0.19,21,0.02,4.4,-,0.26,11.94,17.69,-,5.98,5.95,3.8,0.73,
5426,25/02/2019,,-,0.09,0.4,37,0.08,4.88,0.93,0.09,,0.03,0.02,7.47,0.16,2.17,8,4.1,2.93,9.5,-,2.2,0.6,0.1,0,0.04,0.41,0.05,0.98,0.18,21,0.02,4.6,-,0.26,11.94,17.69,-,5.98,5.95,3.8,0.73,
5427,26/02/2019,,-,0.09,0.4,37,0.08,4.88,0.95,0.09,,0.03,0.02,7.47,0.15,2.18,8,4.04,2.93,9.5,-,2.2,0.55,0.1,0,0.04,0.41,0.05,0.98,0.18,21,0.02,4.6,-,0.26,11.94,17.69,-,5.98,5.95,3.8,0.73,
5428,27/02/2019,,-,0.09,0.4,37,0.08,4.88,0.95,0.09,,0.03,0.02,7,0.15,2.17,8,3.5,2.93,9.5,-,2.2,0.55,0.1,0,0.04,0.41,0.05,0.98,0.18,21,0.02,4.6,-,0.23,11.94,17.69,-,5.98,5.95,3.8,0.73,
5429,28/02/2019,,-,0.09,0.4,37,0.08,4.88,0.98,0.09,,0.03,0.02,7.51,0.15,2.18,8,3.51,2.92,9.5,-,2.2,0.55,0.1,0,0.04,0.41,0.05,0.98,0.18,21,0.02,4.6,-,0.23,11.94,17.69,-,5.98,5.95,3.8,0.73,
5430,03/01/2019,,-,0.09,0.4,37,0.08,4.88,1.03,0.09,,0.03,0.02,7.03,0.16,2.18,8,3.51,2.9,9.5,-,2.2,0.55,0.1,0,0.04,0.41,0.05,0.98,0.18,21,0.02,4.59,-,0.23,11.94,17.69,-,5.98,5.95,3.8,0.74,
5431,03/04/2019,,-,0.09,0.4,37,0.08,4.88,1.03,0.09,,0.03,0.02,7.75,0.16,2.2,8,3.76,2.9,9.5,-,2.2,0.55,0.1,0,0.04,0.41,0.05,0.9,0.18,21,0.02,4.59,-,0.23,11.94,17.69,-,5.98,5.95,3.8,0.73,
5432,03/05/2019,,-,0.09,0.4,37,0.08,4.88,0.98,0.1,,0.03,0.02,7.75,0.16,2.21,8,3.81,2.9,9.5,-,2.2,0.55,0.1,0,0.04,0.41,0.05,0.9,0.18,21,0.02,4.55,-,0.23,11.94,17.69,-,5.98,5.95,3.8,0.72,
5433,03/07/2019,,-,0.09,0.4,37,0.08,4.88,1,0.1,,0.03,0.02,7.75,0.16,2.21,8,3.8,2.9,9.5,-,2.2,0.55,0.1,0,0.04,0.41,0.05,0.9,0.16,21,0.02,4.55,-,0.23,11.94,17.69,-,5.98,5.95,3.8,0.72,
5434,03/08/2019,,-,0.09,0.4,37,0.08,4.88,1,0.1,,0.03,0.02,7.75,0.15,2.23,8,3.8,2.9,9.5,-,2.2,0.55,0.1,0,0.04,0.41,0.05,0.9,0.16,21,0.02,4.52,-,0.23,11.94,17.69,-,5.98,5.95,3.8,0.72,
5435,03/11/2019,,-,0.09,0.4,37,0.08,4.88,1.03,0.1,,0.03,0.02,7.75,0.15,2.25,8,3.81,2.88,9.5,-,2.2,0.55,0.1,0,0.04,0.41,0.05,0.9,0.16,21,0.02,4.52,-,0.23,11.94,17.69,-,5.98,5.95,3.8,0.72,
5436,03/12/2019,,-,0.09,0.4,37,0.08,4.88,1.03,0.1,,0.03,0.02,7.75,0.15,2.25,8,3.8,2.88,9.5,-,2.2,0.55,0.1,0,0.04,0.41,0.05,0.9,0.16,21,0.02,4.52,-,0.23,11.94,17.69,-,5.98,5.95,3.8,0.71,
5437,13/03/2019,,-,0.09,0.4,37,0.08,4.88,1.03,0.1,,0.03,0.02,7.63,0.15,2.25,8,3.9,2.83,9.5,-,2.2,0.55,0.1,0,0.04,0.41,0.05,0.9,0.16,21,0.02,4.52,-,0.23,11.94,17.69,-,5.98,5.95,3.8,0.71,
5438,14/03/2019,,-,0.09,0.4,37,0.08,4.88,1.03,0.1,,0.03,0.02,7.63,0.15,2.24,8,4,2.54,9.5,-,2.2,0.55,0.1,0,0.04,0.41,0.05,0.9,0.16,21,0.02,5.1,-,0.2,11.94,17.69,-,5.98,5.95,3.8,0.71,
5439,15/03/2019,,-,0.09,0.4,37,0.08,4.88,1.03,0.1,,0.03,0.02,7.74,0.15,2.24,8,4,2.54,9.5,-,2.2,0.55,0.1,0,0.04,0.41,0.05,0.9,0.16,21,0.02,5.1,-,0.2,11.94,17.69,-,5.98,5.95,4,0.7,
5440,18/03/2019,,-,0.09,0.4,37,0.08,4.15,1.03,0.1,,0.03,0.02,7.74,0.15,2.21,8,4,2.54,9.5,-,2.2,0.55,0.1,0,0.04,0.4,0.05,0.9,0.16,21,0.02,5.1,-,0.2,11.94,17.69,-,5.98,5.95,4,0.7,
5441,19/03/2019,,-,0.09,0.4,37,0.08,4.14,1.02,0.1,,0.03,0.02,7.74,0.15,2.1,8,4,2.54,9.5,-,2.2,0.55,0.1,0,0.04,0.4,0.05,0.9,0.16,20.99,0.02,5.1,-,0.2,11.94,17.69,-,5.98,5.95,4,0.71,
5442,20/03/2019,,-,0.09,0.4,37,0.08,4.14,1.02,0.1,,0.03,0.02,7.7,0.15,2.1,8,3.99,2.54,9.5,-,2.2,0.55,0.1,0,0.04,0.4,0.05,0.9,0.16,20,0.02,5.1,-,0.23,11.94,17.69,-,5.98,5.95,4,0.7,
5443,21/03/2019,,-,0.09,0.4,37,0.08,4.14,1.04,0.1,,0.03,0.02,7.73,0.16,2.11,8,4,2.54,9.5,-,2.2,0.55,0.1,0,0.04,0.4,0.05,0.9,0.16,20,0.02,4.6,-,0.26,11.94,17.69,-,5.98,5.95,4,0.7,
5444,22/03/2019,,-,0.09,0.4,37,0.08,4.12,1.04,0.1,,0.03,0.02,7.73,0.16,2.1,8,4,2.54,9.5,-,2.2,0.55,0.1,0,0.04,0.4,0.05,0.9,0.16,20,0.02,5.09,-,0.23,11.94,17.69,-,5.98,5.95,4,0.7,
5445,25/03/2019,,-,0.09,0.4,37,0.08,4.12,1.04,0.1,,0.03,0.02,7.96,0.16,2.09,8,4,2.54,9.5,-,2.2,0.55,0.1,0,0.04,0.4,0.05,0.9,0.15,19.99,0.02,5.09,-,0.23,11.94,17.69,-,5.98,5.95,4,0.7,
5446,26/03/2019,,-,0.09,0.4,37,0.08,4.12,1.08,0.1,,0.03,0.02,8.03,0.16,2.24,8,4,2.54,9.5,-,2.2,0.63,0.09,0,0.04,0.4,0.05,0.89,0.15,20,0.02,5.09,-,0.23,11.94,17.69,-,5.98,5.95,4,0.7,
5447,27/03/2019,,-,0.09,0.4,37,0.08,4.13,0.96,0.1,,0.03,0.02,8.03,0.15,2.31,8,4,2.53,9.5,-,2.19,0.63,0.09,0,0.04,0.4,0.05,0.9,0.15,20,0.02,5.09,-,0.23,11.94,17.69,-,5.98,5.95,4,0.7,
5448,28/03/2019,,-,0.09,0.4,37,0.08,4.13,0.95,0.1,,0.03,0.02,8.03,0.15,2.25,8,3.81,2.53,9.5,-,2.19,0.63,0.09,0,0.04,0.4,0.05,0.9,0.15,20,0.02,5.09,-,0.23,11.94,17.69,-,5.98,5.95,4,0.68,
5449,29/03/2019,,-,0.09,0.4,37,0.08,4.15,1.05,0.1,,0.03,0.02,8.03,0.15,2.25,8,4,2.51,9.5,-,2.19,0.63,0.09,0,0.04,0.4,0.05,0.9,0.15,20,0.02,5.09,-,0.23,11.94,17.69,-,5.98,5.95,4,0.7,
5450,04/01/2019,,-,0.09,0.4,37,0.08,4.15,1.05,0.1,,0.03,0.02,8.03,0.14,2.25,8,4,2.49,9.5,-,2.19,0.63,0.09,0,0.04,0.4,0.05,0.9,0.15,20,0.02,5.09,-,0.23,11.94,17.69,-,5.98,5.95,4,0.7,
5451,04/02/2019,,-,0.09,0.4,37,0.08,4.15,1.05,0.1,,0.03,0.02,8,0.13,2.25,8,4,2.43,9.5,-,2.19,0.63,0.09,0,0.04,0.4,0.05,0.9,0.14,20,0.02,5.09,-,0.23,11.94,17.69,-,5.98,5.95,4,0.7,
5452,04/03/2019,,-,0.09,0.4,37,0.08,4.15,1.05,0.1,,0.03,0.02,8,0.13,2.22,8,3.93,2.43,9.5,-,2.19,0.63,0.09,0,0.04,0.4,0.05,0.9,0.14,20,0.02,5.09,-,0.23,11.94,17.69,-,5.98,5.95,4,0.7,
5453,04/04/2019,,-,0.09,0.4,37,0.08,4.15,1.05,0.1,,0.03,0.02,8,0.13,2.24,8,3.93,2.43,9.5,-,2.19,0.63,0.09,0,0.04,0.4,0.05,0.9,0.14,20,0.02,5.09,-,0.23,11.94,17.69,-,5.98,5.95,4,0.7,
5454,04/05/2019,,-,0.09,0.4,37,0.08,4.15,1.05,0.1,,0.03,0.02,8,0.14,2.24,8,3.94,2.43,9.5,-,2.19,0.63,0.09,0,0.04,0.4,0.05,0.9,0.14,20,0.02,5.09,-,0.23,11.94,17.69,-,5.98,5.95,4,0.7,
5455,04/08/2019,,-,0.09,0.4,37,0.08,4.15,1.05,0.1,,0.03,0.02,8,0.14,2.24,8,3.94,2.43,9.5,-,2.19,0.63,0.09,0,0.04,0.4,0.05,0.9,0.14,19.5,0.02,5.09,-,0.23,11.94,17.69,-,5.98,5.06,4,0.7,
5456,04/09/2019,,-,0.09,0.4,37,0.08,4.15,1.04,0.1,,0.03,0.02,8,0.14,2.25,8,3.95,2.43,9.5,-,2.19,0.63,0.09,0,0.04,0.4,0.05,0.87,0.13,19.5,0.02,5.09,-,0.23,11.94,17.69,-,5.98,5.06,4,0.7,
5457,04/10/2019,,-,0.09,0.4,37,0.08,4.15,1.04,0.1,,0.03,0.02,8,0.14,2.25,8,3.95,2.42,9.5,-,2.19,0.63,0.09,0,0.04,0.4,0.05,0.87,0.13,19.5,0.02,5.09,-,0.23,11.94,17.69,-,5.98,5.06,4,0.7,
5458,04/11/2019,,-,0.09,0.4,37,0.08,4.15,1.03,0.1,,0.03,0.02,8,0.15,2.25,8,3.95,2.42,9.5,-,2.19,0.63,0.09,0,0.04,0.4,0.05,0.87,0.13,19.5,0.02,5.09,-,0.23,11.94,17.69,-,5.98,5.06,4,0.7,
5459,04/12/2019,,-,0.09,0.4,37,0.08,4.15,1.03,0.1,,0.03,0.02,8,0.15,2.25,8,3.97,2.2,9.5,-,2.19,0.63,0.09,0,0.04,0.4,0.05,0.85,0.13,19.5,0.02,5.09,-,0.23,11.94,17.69,-,5.98,5.06,4,0.7,
5460,15/04/2019,,-,0.09,0.4,37,0.08,4.13,1.02,0.1,,0.03,0.02,8,0.15,2.25,8,3.96,2.4,9.5,-,2.19,0.63,0.09,0,0.04,0.4,0.05,0.85,0.13,19.49,0.02,5.09,-,0.23,11.94,17.69,-,5.98,5.06,4,0.69,
5461,16/04/2019,,-,0.09,0.4,37,0.08,4.13,0.97,0.1,,0.03,0.02,8,0.15,2.19,8,3.96,2.4,9.5,-,2.19,0.63,0.09,0,0.04,0.4,0.05,0.85,0.12,19.5,0.02,5.09,-,0.23,11.94,17.69,-,5.98,5.06,4,0.69,
5462,17/04/2019,,-,0.09,0.4,37,0.08,4.13,0.97,0.1,,0.03,0.02,8,0.15,2.19,8,3.95,2.4,9.5,-,2.18,0.63,0.09,0,0.04,0.4,0.05,0.85,0.12,19,0.02,5.09,-,0.23,11.94,17.69,-,5.98,5.06,4,0.7,
5463,18/04/2019,,-,0.09,0.4,37,0.08,4.13,0.97,0.1,,0.03,0.02,7.8,0.15,2.16,7.8,3.96,2.4,9.5,-,2.18,0.63,0.09,0,0.04,0.4,0.05,0.85,0.12,19,0.02,5.07,-,0.23,11.94,17.69,-,5.98,5.06,4,0.7,
5464,23/04/2019,,-,0.09,0.4,37,0.08,4.13,0.97,0.1,,0.03,0.02,7.8,0.15,2.16,7.8,3.96,2.4,9.5,-,2.18,0.63,0.09,0,0.04,0.4,0.05,0.85,0.12,19,0.02,5.07,-,0.23,11.94,17.69,-,5.98,5.06,4,0.7,
5465,24/04/2019,,-,0.09,0.4,37,0.08,4.13,0.97,0.1,,0.03,0.02,7.8,0.15,2.15,8,4,2.4,9.5,-,2.18,0.63,0.09,0,0.04,0.4,0.05,0.85,0.12,19,0.02,5.09,-,0.23,11.94,17.69,-,5.98,5.06,4,0.7,
5466,25/04/2019,,-,0.09,0.4,37,0.08,4.13,0.97,0.1,,0.03,0.02,7.8,0.13,2.15,8,4,2.4,9.5,-,2.18,0.63,0.09,0,0.04,0.4,0.05,0.81,0.12,19,0.02,5.09,-,0.23,11.94,17.69,-,5.98,5.06,4,0.7,
5467,26/04/2019,,-,0.09,0.4,37,0.08,4.13,0.97,0.1,,0.03,0.02,7.8,0.13,2.15,8,4,2.4,9.5,-,2.18,0.63,0.09,0,0.04,0.4,0.05,0.81,0.12,19,0.02,5.09,-,0.23,11.94,17.69,-,5.98,5.06,4,0.7,
5468,29/04/2019,,-,0.09,0.4,37,0.08,4.13,0.97,0.1,,0.03,0.02,7.8,0.13,2.15,8,4.15,2.4,9.5,-,2.18,0.63,0.09,0,0.04,0.4,0.05,0.81,0.12,19,0.02,5.09,-,0.23,11.94,17.69,-,5.98,5.06,4,0.7,
5469,30/04/2019,,-,0.09,0.4,37,0.08,4.13,0.9,0.1,,0.03,0.02,7.8,0.14,2.14,8,4.01,2.4,9.5,-,2.18,0.63,0.09,0,0.04,0.4,0.05,0.76,0.12,19,0.02,5.09,-,0.23,11.94,17.68,-,5.98,5.06,4,0.67,
5470,05/02/2019,,-,0.09,0.4,37,0.08,4.13,0.88,0.1,,0.03,0.02,7.8,0.13,2.14,8,4,2.4,9.5,-,2.18,0.63,0.09,0,0.04,0.4,0.05,0.75,0.12,19,0.02,4.99,-,0.23,11.94,17.68,-,5.98,5.06,4,0.67,
5471,05/03/2019,,-,0.09,0.4,37,0.08,4.13,0.88,0.1,,0.03,0.02,6.72,0.13,2.14,8,4,2.4,9.5,-,2.18,0.63,0.09,0,0.04,0.4,0.05,0.75,0.12,19,0.02,4.99,-,0.23,11.94,17.68,-,5.98,5.06,4,0.68,
5472,05/06/2019,,-,0.09,0.4,37,0.08,4.13,0.88,0.1,,0.03,0.02,6.72,0.13,2.14,8,4,2.3,9.5,-,2.18,0.63,0.09,0,0.04,0.4,0.05,0.73,0.12,18.97,0.02,4.99,-,0.23,11.94,17.68,-,5.98,5.06,4,0.7,
5473,05/07/2019,,-,0.09,0.4,37,0.08,4.13,0.88,0.1,,0.03,0.02,6.72,0.14,2.14,8,4,2.3,9.5,-,2.18,0.63,0.09,0,0.04,0.4,0.05,0.73,0.12,19,0.02,4.99,-,0.23,11.94,17.68,-,5.98,5.06,4,0.7,
5474,05/08/2019,,-,0.09,0.4,37,0.08,4.13,0.88,0.1,,0.03,0.02,6.72,0.12,2.1,8,4,2.3,9.5,-,2.18,0.63,0.09,0,0.04,0.4,0.05,0.72,0.12,19,0.03,4.99,-,0.23,11.94,17.68,-,5.98,5.06,4,0.67,
5475,05/09/2019,,-,0.09,0.4,37,0.08,4.13,0.87,0.1,,0.03,0.02,6.72,0.14,2,8,4.5,2.35,9.5,-,2.18,0.63,0.09,0,0.04,0.4,0.05,0.72,0.12,18.98,0.03,4.99,-,0.23,11.94,17.68,-,5.98,5.06,4,0.7,
5476,05/10/2019,,-,0.09,0.4,37,0.08,4.13,0.86,0.1,,0.03,0.02,6.72,0.12,2,8,4.5,2.35,9.5,-,2.18,0.63,0.09,0,0.04,0.4,0.05,0.72,0.12,19,0.03,4.99,-,0.23,11.94,17.68,-,5.98,5.06,4,0.7,
5477,13/05/2019,,-,0.09,0.4,37,0.08,4.13,0.86,0.1,,0.03,0.02,6.73,0.12,2,8,4.5,2.35,9.5,-,2.18,0.63,0.09,0,0.04,0.4,0.05,0.72,0.12,19,0.03,4.99,-,0.23,11.94,17.68,-,5.98,5.06,4,0.69,
5478,14/05/2019,,-,0.09,0.4,37,0.08,4.13,0.85,0.1,,0.03,0.02,6.73,0.12,2,8,5.01,2.35,9.5,-,2.18,0.63,0.09,0,0.04,0.4,0.05,0.72,0.12,19,0.03,4.99,-,0.23,11.94,17.68,-,5.98,5.06,4,0.75,
5479,15/05/2019,,-,0.09,0.4,37,0.08,4.13,0.83,0.1,,0.03,0.02,6.74,0.12,2,8,5.01,2.35,9.5,-,2.18,0.63,0.09,0,0.04,0.4,0.05,0.72,0.12,21.8,0.03,4.99,-,0.2,11.94,17.68,-,5.98,5.06,4,0.7,
5480,16/05/2019,,-,0.09,0.4,37,0.08,4.13,0.82,0.1,,0.03,0.02,6.8,0.12,2,8,5.01,2.35,9.5,-,2.18,0.63,0.09,0,0.04,0.4,0.05,0.72,0.12,21.8,0.03,4.99,-,0.2,11.94,17.68,-,5.98,5.06,4,0.72,
5481,17/05/2019,,-,0.09,0.4,37,0.08,4.13,0.82,0.1,,0.03,0.02,6.8,0.12,2,8,5.01,2.35,9.5,-,2.18,0.63,0.09,0,0.04,0.4,0.05,0.72,0.12,21.8,0.03,4.99,-,0.2,11.94,17.68,-,5.98,5.06,4,0.72,
5482,20/05/2019,,-,0.09,0.4,37,0.08,4.13,0.82,0.1,,0.03,0.02,7,0.12,2,8,5.01,2.36,9.5,-,2.18,0.63,0.09,0,0.04,0.4,0.05,0.72,0.12,21.8,0.03,4.99,-,0.2,11.94,17.68,-,5.98,5.06,4,0.73,
5483,21/05/2019,,-,0.09,0.4,37,0.08,4.13,0.82,0.1,,0.03,0.02,7,0.12,2,8,5.01,2.36,9.5,-,2.18,0.63,0.09,0,0.04,0.4,0.05,0.72,0.12,21.8,0.03,4.99,-,0.2,11.94,17.68,-,5.98,5.06,4,0.72,
5484,22/05/2019,,-,0.09,0.4,37,0.08,4.13,0.82,0.1,,0.03,0.02,7.2,0.14,2,8,5.01,2.36,9.5,-,2.18,0.63,0.09,0,0.04,0.4,0.05,0.72,0.12,21.8,0.03,4.99,-,0.2,11.94,17.68,-,5.98,5.06,4,0.73,
5485,23/05/2019,,-,0.09,0.4,37,0.08,4.13,0.8,0.1,,0.03,0.02,7.2,0.14,2,8,5.02,2.35,9.5,-,2.18,0.63,0.09,0,0.04,0.4,0.05,0.72,0.12,21.8,0.03,4.99,-,0.2,11.94,17.68,-,5.98,5.06,4,0.74,
5486,24/05/2019,,-,0.09,0.4,37,0.08,4.13,0.8,0.1,,0.03,0.02,7.5,0.14,2,8,5.02,2.35,9.5,-,2.18,0.63,0.09,0,0.04,0.4,0.05,0.72,0.12,21.8,0.03,4.99,-,0.2,11.94,17.68,-,5.98,5.06,4,0.73,
5487,27/05/2019,,-,0.09,0.4,37,0.08,4.13,0.8,0.1,,0.03,0.02,7.5,0.14,2,8,5.02,2.35,9.5,-,2.18,0.63,0.09,0,0.03,0.4,0.05,0.72,0.12,21.8,0.03,4.99,-,0.2,11.94,17.68,-,5.98,5.06,4,0.72,
5488,28/05/2019,,-,0.09,0.4,37,0.08,4.13,0.85,0.1,,0.03,0.02,7.5,0.14,2,8,5.02,2.3,9.5,-,2.18,0.63,0.09,0,0.03,0.4,0.05,0.72,0.12,21.8,0.03,4.99,-,0.2,11.94,17.68,-,5.98,5.06,4,0.72,
5489,29/05/2019,,-,0.09,0.4,37,0.08,4.13,0.85,0.1,,0.03,0.02,7.5,0.14,2,8,5.04,2.3,9.5,-,2.18,0.63,0.09,0,0.03,0.4,0.05,0.72,0.12,21.7,0.02,4.99,-,0.2,11.94,17.68,-,5.98,5.06,4,0.72,
5490,30/05/2019,,-,0.09,0.4,37,0.08,4.13,0.8,0.1,,0.03,0.02,7.79,0.14,2,8,5.04,2.3,9.5,-,2.18,0.63,0.09,0,0.03,0.4,0.05,0.72,0.12,21.7,0.03,4.99,-,0.18,11.94,17.68,-,5.98,5.06,4,0.73,
5491,31/05/2019,,-,0.09,0.4,37,0.08,4.13,0.8,0.1,,0.03,0.02,8,0.14,2.25,8,5.04,2.3,9.5,-,2.18,0.63,0.09,0,0.03,0.4,0.05,0.72,0.12,21.7,0.03,4.99,-,0.18,11.94,17.68,-,5.98,5.06,4,0.72,
5492,06/03/2019,,-,0.09,0.4,37,0.08,3.52,0.8,0.1,,0.03,0.02,8,0.14,2.25,7.5,5.05,2.3,9.5,-,2.18,0.63,0.09,0,0.03,0.4,0.05,0.72,0.12,21.7,0.03,4.99,-,0.18,11.94,17.68,-,5.98,5.06,4,0.73,
5493,06/04/2019,,-,0.09,0.4,37,0.08,3.52,0.8,0.1,,0.03,0.02,8,0.14,2.19,7.5,5.05,2.3,9.5,-,2.18,0.63,0.09,0,0.03,0.4,0.05,0.72,0.12,21.65,0.03,4.99,-,0.18,11.94,17.68,-,5.98,5.06,4,0.72,
5494,06/06/2019,,-,0.09,0.4,37,0.08,3.52,0.8,0.1,,0.03,0.02,8,0.14,2.19,7.5,5.05,2.3,9.5,-,2.18,0.63,0.09,0,0.03,0.4,0.05,0.72,0.12,21.65,0.03,4.99,-,0.18,11.94,17.68,-,5.98,5.06,4,0.72,
5495,06/07/2019,,-,0.09,0.4,37,0.08,3.52,0.8,0.1,,0.03,0.02,8,0.14,2.19,7.5,5.05,2.3,9.5,-,2.18,0.63,0.09,0,0.03,0.4,0.05,0.72,0.12,21.65,0.03,4.99,-,0.18,11.94,17.66,-,5.98,5.06,4,0.73,
5496,06/10/2019,,-,0.09,0.4,37,0.08,3.52,0.8,0.1,,0.03,0.02,8,0.14,2.18,7,4.53,2.3,9.5,-,2.18,0.63,0.09,0,0.03,0.4,0.05,0.72,0.12,21.64,0.03,4.99,-,0.16,11.94,17.66,-,5.98,5.06,4,0.72,
5497,06/11/2019,,-,0.09,0.4,37,0.08,3.51,0.82,0.1,,0.03,0.02,8,0.13,2.18,7,4.53,2.3,9.5,-,2.18,0.63,0.09,0,0.03,0.4,0.05,0.72,0.12,21.64,0.03,4.25,-,0.14,11.94,17.65,-,5.98,5.06,3.4,0.73,
5498,06/12/2019,,-,0.09,0.4,37,0.08,3.51,0.82,0.1,,0.03,0.02,8,0.13,2.18,7,4.57,2.3,9.5,-,2.18,0.63,0.09,0,0.03,0.4,0.05,0.72,0.12,21.64,0.03,4.25,-,0.12,11.94,17.65,-,5.98,5.06,3.4,0.73,
5499,13/06/2019,,-,0.09,0.4,37,0.08,3.51,0.8,0.1,,0.03,0.02,8,0.12,2.18,7,4.59,2.2,9.5,-,2.18,0.63,0.09,0,0.03,0.4,0.05,0.72,0.12,21.64,0.03,4.25,-,0.12,11.94,17.65,-,5.98,5.06,3.4,0.73,
5500,14/06/2019,,-,0.09,0.4,37,0.08,3.51,0.8,0.1,,0.03,0.02,8,0.12,2.18,7,4.59,2.2,9.5,-,2.18,0.63,0.09,0,0.03,0.4,0.05,0.72,0.12,21.64,0.03,4.25,-,0.12,11.94,17.65,-,5.98,5.06,3.4,0.72,
5501,17/06/2019,,-,0.09,0.4,37,0.08,3.51,0.8,0.1,,0.03,0.02,7.8,0.12,2.18,7,4.59,2.2,9.5,-,2.18,0.63,0.09,0,0.03,0.4,0.05,0.72,0.11,21.6,0.03,4.25,-,0.12,11.94,17.65,-,5.98,5.06,3.4,0.72,
5502,18/06/2019,,-,0.09,0.4,37,0.08,3.51,0.85,0.1,,0.03,0.02,7.8,0.12,2.18,7,4.59,2.2,9.5,-,2.18,0.63,0.09,0,0.03,0.4,0.05,0.72,0.11,21.6,0.03,4.25,-,0.12,11.94,17.65,-,5.98,5.06,3.4,0.72,
5503,19/06/2019,,-,0.09,0.4,37,0.08,3.5,0.85,0.1,,0.03,0.02,7.8,0.12,2.18,6.99,4.59,2.2,9.5,-,2.18,0.63,0.09,0,0.03,0.4,0.05,0.72,0.11,21.6,0.04,4.25,-,0.12,11.94,17.65,-,5.98,5.06,3.4,0.72,
5504,20/06/2019,,-,0.09,0.4,37,0.08,3.5,0.9,0.1,,0.03,0.02,7.82,0.11,2.17,6.99,4.5,2.2,9.5,-,2.18,0.65,0.09,0,0.03,0.4,0.05,0.72,0.11,21.6,0.04,4.2,-,0.12,11.94,17.65,-,5.98,5.06,3,0.72,
5505,21/06/2019,,-,0.09,0.4,37,0.08,3.5,0.93,0.1,,0.03,0.02,7.82,0.11,2.15,6.5,5,2.2,9.5,-,2.18,0.65,0.09,0,0.03,0.4,0.05,0.72,0.11,20.5,0.04,4.2,-,0.12,11.94,17.65,-,5.98,5.06,3,0.72,
5506,24/06/2019,,-,0.09,0.4,37,0.08,3.5,0.95,0.1,,0.03,0.02,7.82,0.11,2.15,6.47,5,2.2,9.5,-,2.18,0.65,0.09,0,0.03,0.4,0.05,0.75,0.11,20.49,0.04,4.2,-,0.12,11.94,17.65,-,5.98,5.06,3,0.72,
5507,25/06/2019,,-,0.09,0.4,37,0.08,3.5,1,0.1,,0.03,0.02,7.82,0.11,2.15,5.81,5,2.2,9.5,-,2.18,0.65,0.09,0,0.03,0.4,0.05,0.75,0.11,19.09,0.04,4.2,-,0.12,11.94,17.65,-,5.98,5.06,3.3,0.73,
5508,26/06/2019,,-,0.09,0.4,37,0.08,3.5,1.01,0.1,,0.03,0.02,8,0.11,2.15,5,4.93,2.2,9.5,-,2.18,0.65,0.09,0,0.03,0.4,0.05,0.75,0.11,19.09,0.04,4.2,-,0.12,11.94,17.65,-,5.98,5.06,3,0.73,
5509,27/06/2019,,-,0.09,0.4,37,0.08,3.5,1,0.1,,0.03,0.02,8,0.11,2.1,5,4.93,2.2,9.5,-,2.18,0.65,0.09,0,0.03,0.4,0.05,0.75,0.11,19.02,0.03,4,-,0.12,11.94,17.65,-,5.98,5.06,3.4,0.73,
5510,28/06/2019,,-,0.09,0.4,37,0.08,3.5,1.04,0.1,,0.03,0.02,8.49,0.12,2.1,5,4.93,2.2,9.5,-,2.18,0.65,0.09,0,0.03,0.4,0.05,0.75,0.11,19.02,0.02,4,-,0.12,11.94,17.65,-,5.98,5.06,3.4,0.73,
5511,07/01/2019,,-,0.09,0.4,37,0.08,3.5,1.04,0.1,,0.03,0.02,8.49,0.12,2.1,5,4.93,2.2,9.5,-,2.18,0.65,0.09,0,0.03,0.4,0.05,0.72,0.11,19.02,0.02,4,-,0.12,11.94,17.65,-,5.98,5.06,3.4,0.71,
5512,07/02/2019,,-,0.09,0.4,37,0.08,3.5,1.05,0.1,,0.03,0.02,8.49,0.13,2.1,4.92,4.93,2.2,9.5,-,2.18,0.65,0.09,0,0.03,0.4,0.05,0.72,0.11,19.01,0.02,4,-,0.12,11.94,17.65,-,5.98,5.06,3.4,0.7,
5513,07/03/2019,,-,0.09,0.4,37,0.08,3.5,1,0.1,,0.03,0.02,7.5,0.12,2.1,4.93,4.93,2.2,9.5,-,2.18,0.65,0.09,0,0.03,0.4,0.05,0.72,0.11,19.24,0.03,4,-,0.12,11.94,17.65,-,5.98,5.06,3.4,0.7,
5514,07/04/2019,,-,0.09,0.4,37,0.08,3.5,1,0.1,,0.03,0.02,7.5,0.12,2.1,4.93,4.94,2.2,9.5,-,2.18,0.65,0.09,0,0.03,0.4,0.05,0.72,0.11,19.25,0.03,4,-,0.12,11.94,17.65,-,5.98,5.06,3.4,0.7,
5515,07/05/2019,,-,0.09,0.4,37,0.08,3.4,1,0.1,,0.03,0.02,7.55,0.13,2.1,4.93,4.94,2.2,9.5,-,2.18,0.65,0.09,0,0.03,0.4,0.05,0.72,0.11,19.25,0.03,4,-,0.12,11.94,17.65,-,5.98,5.06,3.4,0.7,
5516,07/08/2019,,-,0.09,0.4,37,0.08,3.4,1,0.1,,0.03,0.02,7.5,0.13,2.1,4.75,4.94,2.2,9.5,-,2.15,0.65,0.09,0,0.03,0.4,0.05,0.72,0.11,19.25,0.03,4,-,0.12,11.94,17.65,-,5.98,5.06,3.4,0.7,
5517,07/09/2019,,-,0.09,0.4,37,0.08,3.39,1,0.1,,0.03,0.02,7.5,0.13,2.1,4.75,4.94,2.2,9.5,-,2.15,0.65,0.09,0,0.03,0.4,0.05,0.72,0.11,19.25,0.03,4,-,0.12,11.94,17.65,-,5.98,5.06,3.4,0.7,
5518,07/10/2019,,-,0.09,0.4,37,0.08,3.39,1,0.09,,0.03,0.02,7.5,0.12,2.1,4.75,4.95,2.2,9.5,-,2.15,0.65,0.09,0,0.03,0.4,0.05,0.71,0.11,19.25,0.03,4,-,0.12,11.94,17.65,-,5.98,5.06,3.4,0.71,
5519,07/11/2019,,-,0.09,0.4,37,0.08,3.39,0.95,0.09,,0.03,0.02,7.5,0.12,2.1,4.5,4.95,2.2,9.5,-,2.15,0.65,0.09,0,0.03,0.4,0.05,0.71,0.11,19.25,0.03,4,-,0.12,11.94,17.65,-,5.98,5.06,2.9,0.72,
5520,07/12/2019,,-,0.09,0.4,37,0.08,3.39,0.95,0.09,,0.03,0.02,7.5,0.12,2.09,4.51,4.95,2.2,9.5,-,2.15,0.65,0.09,0,0.03,0.4,0.05,0.71,0.11,19.25,0.03,4,-,0.12,11.94,17.65,-,5.98,5.06,2.9,0.71,
5521,15/07/2019,,-,0.09,0.4,37,0.08,3.39,0.9,0.09,,0.03,0.02,7.5,0.12,2.1,4.55,4.95,2.2,9.5,-,2.15,0.65,0.09,0,0.03,0.4,0.05,0.72,0.11,19.25,0.03,4,-,0.12,11.94,17.65,-,5.98,5.06,2.9,0.7,
5522,16/07/2019,,-,0.09,0.4,37,0.08,3.39,0.98,0.09,,0.03,0.02,8,0.12,2.1,4.55,4.95,2.2,9.5,-,2.15,0.65,0.09,0,0.03,0.4,0.05,0.72,0.11,19,0.03,4,-,0.12,11.94,17.65,-,5.98,5.06,2.9,0.7,
5523,17/07/2019,,-,0.09,0.4,37,0.08,3.39,0.98,0.09,,0.03,0.02,8,0.12,2.1,4.55,4.95,2.2,9.5,-,2.16,0.65,0.09,0,0.03,0.4,0.05,0.72,0.11,19,0.03,4,-,0.12,11.94,17.65,-,5.98,5.06,3.34,0.7,
5524,18/07/2019,,-,0.09,0.4,37,0.08,3.2,0.98,0.09,,0.03,0.02,8,0.12,2.1,4.48,4.95,2.2,9.5,-,2.16,0.65,0.09,0,0.03,0.4,0.05,0.72,0.11,19,0.03,4,-,0.12,11.94,17.65,-,5.98,5.06,3.34,0.7,
5525,19/07/2019,,-,0.09,0.4,37,0.08,3.2,0.98,0.09,,0.03,0.02,8,0.12,2.1,4.48,4.95,2.2,9.5,-,2.16,0.65,0.09,0,0.03,0.4,0.05,0.72,0.11,19,0.03,4,-,0.12,11.94,17.65,-,5.98,5.06,3.34,0.72,
5526,22/07/2019,,-,0.09,0.4,37,0.08,3.2,0.98,0.09,,0.03,0.02,8,0.12,2.1,4.48,4.95,2.2,9.5,-,2.16,0.65,0.09,0,0.03,0.4,0.05,0.72,0.11,19,0.03,4,-,0.12,11.94,17.65,-,5.98,5.06,3.34,0.71,
5527,23/07/2019,,-,0.09,0.4,37,0.08,3.2,0.98,0.09,,0.03,0.02,8,0.12,2.05,4.48,4.95,2.2,9.5,-,2.16,0.65,0.09,0,0.03,0.4,0.05,0.72,0.11,19,0.03,4,-,0.12,11.94,17.65,-,5.98,5.06,3,0.72,
5528,24/07/2019,,-,0.09,0.4,37,0.08,3.2,0.98,0.09,,0.03,0.02,8,0.12,2.1,4.55,4.95,2.2,9.5,-,2.16,0.65,0.09,0,0.03,0.4,0.05,0.72,0.11,18,0.03,4,-,0.12,11.94,17.65,-,5.98,5.06,3,0.72,
5529,25/07/2019,,-,0.09,0.4,37,0.08,3.2,0.98,0.09,,0.03,0.02,8,0.12,2.1,4.55,4.95,2.18,9.5,-,2,0.65,0.09,0,0.03,0.4,0.05,0.72,0.11,19,0.03,3.4,-,0.12,11.94,17.65,-,5.98,5.06,3,0.7,
5530,26/07/2019,,-,0.09,0.4,37,0.08,3.2,0.98,0.09,,0.03,0.02,8.5,0.12,2.1,4.55,4.95,2.05,9.5,-,2,0.65,0.09,0,0.03,0.4,0.05,0.73,0.11,19,0.03,3.4,-,0.12,11.94,17.65,-,5.98,5.06,3,0.71,
5531,29/07/2019,,-,0.09,0.4,37,0.08,3.2,0.98,0.09,,0.03,0.02,8.5,0.12,2.1,4.55,4.95,2.02,9.5,-,2,0.65,0.09,0,0.03,0.4,0.05,0.73,0.11,19,0.03,3.4,-,0.12,11.94,17.65,-,5.98,5.06,3,0.7,
5532,30/07/2019,,-,0.09,0.4,37,0.08,3.2,0.99,0.09,,0.03,0.02,8.5,0.12,2.1,4.55,4.95,2,9.5,-,2,0.65,0.09,0,0.03,0.4,0.05,0.73,0.11,19,0.03,3.4,-,0.12,11.94,17.65,-,5.98,5.06,3,0.7,
5533,31/07/2019,,-,0.09,0.4,37,0.08,3.2,0.99,0.09,,0.03,0.02,8.5,0.12,2.1,4.59,4.95,2,9.5,-,2,0.65,0.09,0,0.03,0.4,0.05,0.73,0.11,19,0.03,3.4,-,0.12,11.94,17.65,-,5.98,5.06,3,0.72,
5534,08/01/2019,,-,0.09,0.4,37,0.08,3.1,0.98,0.09,,0.03,0.02,8.51,0.11,2.1,4.73,4.99,2,9.5,-,2,0.65,0.09,0,0.03,0.4,0.05,0.72,0.11,19,0.03,3.4,-,0.12,11.94,17.59,-,5.98,5.06,3,0.72,
5535,08/02/2019,,-,0.09,0.4,37,0.08,3.1,0.98,0.09,,0.03,0.02,8.51,0.11,2.1,4.73,5.03,2,9.5,-,2,0.65,0.09,0,0.03,0.4,0.05,0.72,0.11,19,0.03,3.4,-,0.14,11.94,17.59,-,5.98,5.06,3,0.71,
5536,08/06/2019,,-,0.09,0.4,37,0.08,3.1,0.98,0.09,,0.03,0.02,8.5,0.11,2,4.75,5.03,2,9.5,-,1.95,0.65,0.09,0,0.03,0.4,0.05,0.72,0.11,18.25,0.03,3.4,-,0.16,11.94,17.59,-,5.98,5.06,3,0.7,
5537,08/07/2019,,-,0.09,0.4,37,0.08,3.1,0.97,0.09,,0.03,0.02,8.5,0.11,2,4.75,5.03,2,9.5,-,1.95,0.65,0.09,0,0.03,0.4,0.05,0.72,0.11,19,0.03,3.4,-,0.18,11.94,17.59,-,5.98,5.06,3,0.7,
5538,08/08/2019,,-,0.09,0.4,37,0.08,3.1,0.98,0.09,,0.03,0.02,8.5,0.1,2,4.85,5.03,2,9.5,-,1.95,0.65,0.09,0,0.03,0.4,0.05,0.72,0.11,19,0.03,3.4,-,0.2,11.94,17.59,-,5.98,5.06,3,0.7,
5539,08/09/2019,,-,0.09,0.4,37,0.08,3.05,0.99,0.09,,0.03,0.02,8.5,0.1,2,4.85,5.03,2,9.5,-,1.95,0.65,0.09,0,0.03,0.4,0.05,0.72,0.1,19,0.03,3.4,-,0.22,11.94,17.59,-,5.98,5.06,3,0.7,
5540,13/08/2019,,-,0.09,0.4,37,0.08,3.05,1,0.09,,0.03,0.02,8.45,0.1,2,5.55,4.95,2,9.5,-,1.95,0.65,0.09,0,0.03,0.4,0.05,0.72,0.1,19,0.03,3,-,0.22,11.94,17,-,5.98,5.06,3,0.73,
5541,14/08/2019,,-,0.09,0.4,37,0.08,3.05,1,0.09,,0.03,0.02,8.45,0.11,2,5.55,5,2,9.5,-,1.95,0.55,0.09,0,0.03,0.4,0.05,0.72,0.1,19,0.03,3,-,0.22,11.94,17,-,5.98,5.06,3,0.73,
5542,15/08/2019,,-,0.09,0.4,37,0.08,3.05,1,0.09,,0.03,0.02,8.45,0.1,2,5.55,4.95,2,9.5,-,1.95,0.55,0.09,0,0.03,0.4,0.05,0.72,0.1,19,0.03,3,-,0.22,11.94,17,-,5.98,5.06,3,0.73,
5543,16/08/2019,,-,0.09,0.4,37,0.08,3.05,1,0.09,,0.03,0.02,8.45,0.1,1.8,5.55,4.95,2,9.5,-,1.88,0.55,0.09,0,0.03,0.4,0.05,0.72,0.1,19,0.03,3,-,0.22,11.94,17,-,5.98,5.06,3,0.71,
5544,19/08/2019,,-,0.09,0.4,37,0.08,3.05,0.99,0.09,,0.03,0.02,8.43,0.1,1.8,5.52,4.95,2,9.5,-,1.88,0.55,0.09,0,0.03,0.4,0.05,0.72,0.1,19,0.03,3,-,0.25,11.94,17,-,5.98,5.06,2.55,0.7,
5545,20/08/2019,,-,0.1,0.4,37,0.08,3.05,0.99,0.09,,0.03,0.02,8.43,0.1,1.8,5.52,4.97,2,9.5,-,1.88,0.55,0.09,0,0.03,0.4,0.05,0.72,0.1,19,0.03,3,-,0.27,11.94,17,-,5.98,5.06,2.55,0.7,
5546,21/08/2019,,-,0.1,0.4,37,0.08,3.05,0.99,0.09,,0.03,0.02,8.43,0.1,1.8,5.5,4.95,2,9.5,-,1.88,0.55,0.09,0,0.03,0.4,0.05,0.72,0.1,18.93,0.03,3,-,0.3,11.94,17,-,5.98,5.06,2.9,0.7,
5547,22/08/2019,,-,0.1,0.4,37,0.08,3,0.99,0.09,,0.03,0.02,8.43,0.1,1.8,5.5,4.95,2,9.5,-,1.88,0.55,0.09,0,0.03,0.4,0.05,0.72,0.1,18.08,0.03,3,-,0.33,11.94,17,-,5.98,5.06,2.9,0.7,
5548,23/08/2019,,-,0.1,0.4,37,0.08,3,0.99,0.09,,0.03,0.02,8.34,0.1,1.8,5.5,4.52,2,9.5,-,1.8,0.55,0.09,0,0.03,0.4,0.05,0.72,0.1,18.08,0.03,3,-,0.36,11.94,17,-,5.98,5.06,2.9,0.7,
5549,26/08/2019,,-,0.1,0.4,37,0.08,3,0.99,0.09,,0.03,0.02,8.34,0.1,1.8,5.5,4.95,2,9.5,-,1.8,0.55,0.09,0,0.03,0.4,0.05,0.71,0.1,18.08,0.03,3,-,0.36,11.94,16.8,-,5.98,5.06,2.9,0.7,
5550,27/08/2019,,-,0.1,0.4,37,0.08,3,0.99,0.09,,0.03,0.02,8.34,0.11,1.8,5.5,4.95,2,9.5,-,1.8,0.55,0.09,0,0.03,0.4,0.05,0.71,0.1,18.08,0.03,3,-,0.38,11.94,16.8,-,5.98,5.06,2.99,0.72,
5551,28/08/2019,,-,0.1,0.4,37,0.08,3,0.99,0.09,,0.03,0.02,8.34,0.11,1.8,5.5,4.93,2,9.5,-,1.8,0.55,0.09,0,0.03,0.4,0.05,0.71,0.1,18.08,0.03,3,-,0.4,11.94,16.8,-,5.98,5.06,2.99,0.73,
5552,29/08/2019,,-,0.1,0.4,37,0.08,3,0.99,0.09,,0.03,0.02,8.34,0.11,1.8,5.5,4.93,2,9.5,-,1.8,0.55,0.09,0,0.03,0.4,0.05,0.71,0.1,18.01,0.03,3,-,0.4,11.94,16.8,-,5.98,5.06,2.99,0.72,
5553,30/08/2019,,-,0.1,0.4,37,0.08,3,0.99,0.09,,0.03,0.02,8.25,0.11,1.8,5.49,4.9,2,9.5,-,1.8,0.55,0.09,0,0.03,0.39,0.05,0.7,0.1,18,0.03,3,-,0.4,11.94,16.8,-,5.98,5.06,2.99,0.72,
5554,09/02/2019,,-,0.1,0.4,37,0.08,3,0.99,0.09,,0.03,0.02,8.25,0.11,1.8,5.49,4.9,2,9.5,-,1.8,0.55,0.09,0,0.03,0.39,0.05,0.7,0.1,18,0.03,3,-,0.4,11.94,16.8,-,5.98,5.06,2.99,0.7,
5555,09/03/2019,,-,0.1,0.4,37,0.08,3,0.99,0.09,,0.03,0.02,8.17,0.1,1.8,5.49,4.9,2,9.5,-,1.8,0.55,0.09,0,0.03,0.39,0.05,0.7,0.1,18,0.03,3,-,0.4,11.94,16.8,-,5.98,5.06,2.99,0.7,
5556,09/04/2019,,-,0.1,0.4,37,0.08,3,0.99,0.09,,0.03,0.02,8.14,0.1,1.8,5.47,4.9,2,9.5,-,1.8,0.55,0.09,0,0.03,0.39,0.05,0.7,0.1,18,0.03,3.05,-,0.4,11.94,16.8,-,5.98,5.06,2.99,0.72,
5557,09/05/2019,,-,0.1,0.4,37,0.08,3,0.9,0.09,,0.03,0.02,8.14,0.1,1.8,5.47,4.9,2,9.5,-,1.8,0.55,0.09,0,0.03,0.39,0.05,0.7,0.1,18,0.03,3.05,-,0.4,11.94,16.8,-,5.98,5.06,2.99,0.7,
5558,09/06/2019,,-,0.1,0.4,37,0.08,3,0.9,0.09,,0.03,0.02,8.14,0.1,1.8,5.47,4.9,2,9.5,-,1.8,0.55,0.09,0,0.03,0.39,0.05,0.7,0.1,18,0.03,3.05,-,0.4,11.94,16.8,-,5.98,5.06,2.55,0.7,
5559,09/09/2019,,-,0.1,0.4,37,0.08,3,0.9,0.09,,0.03,0.02,8.14,0.1,1.8,5.47,4.9,2,9.5,-,1.8,0.55,0.09,0,0.03,0.39,0.05,0.7,0.1,18,0.03,3.05,-,0.4,11.94,16.8,-,5.98,5.06,2.55,0.7,
5560,09/10/2019,,-,0.1,0.4,37,0.08,3,0.9,0.09,,0.03,0.02,8.14,0.11,1.8,5.14,4.9,2,9.5,-,1.8,0.55,0.09,0,0.03,0.39,0.05,0.7,0.1,17.99,0.03,3.07,-,0.4,11.94,16.8,-,5.98,5.06,2.55,0.7,
5561,09/11/2019,,-,0.1,0.4,37,0.08,3,0.9,0.09,,0.03,0.02,8,0.11,1.8,5.14,4.9,2,9.5,-,1.8,0.55,0.09,0,0.03,0.39,0.05,0.7,0.1,17.88,0.03,3.07,-,0.4,11.94,16.8,-,5.98,5.06,2.55,0.7,
5562,09/12/2019,,-,0.1,0.4,37,0.08,3,0.89,0.09,,0.03,0.02,7.99,0.1,1.75,5.13,4.9,2,9.5,-,1.8,0.55,0.09,0,0.03,0.39,0.05,0.7,0.1,17.85,0.03,3.07,-,0.4,11.94,16.8,-,5.98,5.06,2.55,0.71,
5563,13/09/2019,,-,0.1,0.4,37,0.08,3,0.85,0.09,,0.03,0.02,7.99,0.1,1.75,5.13,4.9,2,9.5,-,1.8,0.55,0.09,0,0.03,0.39,0.05,0.7,0.1,17.01,0.03,3.06,-,0.4,11.94,16.8,-,5.98,5.06,2.55,0.7,
5564,16/09/2019,,-,0.1,0.4,37,0.08,3,0.85,0.09,,0.03,0.02,7.9,0.11,1.74,5.13,4.9,2,9.5,-,1.8,0.55,0.09,0,0.03,0.39,0.05,0.7,0.1,17.01,0.03,3.01,-,0.4,11.94,16.8,-,5.98,5.06,2.55,0.7,
5565,17/09/2019,,-,0.1,0.4,37,0.08,3,0.84,0.09,,0.03,0.02,7.9,0.11,1.74,5.13,4.9,2,9.5,-,1.8,0.55,0.09,0,0.03,0.39,0.05,0.7,0.1,17,0.03,3.01,-,0.4,11.94,16.7,-,5.98,5.06,2.55,0.71,
5566,18/09/2019,,-,0.1,0.4,37,0.08,3,0.84,0.09,,0.03,0.02,7.88,0.11,1.74,5.1,4.9,2,9.5,-,1.8,0.55,0.09,0,0.03,0.39,0.05,0.7,0.1,17,0.03,3.01,-,0.4,11.94,16.7,-,5.98,5.06,2.55,0.71,
5567,19/09/2019,,-,0.1,0.4,37,0.08,3,0.84,0.09,,0.03,0.02,7.8,0.1,1.74,5.1,4.9,2,9.5,-,1.8,0.55,0.09,0,0.03,0.39,0.05,0.7,0.1,17,0.03,3,-,0.4,11.94,16.7,-,5.98,5.06,2.55,0.7,
5568,20/09/2019,,-,0.1,0.4,37,0.08,2.95,0.84,0.09,,0.03,0.02,7.78,0.1,1.7,5.09,5.1,2,9.5,-,1.8,0.55,0.09,0,0.03,0.39,0.05,0.68,0.1,17,0.03,2.95,-,0.4,11.94,16.7,-,5.98,5.06,2.55,0.7,
5569,24/09/2019,,-,0.1,0.4,37,0.08,2.95,0.82,0.09,,0.03,0.02,7.78,0.09,1.7,5.09,5.1,2,9.5,-,1.8,0.55,0.09,0,0.03,0.39,0.05,0.67,0.1,17,0.03,2.89,-,0.4,11.94,16.7,-,5.98,5.06,2.55,0.7,
5570,25/09/2019,,-,0.1,0.4,37,0.08,2.95,0.82,0.09,,0.03,0.02,7.74,0.09,1.7,5.09,5.1,2,9.5,-,1.8,0.55,0.09,0,0.03,0.39,0.05,0.66,0.11,16.82,0.03,2.89,-,0.4,11.94,16.7,-,5.98,5.06,2.55,0.7,
5571,26/09/2019,,-,0.1,0.4,37,0.08,2.95,0.84,0.09,,0.03,0.02,7.74,0.1,1.75,5.09,5.03,2,9.5,-,1.8,0.55,0.09,0,0.03,0.39,0.05,0.66,0.11,16.8,0.03,2.89,-,0.4,11.94,16.7,-,5.98,5.06,2.55,0.7,
5572,27/09/2019,,-,0.1,0.4,37,0.08,2.95,0.91,0.09,,0.03,0.02,7.74,0.09,1.77,5.09,4.92,2,9.5,-,1.8,0.55,0.09,0,0.03,0.39,0.05,0.63,0.11,16.76,0.03,2.89,-,0.4,11.94,16.7,-,5.98,5.06,2.55,0.7,
5573,30/09/2019,,-,0.1,0.4,37,0.08,2.96,0.89,0.09,,0.03,0.02,7.96,0.09,1.9,5.09,4.92,2,9.5,-,1.8,0.55,0.09,0,0.03,0.39,0.05,0.62,0.11,16.76,0.03,2.89,-,0.4,11.94,16.7,-,5.98,5.06,2.55,0.69,
5574,10/01/2019,,-,0.1,0.4,37,0.08,2.96,0.88,0.09,,0.03,0.02,7.95,0.09,1.9,5.09,4.91,2,9.5,-,1.78,0.55,0.09,0,0.03,0.39,0.05,0.62,0.11,16.7,0.03,2.87,-,0.4,11.94,16.7,-,5.98,5.06,2.55,0.69,
5575,10/02/2019,,-,0.1,0.4,37,0.08,2.96,0.88,0.09,,0.03,0.02,7.95,0.09,1.9,4.85,4.91,2,9.5,-,1.78,0.55,0.09,0,0.03,0.39,0.05,0.6,0.11,16.7,0.03,2.87,-,0.4,11.94,16.7,-,5.98,5.06,2.4,0.69,
5576,10/03/2019,,-,0.1,0.4,37,0.08,2.96,0.88,0.09,,0.03,0.02,7.95,0.09,1.9,4.85,4.91,2,9.5,-,1.78,0.55,0.09,0,0.03,0.39,0.05,0.6,0.11,16.51,0.03,2.87,-,0.4,11.94,16.7,-,5.98,5.06,2.43,0.7,
5577,10/04/2019,,-,0.1,0.4,37,0.08,2.96,0.88,0.09,,0.03,0.02,7.95,0.09,1.9,4.5,4.91,2,9.5,-,1.78,0.55,0.09,0,0.03,0.39,0.05,0.6,0.11,16.51,0.03,2.87,-,0.4,11.94,16.7,-,5.98,5.06,2.43,0.7,
5578,10/07/2019,,-,0.1,0.4,37,0.08,2.96,0.88,0.09,,0.03,0.02,7.95,0.09,1.9,4.5,4.91,1.9,9.5,-,1.78,0.55,0.09,0,0.03,0.39,0.05,0.6,0.11,16.5,0.03,2.87,-,0.4,11.94,16.7,-,5.98,5.06,2.43,0.71,
5579,10/08/2019,,-,0.1,0.4,37,0.08,2.96,0.84,0.09,,0.03,0.02,7.95,0.09,1.9,4.5,4.9,1.9,9.5,-,1.78,0.55,0.09,0,0.03,0.39,0.05,0.6,0.11,16.08,0.03,2.87,-,0.4,11.94,16.7,-,5.98,5.06,2.43,0.7,
5580,10/09/2019,,-,0.1,0.4,37,0.08,2.96,0.84,0.09,,0.03,0.02,7.93,0.09,1.9,4.53,4.9,1.9,9.5,-,1.78,0.55,0.09,0,0.03,0.39,0.05,0.6,0.11,16.08,0.03,2.87,-,0.4,11.94,16.7,-,5.98,5.06,2.43,0.7,
5581,10/10/2019,,-,0.1,0.4,37,0.08,2.96,0.82,0.09,,0.03,0.02,7.92,0.08,1.9,4.53,4.9,1.75,9.5,-,1.78,0.55,0.09,0,0.03,0.39,0.05,0.61,0.1,16.01,0.03,2.87,-,0.4,11.94,16.7,-,5.98,5.06,2.43,0.7,
5582,10/11/2019,,-,0.1,0.4,37,0.08,2.96,0.82,0.09,,0.03,0.02,7.92,0.08,1.9,4.53,4.9,1.75,9.5,-,1.78,0.55,0.09,0,0.03,0.39,0.05,0.6,0.1,16,0.03,2.87,-,0.4,11.94,16.7,-,5.98,5.06,2.43,0.7,
5583,14/10/2019,,-,0.1,0.4,37,0.08,2.96,0.82,0.09,,0.03,0.02,7.92,0.08,1.9,4.53,4.9,1.75,9.5,-,1.75,0.55,0.09,0,0.03,0.39,0.05,0.6,0.1,16,0.03,2.87,-,0.4,11.94,16.7,-,5.98,5.06,2.43,0.7,
5584,15/10/2019,,-,0.1,0.4,37,0.08,2.96,0.8,0.09,,0.03,0.02,7.92,0.08,1.7,4.53,4.9,1.75,9.5,-,1.75,0.55,0.09,0,0.03,0.39,0.05,0.6,0.1,16,0.03,2.87,-,0.4,11.94,16.7,-,5.98,5.06,2.43,0.7,
5585,16/10/2019,,-,0.1,0.4,37,0.08,2.96,0.79,0.09,,0.03,0.02,7.92,0.08,1.7,4.53,4.9,1.75,9.5,-,1.75,0.55,0.09,0,0.03,0.39,0.05,0.6,0.1,16,0.03,2.87,-,0.4,11.94,16.7,-,5.98,5.06,2.43,0.7,
5586,17/10/2019,,-,0.1,0.4,37,0.08,2.96,0.78,0.09,,0.03,0.02,7.92,0.08,1.7,4.53,4.9,1.75,9.5,-,1.75,0.55,0.09,0,0.03,0.39,0.05,0.58,0.1,16,0.03,2.87,-,0.4,11.94,16.7,-,5.98,5.06,2.43,0.7,
5587,18/10/2019,,-,0.1,0.4,37,0.08,2.96,0.75,0.09,,0.03,0.02,7.92,0.08,1.63,4.53,4.88,1.75,9.5,-,1.75,0.55,0.09,0,0.03,0.39,0.05,0.58,0.1,16,0.03,2.87,-,0.4,11.94,16.7,-,5.98,5.06,2.43,0.7,
5588,21/10/2019,,-,0.1,0.4,37,0.08,2.96,0.74,0.09,,0.03,0.02,7.92,0.08,1.63,4.53,4.88,1.7,9.5,-,1.75,0.55,0.09,0,0.03,0.39,0.05,0.58,0.1,16,0.03,2.87,-,0.4,11.94,16.7,-,5.98,5.06,2.43,0.7,
5589,22/10/2019,,-,0.1,0.4,37,0.08,2.96,0.74,0.09,,0.03,0.02,7.92,0.08,1.63,4.53,4.88,1.7,9.5,-,1.75,0.55,0.09,0,0.03,0.39,0.05,0.58,0.1,16,0.03,2.87,-,0.4,11.94,16.7,-,5.98,5.06,2.43,0.7,
5590,23/10/2019,,-,0.1,0.4,37,0.08,2.96,0.7,0.09,,0.03,0.02,7.92,0.08,1.63,4.53,4.88,1.7,9.5,-,1.75,0.55,0.09,0,0.03,0.39,0.05,0.57,0.1,16,0.03,2.87,-,0.4,11.94,16.7,-,5.98,5.06,2.43,0.7,
5591,24/10/2019,,-,0.1,0.4,37,0.08,2.96,0.7,0.09,,0.03,0.02,7.92,0.08,1.63,4.53,4.88,1.7,9.5,-,1.75,0.55,0.09,0,0.03,0.39,0.05,0.57,0.1,16,0.03,2.87,-,0.4,11.94,16.7,-,5.98,5.06,2.43,0.7,
5592,25/10/2019,,-,0.1,0.4,37,0.08,2.96,0.7,0.09,,0.03,0.02,7.92,0.08,1.63,4.53,4.88,1.7,9.5,-,1.75,0.55,0.09,0,0.03,0.39,0.05,0.57,0.1,16,0.03,2.82,-,0.4,11.94,16.7,-,5.98,5.06,2.43,0.7,
5593,28/10/2019,,-,0.1,0.4,37,0.08,2.96,0.7,0.09,,0.03,0.02,7.88,0.08,1.63,4.53,4.88,1.7,9.5,-,1.75,0.55,0.09,0,0.03,0.39,0.05,0.57,0.1,15.92,0.03,2.82,-,0.4,11.94,16.7,-,5.98,5.06,2.43,0.7,
5594,29/10/2019,,-,0.1,0.4,37,0.08,2.96,0.64,0.09,,0.03,0.02,7.88,0.08,1.62,4.53,4.88,1.7,9.5,-,1.75,0.55,0.09,0,0.03,0.39,0.05,0.57,0.1,15.92,0.03,2.82,-,0.4,11.94,16.7,-,5.98,5.06,2.43,0.7,
5595,30/10/2019,,-,0.1,0.4,37,0.08,2.96,0.7,0.09,,0.03,0.02,7.85,0.08,1.62,4.53,4.86,1.7,9.5,-,1.75,0.55,0.09,0,0.03,0.39,0.05,0.58,0.1,15.89,0.03,2.82,-,0.4,11.94,16.7,-,5.98,5.06,2.43,0.7,
5596,31/10/2019,,-,0.1,0.4,37,0.08,2.96,0.8,0.09,,0.03,0.02,7.9,0.08,1.75,4.53,4.86,1.7,9.5,-,1.75,0.55,0.09,0,0.03,0.39,0.05,0.59,0.1,15,0.03,2.82,-,0.4,11.94,16.7,-,5.98,5.06,2.43,0.7,
5597,11/01/2019,,-,0.1,0.4,37,0.08,2.96,0.8,0.09,,0.03,0.02,7.9,0.08,1.65,4.53,4.86,1.7,9.5,-,1.75,0.55,0.09,0,0.03,0.39,0.05,0.6,0.1,15,0.03,2.82,-,0.4,11.94,16.7,-,5.98,5.06,2.43,0.7,
5598,11/04/2019,,-,0.1,0.4,37,0.08,2.96,0.8,0.09,,0.03,0.02,7.9,0.08,1.65,4.53,4.86,1.7,9.5,-,1.75,0.55,0.09,0,0.03,0.39,0.05,0.62,0.1,15.5,0.03,2.82,-,0.4,11.94,16.7,-,5.98,5.06,2.43,0.7,
5599,11/05/2019,,-,0.1,0.4,37,0.08,2.96,0.8,0.09,,0.03,0.02,7.9,0.08,1.62,4.53,4.86,1.7,9.5,-,1.75,0.55,0.09,0,0.03,0.39,0.05,0.61,0.11,15.5,0.03,2.82,-,0.4,11.94,16.7,-,5.98,5.06,2.43,0.7,
5600,11/06/2019,,-,0.1,0.4,37,0.08,2.96,0.7,0.09,,0.03,0.02,7.89,0.09,1.6,4.53,4.86,1.7,9.5,-,1.75,0.55,0.09,0,0.03,0.39,0.05,0.65,0.11,15.5,0.03,2.82,-,0.4,11.94,16.7,-,5.98,5.06,2.43,0.7,
5601,11/07/2019,,-,0.1,0.4,37,0.08,2.96,0.7,0.09,,0.03,0.02,7.89,0.09,1.6,4.53,4.86,1.7,9.5,-,1.75,0.55,0.09,0,0.03,0.39,0.05,0.67,0.11,15.5,0.03,2.82,-,0.4,11.94,16.7,-,5.98,5.06,2.43,0.7,
5602,11/08/2019,,-,0.1,0.4,37,0.08,2.96,0.8,0.09,,0.03,0.02,7.89,0.09,1.6,4.53,4.86,1.7,9.5,-,1.75,0.55,0.09,0,0.03,0.39,0.05,0.69,0.11,15.55,0.03,2.82,-,0.4,11.94,16.7,-,5.98,5.06,2.43,0.7,
5603,11/11/2019,,-,0.1,0.4,37,0.08,2.96,0.82,0.09,,0.03,0.02,7.8,0.09,1.7,4.53,4.86,1.7,9.5,-,1.75,0.55,0.09,0,0.03,0.39,0.05,0.72,0.11,15.55,0.03,2.82,-,0.4,11.94,16.7,-,5.98,5.06,2.43,0.7,
5604,11/12/2019,,-,0.1,0.4,37,0.08,2.96,0.82,0.09,,0.03,0.02,7.8,0.09,1.7,4.53,4.85,1.7,9.5,-,1.75,0.55,0.09,0,0.03,0.39,0.05,0.72,0.11,15.5,0.03,2.82,-,0.4,11.94,16.7,-,5.98,5.06,2.43,0.7,
5605,13/11/2019,,-,0.1,0.4,37,0.08,2.96,0.82,0.09,,0.03,0.02,7.8,0.09,1.7,4.53,4.85,1.7,9.5,-,1.75,0.55,0.09,0,0.03,0.39,0.05,0.72,0.11,15.5,0.03,2.82,-,0.4,11.94,16.7,-,5.98,5.06,2.43,0.7,
5606,14/11/2019,,-,0.1,0.4,37,0.08,2.96,0.82,0.09,,0.03,0.02,7.8,0.09,1.7,4.53,4.84,1.7,9.5,-,1.75,0.55,0.09,0,0.03,0.39,0.05,0.72,0.11,15.5,0.03,2.86,-,0.4,11.94,16.7,-,5.98,5.06,2.43,0.7,
5607,15/11/2019,,-,0.1,0.4,37,0.08,2.96,0.82,0.09,,0.03,0.02,7.8,0.09,1.7,4.53,4.85,1.7,9.5,-,1.75,0.55,0.09,0,0.03,0.39,0.05,0.72,0.1,14.01,0.03,2.87,-,0.4,11.94,16.7,-,5.98,5.06,2.43,0.7,
5608,18/11/2019,,-,0.1,0.4,37,0.08,2.96,0.8,0.09,,0.03,0.02,7.8,0.09,1.7,4.53,4.85,1.68,9.5,-,1.75,0.55,0.09,0,0.03,0.39,0.05,0.72,0.1,14.01,0.03,2.9,-,0.4,11.94,16.7,-,5.98,5.06,2.43,0.7,
5609,19/11/2019,,-,0.1,0.4,37,0.08,2.96,0.8,0.09,,0.03,0.02,7.82,0.09,1.7,4.53,4.85,1.69,9.5,-,1.75,0.55,0.09,0,0.03,0.38,0.05,0.72,0.1,13,0.03,2.95,-,0.4,11.94,16.7,-,5.98,5.06,2.43,0.7,
5610,20/11/2019,,-,0.1,0.4,37,0.08,2.96,0.8,0.09,,0.03,0.02,7.8,0.09,1.7,4.53,4.85,1.68,9.5,-,1.75,0.55,0.09,0,0.03,0.38,0.05,0.72,0.09,13,0.03,3,-,0.4,11.94,16.7,-,5.98,5.06,2.43,0.7,
5611,21/11/2019,,-,0.1,0.41,37,0.08,2.96,0.8,0.09,,0.03,0.02,7.8,0.09,1.7,4.53,4.85,1.68,9.5,-,1.75,0.55,0.09,0,0.03,0.38,0.05,0.72,0.08,13,0.03,2.96,-,0.4,11.94,16.7,-,5.98,5.06,2.43,0.7,
5612,22/11/2019,,-,0.1,0.41,37,0.08,2.9,0.81,0.09,,0.03,0.02,7.81,0.09,1.7,4.53,4.85,1.68,9.5,-,1.75,0.55,0.09,0,0.03,0.38,0.05,0.72,0.08,13,0.03,2.98,-,0.4,11.94,16.4,-,5.98,5.06,2.43,0.71,
5613,25/11/2019,,-,0.1,0.41,37,0.08,2.9,0.81,0.09,,0.03,0.02,7.9,0.09,1.7,4.53,4.85,1.68,9.5,-,1.75,0.55,0.09,0,0.03,0.38,0.05,0.72,0.08,13,0.03,3.05,-,0.4,11.94,16.4,-,5.98,5.06,2.43,0.7,
5614,26/11/2019,,-,0.1,0.41,37,0.08,2.9,0.82,0.09,,0.03,0.02,7.9,0.09,1.7,4.53,4.85,1.68,9.5,-,1.75,0.55,0.09,0,0.03,0.38,0.05,0.72,0.09,13.03,0.03,3.1,-,0.4,11.94,16.4,-,5.98,5.06,2.43,0.7,
5615,27/11/2019,,-,0.1,0.41,37,0.08,2.9,0.81,0.09,,0.03,0.02,7.9,0.09,1.7,4.53,4.85,1.67,9.5,-,1.75,0.55,0.09,0,0.03,0.38,0.05,0.72,0.09,13.03,0.03,3.1,-,0.4,11.94,16.4,-,5.98,5.06,2.43,0.7,
5616,28/11/2019,,-,0.1,0.41,37,0.08,2.9,0.81,0.09,,0.03,0.02,7.9,0.09,1.7,4.53,4.85,1.68,9.5,-,1.75,0.55,0.09,0,0.03,0.38,0.05,0.72,0.09,13,0.03,3.1,-,0.4,11.94,16.4,-,5.98,5.06,2.43,0.7,
5617,29/11/2019,,-,0.1,0.41,37,0.08,2.9,0.81,0.09,,0.03,0.02,7.9,0.09,1.7,4.53,4.85,1.67,9.5,-,1.75,0.55,0.09,0,0.03,0.38,0.05,0.72,0.09,13,0.03,2.92,-,0.4,11.94,16.4,-,5.98,5.06,2.43,0.7,
5618,12/02/2019,,-,0.1,0.41,37,0.08,2.9,0.81,0.09,,0.03,0.02,7.9,0.09,1.7,4.53,4.9,1.67,9.5,-,1.75,0.55,0.09,0,0.03,0.38,0.05,0.72,0.09,13,0.03,2.92,-,0.4,11.94,16.4,-,5.98,5.06,2.43,0.7,
5619,12/03/2019,,-,0.1,0.41,37,0.08,2.9,0.81,0.09,,0.03,0.02,7.9,0.09,1.7,4.53,4.9,1.67,9.5,-,1.75,0.55,0.09,0,0.03,0.38,0.05,0.72,0.09,13,0.03,2.92,-,0.4,11.94,16.4,-,5.98,5.06,2.7,0.7,
5620,12/04/2019,,-,0.1,0.41,37,0.08,2.9,0.81,0.09,,0.03,0.02,7.9,0.09,1.7,4.53,4.9,1.67,9.5,-,1.75,0.55,0.09,0,0.03,0.38,0.05,0.72,0.09,13,0.03,2.92,-,0.4,11.94,16.4,-,5.98,5.06,2.75,0.7,
5621,12/05/2019,,-,0.1,0.41,37,0.08,2.9,0.81,0.09,,0.03,0.02,7.9,0.09,1.7,4.53,4.9,1.66,9.5,-,1.75,0.55,0.09,0,0.03,0.38,0.05,0.72,0.09,14,0.03,3.15,-,0.4,11.94,16.4,-,5.98,5.06,2.88,0.7,
5622,12/09/2019,,-,0.1,0.41,37,0.08,2.9,0.81,0.09,,0.03,0.02,7.9,0.09,1.7,4.53,4.9,1.66,9.5,-,1.75,0.55,0.09,0,0.03,0.38,0.05,0.72,0.09,16,0.03,3.16,-,0.4,11.94,16.4,-,5.98,5.06,2.88,0.7,
5623,12/10/2019,,-,0.1,0.41,37,0.08,2.9,0.81,0.09,,0.03,0.02,7.85,0.09,1.7,4.53,4.9,1.66,9.5,-,1.75,0.55,0.09,0,0.03,0.38,0.05,0.72,0.09,18.4,0.03,3.16,-,0.4,11.94,16.4,-,5.98,5.06,3.25,0.71,
5624,12/11/2019,,-,0.1,0.41,37,0.08,2.9,0.82,0.09,,0.03,0.02,7.5,0.08,1.7,4.53,4.9,1.67,9.5,-,1.75,0.55,0.09,0,0.03,0.38,0.05,0.72,0.09,18.61,0.03,3.16,-,0.4,11.94,16.4,-,5.98,5.06,3.7,0.73,
5625,12/12/2019,,-,0.1,0.41,37,0.08,2.86,0.81,0.09,,0.03,0.02,7.25,0.08,1.7,4.12,4.9,1.69,9.5,-,1.75,0.55,0.09,0,0.03,0.38,0.05,0.72,0.09,19.05,0.03,3.6,-,0.4,11.94,16.4,-,5.98,5.06,4.2,0.71,
5626,13/12/2019,,-,0.1,0.41,37,0.08,2.86,0.81,0.09,,0.03,0.02,7.25,0.08,1.7,4.12,4.9,1.7,9.5,-,1.75,0.55,0.09,0,0.03,0.38,0.05,0.72,0.09,19,0.03,3.6,-,0.4,11.94,16.4,-,5.98,5.06,4.75,0.7,
5627,16/12/2019,,-,0.1,0.41,37,0.08,2.86,0.81,0.09,,0.03,0.02,7.5,0.08,1.65,4.12,4.9,1.7,9.5,-,1.75,0.48,0.09,0,0.03,0.38,0.05,0.72,0.09,19,0.03,3.6,-,0.4,11.94,16.4,-,5.98,5.06,5,0.7,
5628,17/12/2019,,-,0.1,0.41,37,0.08,2.86,0.81,0.09,,0.03,0.02,7.5,0.08,1.65,4.12,4.9,1.7,9.5,-,1.75,0.48,0.09,0,0.03,0.38,0.05,0.72,0.09,19.19,0.03,3.6,-,0.4,11.94,16.4,-,5.98,5.06,5,0.7,
5629,18/12/2019,,-,0.1,0.41,37,0.08,2.86,0.81,0.09,,0.03,0.02,7.5,0.08,1.65,4.12,5,1.7,9.5,-,1.75,0.48,0.09,0,0.03,0.38,0.05,0.72,0.09,19.19,0.03,3.59,-,0.4,11.94,16.4,-,5.98,5.06,5,0.7,
5630,19/12/2019,,-,0.1,0.41,37,0.08,2.86,0.81,0.09,,0.03,0.02,7.5,0.08,1.65,4.12,5,1.7,9.5,-,1.75,0.51,0.09,0,0.03,0.38,0.05,0.72,0.08,19.19,0.03,3.59,-,0.4,11.94,16.4,-,5.98,5.06,5,0.7,
5631,20/12/2019,,-,0.1,0.41,37,0.08,2.86,0.81,0.09,,0.03,0.02,7.3,0.08,1.65,4.12,5,1.7,9.5,-,1.75,0.48,0.09,0,0.03,0.38,0.05,0.72,0.08,19.09,0.03,3.5,-,0.4,11.94,16.4,-,5.98,5.06,5,0.69,
5632,23/12/2019,,-,0.1,0.41,37,0.08,2.86,0.81,0.09,,0.03,0.02,7.9,0.08,1.65,4.12,5,1.7,9.5,-,1.75,0.5,0.09,0,0.03,0.38,0.05,0.72,0.08,19.09,0.03,3,-,0.4,11.94,16.4,-,5.98,5.06,5,0.7,
5633,24/12/2019,,-,0.1,0.41,37,0.08,2.86,0.81,0.09,,0.03,0.02,7.9,0.08,1.65,4.12,5,1.7,9.5,-,1.75,0.5,0.09,0,0.03,0.38,0.05,0.72,0.08,19.09,0.03,3,-,0.4,11.94,16.4,-,5.98,5.06,5,0.7,
5634,27/12/2019,,-,0.1,0.41,37,0.08,2.86,0.82,0.09,,0.03,0.02,7.9,0.08,1.65,4.12,5,1.7,9.5,-,1.75,0.55,0.09,0,0.03,0.38,0.05,0.72,0.08,19.09,0.03,3,-,0.4,11.94,16.4,-,5.98,5.06,5,0.7,
5635,30/12/2019,,-,0.1,0.41,37,0.08,2.86,0.82,0.09,,0.03,0.02,7.9,0.08,1.65,4.12,5,1.7,9.5,-,1.69,0.49,0.09,0,0.03,0.38,0.05,0.72,0.08,18.4,0.02,3,-,0.4,11.94,16.4,-,5.98,5.06,5,0.7,
5636,31/12/2019,,-,0.1,0.41,37,0.08,2.86,0.89,0.09,,0.03,0.02,8.09,0.08,1.65,4.12,5.1,1.7,9.5,-,1.69,0.56,0.09,0,0.03,0.38,0.05,0.72,0.08,18.4,0.02,3,-,0.4,11.94,16.4,-,5.98,5.06,5,0.7,
5637,01/02/2020,,-,0.1,0.41,37,0.08,2.86,0.89,0.09,,0.03,0.02,8.09,0.08,1.65,4.12,5.1,1.7,9.5,-,1.69,0.56,0.09,0,0.03,0.38,0.05,0.72,0.08,18.4,0.02,3,-,0.4,11.94,16.4,-,5.98,5.06,5,0.7,
5638,01/03/2020,,-,0.1,0.41,37,0.08,2.86,0.89,0.09,,0.03,0.02,8.09,0.08,1.65,4.12,5.1,1.74,9.5,-,1.69,0.56,0.09,0,0.03,0.38,0.05,0.72,0.08,18.4,0.02,3,-,0.4,11.94,16.4,-,5.98,5.06,5,0.7,
5639,01/06/2020,,-,0.1,0.41,37,0.08,2.86,0.89,0.09,,0.03,0.02,7.4,0.08,1.65,4.12,5.1,1.74,9.5,-,1.69,0.6,0.09,0,0.03,0.38,0.05,0.72,0.08,18.4,0.02,3,-,0.4,11.94,16.4,-,5.98,5.06,5,0.7,
5640,01/08/2020,,-,0.1,0.41,37,0.08,2.86,0.89,0.09,,0.03,0.02,7.4,0.08,1.65,4.12,5.1,1.74,9.5,-,1.69,0.6,0.09,0,0.03,0.38,0.05,0.72,0.08,18.4,0.02,3,-,0.4,11.94,16.4,-,5.98,5.06,5,0.7,
5641,01/09/2020,,-,0.1,0.41,37,0.08,2.86,0.9,0.09,,0.03,0.02,7.4,0.08,1.65,4.12,5.1,1.74,9.5,-,1.69,0.6,0.09,0,0.03,0.38,0.05,0.72,0.09,18.4,0.02,3,-,0.4,11.94,16.4,-,5.98,5.06,5,0.7,
5642,01/10/2020,,-,0.1,0.41,37,0.08,2.86,0.9,0.09,,0.03,0.02,7.75,0.08,1.65,4.12,5.1,1.74,9.5,-,1.69,0.6,0.09,0,0.03,0.38,0.05,0.72,0.09,18.4,0.02,3,-,0.4,11.94,16.4,-,5.98,5.06,5,0.7,
5643,13/01/2020,,-,0.1,0.41,37,0.08,2.86,0.9,0.09,,0.03,0.02,7.75,0.08,1.65,4.12,5.1,1.74,9.5,-,1.69,0.6,0.09,0,0.03,0.38,0.05,0.72,0.09,18.4,0.02,3,-,0.4,11.94,16.4,-,5.98,5.06,5,0.7,
5644,14/01/2020,,-,0.1,0.41,37,0.08,2.86,0.9,0.09,,0.03,0.02,7.75,0.08,1.88,4.12,5.1,1.74,9.5,-,1.69,0.6,0.09,0,0.03,0.38,0.05,0.72,0.09,18.4,0.02,3,-,0.4,11.94,16.4,-,5.98,5.06,5,0.7,
5645,15/01/2020,,-,0.1,0.41,37,,2.86,0.9,0.09,,0.03,0.02,7.75,0.08,1.88,4.12,5.1,1.74,9.5,-,1.69,0.6,0.09,0,0.03,0.38,0.05,0.72,0.09,18.4,,3,-,0.4,11.94,16.4,-,5.98,5.06,5,0.69,0.4
5646,16/01/2020,,-,0.1,0.41,37,,2.86,0.99,0.09,,0.03,0.02,7.75,0.08,1.64,4.12,5.1,1.74,9.5,-,1.69,0.6,0.09,0,0.03,0.38,0.05,0.72,0.09,18.4,,3,-,0.4,11.94,16.4,-,5.98,5.06,5,0.7,0.4
5647,17/01/2020,,-,0.1,0.41,37,,2.86,0.99,0.09,,0.03,0.02,7.75,0.08,1.65,4.12,5.1,1.74,9.5,-,1.69,0.6,0.09,0,0.03,0.38,0.05,0.72,0.09,18,,3,-,0.4,11.94,16.4,-,5.98,5.06,5,0.69,0.4
5648,20/01/2020,,-,0.1,0.41,37,,2.86,0.99,0.09,,0.03,0.02,7.75,0.08,1.65,4.12,5.1,1.75,9.5,-,1.69,0.6,0.09,0,0.03,0.38,0.05,0.7,0.09,18,,3,-,0.4,11.94,16.4,-,5.98,5.06,5,0.7,0.4
5649,21/01/2020,,-,0.1,0.41,37,,2.86,0.99,0.09,,0.03,0.02,7.75,0.08,1.6,4.12,5.09,1.75,9.5,-,1.69,0.6,0.09,0,0.03,0.38,0.05,0.72,0.09,18,,3,-,0.4,11.94,16.4,-,5.98,5.06,5,0.68,0.4
5650,22/01/2020,,-,0.1,0.41,37,,2.86,0.99,0.09,,0.03,0.02,7.9,0.08,1.65,4.12,5.08,1.78,9.5,-,1.69,0.6,0.09,0,0.03,0.38,0.05,0.72,0.09,18,,3,-,0.4,11.94,16.4,-,5.98,5.06,5,0.68,0.4
5651,23/01/2020,,-,0.1,0.41,37,,2.86,0.98,0.09,,0.03,0.02,7.9,0.09,1.64,4.12,5.08,1.78,9.5,-,1.69,0.6,0.09,0,0.03,0.38,0.05,0.72,0.09,19,,3,-,0.4,11.94,16.4,-,5.98,5.06,5,0.7,0.4
5652,24/01/2020,,-,0.1,0.41,37,,2.86,0.98,0.09,,0.03,0.02,7.9,0.09,1.64,4.12,5.08,1.78,9.5,-,1.69,0.6,0.09,0,0.03,0.38,0.05,0.72,0.09,18.62,,3,-,0.4,11.94,16.4,-,5.98,5.06,5,0.68,0.4
5653,27/01/2020,,-,0.1,0.41,37,,2.86,0.97,0.09,,0.03,0.02,7.9,0.09,1.64,4.12,5.08,1.78,9.5,-,1.69,0.6,0.09,0,0.03,0.38,0.05,0.72,0.09,18.62,,3,-,0.4,11.94,16.4,-,5.98,5.06,5,0.67,0.4
5654,28/01/2020,,-,0.1,0.41,37,,2.86,0.96,0.09,,0.03,0.02,7.9,0.09,1.64,4.12,5.08,1.78,9.5,-,1.69,0.6,0.09,0,0.03,0.38,0.05,0.72,0.09,18,,3,-,0.4,11.94,16.4,-,5.98,5.06,5,0.69,0.4
5655,29/01/2020,,-,0.1,0.41,37,,2.86,0.96,0.09,,0.03,0.02,7.9,0.09,1.64,4.12,5.06,1.78,9.5,-,1.69,0.6,0.09,0,0.03,0.38,0.05,0.72,0.09,18.4,,3,-,0.4,11.94,16.4,-,5.98,5.06,5,0.68,0.4
5656,30/01/2020,,-,0.1,0.41,37,,2.86,0.96,0.09,,0.03,0.02,7.9,0.09,1.64,4.11,5,1.77,9.5,-,1.69,0.58,0.09,0,0.03,0.38,0.05,0.72,0.09,18.22,,3,-,0.4,11.94,14,-,5.98,5.06,4.5,0.68,0.4
5657,31/01/2020,,-,0.1,0.41,37,,2.86,0.96,0.09,,0.03,0.02,7.9,0.09,1.64,4.11,4.99,1.77,9.5,-,1.69,0.58,0.09,0,0.03,0.38,0.05,0.72,0.09,18,,3,-,0.4,11.94,14,-,5.98,5.06,4.5,0.68,0.4
5658,02/03/2020,,-,0.1,0.41,37,,2.86,0.96,0.09,,0.03,0.02,7.9,0.09,1.64,4.11,4.99,1.77,9.5,-,1.69,0.58,0.09,0,0.03,0.38,0.05,0.72,0.09,18,,3,-,0.4,11.94,14,-,5.98,5.06,4.5,0.68,0.4
5659,02/04/2020,,-,0.1,0.41,37,,2.86,0.96,0.09,,0.03,0.02,7.9,0.09,1.64,4.11,4.95,1.77,9.5,-,1.69,0.58,0.09,0,0.03,0.38,0.05,0.72,0.09,18,,3,-,0.4,11.94,14,-,5.98,5.06,4.5,0.68,0.4
5660,02/05/2020,,-,0.1,0.41,37,,2.86,0.96,0.09,,0.03,0.02,7.9,0.09,1.64,4.11,4.95,1.77,9.5,-,1.69,0.58,0.09,0,0.03,0.38,0.05,0.72,0.09,18,,3,-,0.4,11.94,14,-,5.98,5.06,4.5,0.67,0.4
5661,02/06/2020,,-,0.1,0.41,37,,2.86,0.96,0.09,,0.03,0.02,7.9,0.09,1.64,4.1,4.95,1.77,9.5,-,1.69,0.58,0.09,0,0.03,0.38,0.05,0.72,0.09,18,,3,-,0.4,11.94,14,-,5.98,5.06,4.5,0.68,0.4
5662,02/07/2020,,-,0.1,0.41,37,,2.86,0.95,0.09,,0.03,0.02,7.89,0.09,1.64,4.1,4.85,1.77,9.5,-,1.69,0.58,0.09,0,0.03,0.38,0.05,0.72,0.08,19,,3,-,0.4,11.94,14,-,5.98,5.06,4.5,0.66,0.4
5663,02/10/2020,,-,0.1,0.41,37,,2.86,0.95,0.09,,0.03,0.02,7.89,0.09,1.64,4.1,4.85,1.77,9.5,-,1.69,0.58,0.09,0,0.03,0.38,0.05,0.72,0.08,19,,3,-,0.4,11.94,14,-,5.98,5.06,4.5,0.68,0.4
5664,02/11/2020,,-,0.1,0.41,37,,2.86,0.95,0.09,,0.03,0.02,7.89,0.09,1.64,4.1,4.85,1.77,9.5,-,1.62,0.58,0.09,0,0.03,0.38,0.05,0.72,0.08,19.01,,3,-,0.4,11.94,14,-,5.98,5.06,4.5,0.67,0.4
5665,02/12/2020,,-,0.1,0.41,37,,2.86,0.95,0.09,,0.03,0.02,7.89,0.09,1.6,4.1,4.85,1.77,9.5,-,1.62,0.58,0.09,0,0.03,0.38,0.05,0.72,0.09,19.01,,3,-,0.4,11.94,14,-,5.98,5.06,4.5,0.67,0.4
5666,13/02/2020,,-,0.1,0.41,37,,2.86,0.95,0.09,,0.03,0.02,7.8,0.09,1.62,4.1,4.85,1.77,9.5,-,1.62,0.58,0.09,0,0.03,0.38,0.05,0.72,0.09,19.04,,3,-,0.4,11.94,14,-,5.98,5.06,4.5,0.68,0.4
5667,14/02/2020,,-,0.1,0.41,37,,2.86,0.95,0.09,,0.03,0.02,7.8,0.09,1.6,4.09,4.85,1.77,9.5,-,1.62,0.58,0.09,0,0.03,0.38,0.05,0.72,0.09,19.04,,3,-,0.4,11.94,14,-,5.98,5.06,4.5,0.67,0.4
5668,17/02/2020,,-,0.1,0.41,37,,2.86,0.95,0.09,,0.03,0.02,7.8,0.09,1.6,4.09,4.85,1.77,9.5,-,1.62,0.58,0.09,0,0.03,0.38,0.05,0.72,0.1,20,,3,-,0.4,11.94,14,-,5.98,5.06,4.5,0.68,0.4
5669,18/02/2020,,-,0.1,0.41,37,,2.86,0.95,0.09,,0.03,0.02,7.8,0.09,1.6,4.09,4.85,1.77,9.5,-,1.62,0.58,0.09,0,0.03,0.38,0.05,0.73,0.1,20,,3,-,0.4,11.94,14,-,5.98,5.06,4.5,0.67,0.4
5670,19/02/2020,,-,0.1,0.41,37,,2.86,0.95,0.09,,0.03,0.02,7.8,0.09,1.6,4.09,4.85,1.77,9.5,-,1.62,0.58,0.09,0,0.03,0.38,0.05,0.73,0.1,20,,3,-,0.4,11.94,14,-,5.98,5.06,4.5,0.67,0.4
5671,20/02/2020,,-,0.1,0.41,37,,2.86,0.95,0.09,,0.03,0.02,7.8,0.09,1.6,4.09,4.85,1.77,9.5,-,1.62,0.58,0.09,0,0.03,0.38,0.05,0.73,0.1,20,,3,-,0.4,11.94,14,-,5.98,5.06,4.5,0.67,0.4
5672,21/02/2020,,-,0.1,0.41,37,,2.86,0.95,0.09,,0.03,0.02,7.8,0.09,1.6,4.09,4.85,1.77,9.5,-,1.62,0.58,0.09,0,0.03,0.38,0.05,0.72,0.1,19.09,,3,-,0.4,11.94,14,-,5.98,5.06,4.5,0.67,0.4
5673,24/02/2020,,-,0.1,0.41,37,,2.86,0.95,0.09,,0.03,0.02,7.8,0.09,1.6,4.09,4.85,1.77,9.5,-,1.62,0.58,0.09,0,0.03,0.38,0.05,0.72,0.1,19.09,,3,-,0.4,11.94,13.98,-,5.98,5.06,4.5,0.67,0.4
5674,25/02/2020,,-,0.1,0.41,37,,2.85,0.95,0.09,,0.03,0.02,7.3,0.08,1.6,4.09,4.85,1.77,9.5,-,1.62,0.58,0.09,0,0.03,0.38,0.05,0.72,0.1,19.09,,3,-,0.4,11.94,13.98,-,5.98,5.06,4.5,0.67,0.4
5675,26/02/2020,,-,0.1,0.41,37,,2.85,0.93,0.09,,0.03,0.02,7.3,0.08,1.6,4.09,4.85,1.77,9.5,-,1.62,0.58,0.09,0,0.03,0.38,0.05,0.72,0.1,19.09,,3,-,0.4,11.94,13.98,-,5.98,5.06,4.5,0.67,0.4
5676,27/02/2020,,-,0.1,0.41,37,,2.85,0.9,0.09,,0.03,0.02,7.3,0.08,1.6,4.07,4.84,1.77,9.5,-,1.62,0.58,0.09,0,0.03,0.38,0.05,0.72,0.1,19.02,,3,-,0.4,11.94,13.98,-,5.98,5.06,4.5,0.67,0.4
5677,28/02/2020,,-,0.1,0.41,37,,2.85,0.9,0.09,,0.03,0.02,7.3,0.08,1.6,4.07,4.84,1.75,9.5,-,1.62,0.58,0.09,0,0.03,0.38,0.05,0.72,0.1,19.02,,3,-,0.4,11.93,13.98,-,5.98,5.06,4.5,0.7,0.4
5678,03/02/2020,,-,0.1,0.41,37,,2.85,0.9,0.09,,0.03,0.02,7.3,0.08,1.6,4.07,4.82,1.75,9.5,-,1.62,0.58,0.09,0,0.03,0.38,0.05,0.72,0.1,19,,3,-,0.4,11.93,13.98,-,5.98,5.06,4.5,0.68,0.4
5679,03/03/2020,,-,0.1,0.41,37,,2.85,0.9,0.09,,0.03,0.02,7.3,0.08,1.6,4.07,4.82,1.75,9.5,-,1.62,0.58,0.09,0,0.03,0.38,0.05,0.72,0.1,19,,3,-,0.4,11.93,13.98,-,5.98,5.06,4.5,0.7,0.4
5680,03/04/2020,,-,0.1,0.41,37,,2.85,0.9,0.09,,0.03,0.02,7.3,0.08,1.6,4.07,4.82,1.75,9.5,-,1.62,0.58,0.09,0,0.03,0.38,0.05,0.72,0.1,19,,3,-,0.4,11.93,13.98,-,5.98,5.06,4.5,0.67,0.4
5681,03/05/2020,,-,0.1,0.41,37,,2.85,0.92,0.09,,0.03,0.02,7.3,0.08,1.6,4.07,4.82,1.75,9.5,-,1.6,0.58,0.09,0,0.03,0.38,0.05,0.72,0.1,19,,3,-,0.4,11.93,13.98,-,5.98,5.06,4.5,0.68,0.4
5682,03/09/2020,,-,0.1,0.41,37,,2.85,0.92,0.09,,0.03,0.02,7.28,0.08,1.6,4.07,4.82,1.75,9.5,-,1.6,0.58,0.09,0,0.03,0.38,0.05,0.72,0.1,19,,3,-,0.4,11.93,13.98,-,5.98,5.06,4.5,0.68,0.4
5683,03/10/2020,,-,0.1,0.41,37,,2.85,0.92,0.09,,0.03,0.02,7.28,0.08,1.6,4.07,4.82,1.75,9.5,-,1.6,0.58,0.09,0,0.03,0.38,0.05,0.72,0.1,19,,3,-,0.4,11.93,13.98,-,5.98,5.06,4.5,0.68,0.4
5684,03/11/2020,,-,0.1,0.41,37,,2.85,0.98,0.1,,0.03,0.02,7.28,0.08,1.6,4.07,4.8,1.75,9.5,-,1.6,0.58,0.09,0,0.03,0.38,0.05,0.72,0.1,19,,3,-,0.4,11.93,13.98,-,5.98,5.06,4.5,0.7,0.4
5685,03/12/2020,,-,0.1,0.41,37,,2.85,0.92,0.1,,0.03,0.02,7.28,0.08,1.6,4.07,4.8,1.75,9.5,-,1.6,0.58,0.09,0,0.03,0.38,0.05,0.73,0.1,19,,3,-,0.4,11.93,13.98,-,5.98,5.06,4.5,0.7,0.4
5686,13/03/2020,,-,0.1,0.41,37,,2.85,0.9,0.1,,0.03,0.02,7.28,0.08,1.58,4.07,4.79,1.75,9.5,-,1.6,0.58,0.09,0,0.03,0.38,0.05,0.73,0.1,19,,3,-,0.4,11.93,13.98,-,5.98,5.06,4.5,0.68,0.4
5687,16/03/2020,,-,0.1,0.41,37,,2.85,0.9,0.1,,0.03,0.02,7.27,0.08,1.58,4.07,4.78,1.75,9.5,-,1.6,0.58,0.09,0,0.03,0.38,0.05,0.75,0.1,19,,3,-,0.4,11.93,13.98,-,5.98,5.06,4.5,0.68,0.4
5688,17/03/2020,,-,0.1,0.41,37,,2.85,0.88,0.11,,0.03,0.02,7.27,0.08,1.58,4.07,4.77,1.75,9.5,-,1.6,0.58,0.09,0,0.03,0.38,0.05,0.76,0.1,19,,3,-,0.4,11.93,13.98,-,5.98,5.06,4.5,0.69,0.4
5689,18/03/2020,,-,0.1,0.41,37,,2.85,0.86,0.11,,0.03,0.02,7.25,0.08,1.6,4.07,4.77,1.75,9.5,-,1.6,0.58,0.09,0,0.03,0.38,0.05,0.76,0.1,19,,3,-,0.4,11.93,13.98,-,5.98,5.06,4.4,0.68,0.4
5690,19/03/2020,,-,0.1,0.41,37,,2.85,0.83,0.11,,0.03,0.02,7.26,0.08,1.6,4.07,4.76,1.75,9.5,-,1.6,0.58,0.09,0,0.03,0.38,0.05,0.76,0.1,19,,3,-,0.4,11.93,13.98,-,5.98,5.06,4.4,0.68,0.4
5691,20/03/2020,,-,0.1,0.41,37,,2.85,0.83,0.11,,0.03,0.02,7.26,0.08,1.6,4.07,4.76,1.7,9.5,-,1.6,0.58,0.09,0,0.03,0.38,0.05,0.76,0.1,19,,3,-,0.4,11.93,13.98,-,5.98,5.06,4.4,0.68,0.4
5692,23/03/2020,,-,0.1,0.41,37,,2.85,0.83,0.11,,0.03,0.02,7.26,0.08,1.6,4.07,4.76,1.7,9.5,-,1.6,0.58,0.09,0,0.03,0.38,0.05,0.76,0.1,19,,3,-,0.4,11.93,13.98,-,5.98,5.06,4.4,0.68,0.4
5693,24/03/2020,,-,0.1,0.41,37,,2.85,0.82,0.11,,0.03,0.02,7.26,0.08,1.6,4.07,4.76,1.7,9.5,-,1.6,0.58,0.09,0,0.03,0.38,0.05,0.76,0.1,19,,3,-,0.4,11.93,13.98,-,5.98,5.06,4.4,0.68,0.4
5694,25/03/2020,,-,0.1,0.41,37,,2.85,0.82,0.11,,0.03,0.02,7.26,0.08,1.6,4.07,4.76,1.7,9.5,-,1.6,0.58,0.09,0,0.03,0.38,0.05,0.76,0.1,19,,2.95,-,0.4,11.93,13.98,-,5.98,5.06,4.4,0.68,0.4
5695,26/03/2020,,-,0.1,0.41,37,,2.85,0.82,0.11,,0.03,0.02,6.9,0.08,1.6,4.07,4.7,1.62,9.5,-,1.6,0.58,0.09,0,0.03,0.38,0.05,0.75,0.1,19,,2.9,-,0.4,11.93,13.98,-,5.98,5.06,4.4,0.68,0.4
5696,27/03/2020,,-,0.1,0.41,37,,2.85,0.82,0.11,,0.03,0.02,6.9,0.08,1.6,4.07,4.69,1.62,9.5,-,1.6,0.58,0.09,0,0.03,0.38,0.05,0.75,0.1,18.99,,2.9,-,0.4,11.93,13.98,-,5.98,5.06,4.4,0.68,0.4
5697,30/03/2020,,-,0.1,0.41,37,,2.85,0.82,0.11,,0.03,0.02,6.9,0.08,1.6,4.07,4.65,1.62,9.5,-,1.6,0.58,0.09,0,0.03,0.38,0.05,0.75,0.1,18.94,,2.9,-,0.4,11.93,13.98,-,5.98,5.06,4.4,0.68,0.4
5698,31/03/2020,,-,0.1,0.41,37,,2.85,0.86,0.11,,0.03,0.02,6.9,0.08,1.7,4.07,4.5,1.64,9.5,-,1.6,0.58,0.09,0,0.03,0.38,0.05,0.75,0.1,18.94,,2.88,-,0.4,11.93,13.98,-,5.98,5.06,4.4,0.68,0.4
5699,04/01/2020,,-,0.1,0.41,37,,2.85,0.86,0.11,,0.03,0.02,6.9,0.08,1.7,4.05,4.5,1.64,9.5,-,1.6,0.58,0.09,0,0.03,0.38,0.05,0.75,0.1,18.94,,2.88,-,0.4,11.93,13.98,-,5.98,5.06,4.4,0.68,0.4
5700,04/02/2020,,-,0.1,0.41,37,,2.85,0.83,0.11,,0.03,0.02,6.9,0.08,1.7,4.05,4.5,1.64,9.5,-,1.6,0.58,0.09,0,0.03,0.38,0.05,0.75,0.1,18.94,,2.88,-,0.34,11.93,13.98,-,5.98,5.06,4.4,0.66,0.4
5701,04/03/2020,,-,0.1,0.41,37,,2.85,0.83,0.11,,0.03,0.02,6.5,0.08,1.7,4,4.5,1.64,9.5,-,1.6,0.58,0.09,0,0.03,0.38,0.05,0.75,0.1,18.94,,2.85,-,0.34,11.93,13.98,-,5.98,5.06,4.4,0.68,0.4
5702,04/06/2020,,-,0.1,0.41,37,,2.85,0.83,0.11,,0.03,0.02,6.5,0.08,1.7,4,4.5,1.64,9.5,-,1.6,0.58,0.09,0,0.03,0.38,0.05,0.75,0.1,18.94,,2.85,-,0.34,11.93,13.98,-,5.98,5.06,4.4,0.66,0.4
5703,04/07/2020,,-,0.1,0.41,37,,2.85,0.83,0.11,,0.03,0.02,6.5,0.08,1.7,4,4.5,1.64,9.5,-,1.6,0.58,0.09,0,0.03,0.38,0.05,0.75,0.1,18.94,,2.85,-,0.34,11.93,13.98,-,5.98,5.06,4.4,0.66,0.4
5704,04/08/2020,,-,0.1,0.41,37,,2.85,0.82,0.11,,0.03,0.02,6.5,0.08,1.7,4,4.5,1.64,9.5,-,1.6,0.58,0.09,0,0.03,0.38,0.05,0.75,0.1,18.94,,2.85,-,0.34,11.93,13.98,-,5.98,5.06,4.4,0.65,0.4
5705,04/09/2020,,-,0.1,0.41,37,,2.85,0.82,0.11,,0.03,0.02,6.5,0.07,1.7,4,4.5,1.64,9.5,-,1.6,0.58,0.09,0,0.03,0.38,0.05,0.75,0.1,18.94,,2.85,-,0.34,11.93,13.98,-,5.98,5.06,4.4,0.68,0.4
5706,14/04/2020,,-,0.1,0.41,37,,2.85,0.8,0.11,,0.03,0.02,6.5,0.07,1.7,4,4.5,1.64,9.5,-,1.6,0.58,0.09,0,0.03,0.38,0.05,0.75,0.1,18.94,,2.85,-,0.34,11.93,13.98,-,5.98,5.06,4.4,0.68,0.4
5707,15/04/2020,,-,0.1,0.41,37,,2.85,0.8,0.11,,0.03,0.02,6,0.07,1.7,4,4.5,1.64,9.5,-,1.6,0.58,0.09,0,0.03,0.38,0.05,0.74,0.1,18.9,,2.8,-,0.34,11.92,13.98,-,5.98,5.06,4.4,0.68,0.4
5708,16/04/2020,,-,0.1,0.41,37,,2.85,0.8,0.11,,0.03,0.02,5.99,0.07,1.7,4,4.5,1.64,9.5,-,1.6,0.58,0.09,0,0.03,0.38,0.05,0.7,0.1,18.9,,2.8,-,0.34,11.92,13.98,-,5.98,5.06,4.4,0.68,0.4
5709,17/04/2020,,-,0.1,0.41,37,,2.85,0.78,0.11,,0.03,0.02,5.8,0.07,1.7,4,4.5,1.64,9.5,-,1.6,0.58,0.09,0,0.03,0.38,0.05,0.7,0.1,18.9,,2.8,-,0.34,11.92,13.98,-,5.98,5.06,4.4,0.68,0.4
5710,20/04/2020,,-,0.1,0.41,37,,2.85,0.78,0.11,,0.03,0.02,6.38,0.07,1.7,4,4.5,1.64,9.5,-,1.6,0.58,0.09,0,0.03,0.38,0.05,0.7,0.1,18.9,,2.8,-,0.34,11.92,13.98,-,5.98,5.06,4.4,0.68,0.4
5711,21/04/2020,,-,0.1,0.41,37,,2.85,0.78,0.11,,0.03,0.02,6.38,0.07,1.7,4,4.5,1.64,9.5,-,1.6,0.58,0.09,0,0.03,0.38,0.05,0.7,0.1,18.9,,2.8,-,0.34,11.92,13.98,-,5.98,5.06,4.4,0.68,0.4
5712,22/04/2020,,-,0.1,0.41,37,,2.85,0.78,0.11,,0.03,0.02,6.3,0.07,1.7,4,4.5,1.64,9.5,-,1.6,0.58,0.09,0,0.03,0.38,0.05,0.7,0.1,18.8,,2.8,-,0.34,11.92,13.98,-,5.98,5.06,4.4,0.66,0.4
5713,23/04/2020,,-,0.1,0.41,37,,2.85,0.78,0.11,,0.03,0.02,7,0.07,1.7,4,4.5,1.64,9.5,-,1.6,0.58,0.09,0,0.03,0.38,0.05,0.7,0.1,18.8,,2.8,-,0.34,11.92,13.98,-,5.98,5.06,4.4,0.69,0.4
5714,24/04/2020,,-,0.1,0.41,37,,2.85,0.77,0.11,,0.03,0.02,7,0.07,1.7,4,4.5,1.64,9.5,-,1.6,0.57,0.09,0,0.03,0.38,0.05,0.7,0.1,18.77,,2.8,-,0.34,11.92,13.98,-,5.98,5.06,4.4,0.69,0.4
5715,27/04/2020,,-,0.1,0.41,37,,2.85,0.77,0.11,,0.03,0.02,7.5,0.07,1.7,4,4.5,1.64,9.5,-,1.6,0.57,0.09,0,0.03,0.38,0.05,0.7,0.1,18.75,,2.8,-,0.34,11.92,13.98,-,5.98,5.06,4.39,0.68,0.4
5716,28/04/2020,,-,0.1,0.41,37,,2.85,0.77,0.11,,0.03,0.02,7.5,0.07,1.69,4,4.5,1.64,9.5,-,1.6,0.57,0.09,0,0.03,0.38,0.05,0.7,0.1,18,,2.8,-,0.34,11.92,13.98,-,5.98,5.06,4.39,0.62,0.4
5717,29/04/2020,,-,0.1,0.41,37,,2.85,0.82,0.11,,0.03,0.02,7.5,0.07,1.69,4,4.5,1.64,9.5,-,1.6,0.57,0.09,0,0.03,0.38,0.05,0.7,0.1,18,,2.8,-,0.34,11.92,13.98,-,5.98,5.06,4.39,0.7,0.4
5718,30/04/2020,,-,0.1,0.41,37,,2.65,0.82,0.11,,0.03,0.02,7.5,0.07,1.69,4,4.5,1.64,9.5,-,1.6,0.57,0.09,0,0.03,0.38,0.05,0.7,0.1,18,,2.78,-,0.34,11.92,13.98,-,5.98,5.06,4.39,0.64,0.4
5719,05/04/2020,,-,0.1,0.41,37,,2.65,0.8,0.11,,0.03,0.02,7.5,0.07,1.69,4,4.5,1.64,9.5,-,1.6,0.57,0.09,0,0.03,0.38,0.05,0.7,0.1,18,,2.5,-,0.34,11.92,13.98,-,5.98,5.06,4.39,0.68,0.4
5720,05/05/2020,,-,0.1,0.41,37,,2.65,0.78,0.11,,0.03,0.02,7.5,0.07,1.65,4,4.49,1.6,9.5,-,1.6,0.5,0.09,0,0.03,0.38,0.05,0.65,0.1,18,,2.5,-,0.34,11.92,13.98,-,5.98,5.06,4.39,0.64,0.4
5721,05/06/2020,,-,0.1,0.41,37,,2.65,0.77,0.11,,0.03,0.02,7.5,0.07,1.65,4,4.4,1.6,9.5,-,1.6,0.5,0.09,0,0.03,0.38,0.05,0.64,0.1,18,,2.4,-,0.34,11.92,13.98,-,5.98,5.06,4.39,0.66,0.4
5722,05/07/2020,,-,0.1,0.41,37,,2.65,0.77,0.11,,0.03,0.02,7.45,0.07,1.65,4,4.4,1.6,9.5,-,1.6,0.5,0.09,0,0.03,0.38,0.05,0.64,0.1,18,,2.4,-,0.34,11.92,13.98,-,5.98,5.06,4.39,0.61,0.4
5723,05/08/2020,,-,0.1,0.41,37,,2.65,0.78,0.11,,0.03,0.02,7.45,0.07,1.65,4,4.38,1.6,9.5,-,1.6,0.5,0.09,0,0.03,0.38,0.05,0.64,0.1,18,,2.4,-,0.34,11.92,13.98,-,5.98,5.06,4.39,0.61,0.4
5724,05/11/2020,,-,0.1,0.41,37,,2.65,0.78,0.11,,0.03,0.02,7.5,0.07,1.65,4,4.38,1.6,9.5,-,1.6,0.5,0.09,0,0.03,0.38,0.05,0.64,0.1,18,,2.4,-,0.34,11.92,13.98,-,5.98,5.06,4.39,0.61,0.4
5725,05/12/2020,,-,0.1,0.41,37,,2.65,0.78,0.11,,0.03,0.02,7.5,0.07,1.65,4,4.38,1.6,9.5,-,1.4,0.5,0.09,0,0.03,0.38,0.05,0.64,0.1,18,,2.4,-,0.34,11.92,13.98,-,5.98,5.06,4.39,0.64,0.4
5726,13/05/2020,,-,0.1,0.41,37,,2.65,0.77,0.11,,0.03,0.02,7.5,0.07,1.65,4,4.38,1.6,9.5,-,1.4,0.5,0.09,0,0.03,0.38,0.05,0.65,0.1,17.5,,2.4,-,0.34,11.92,13.98,-,5.98,5.06,4.39,0.62,0.4
5727,14/05/2020,,-,0.1,0.41,37,,2.65,0.77,0.11,,0.03,0.02,7,0.07,1.62,4,4.38,1.6,9.5,-,1.4,0.5,0.09,0,0.03,0.38,0.05,0.62,0.1,17.5,,2.4,-,0.34,11.92,13.98,-,5.98,5.06,4.39,0.58,0.4
5728,15/05/2020,,-,0.1,0.41,37,,2.65,0.77,0.11,,0.03,0.02,7,0.07,1.62,4,4.5,1.6,9.5,-,1.4,0.5,0.09,0,0.03,0.38,0.05,0.65,0.1,17.5,,2.5,-,0.34,11.92,13.98,-,5.98,5.06,4.39,0.58,0.4
5729,18/05/2020,,-,0.1,0.41,37,,2.65,0.77,0.11,,0.03,0.02,7,0.07,1.62,3.4,4.5,1.6,9.5,-,1.4,0.5,0.09,0,0.03,0.38,0.05,0.65,0.1,17.5,,2.5,-,0.34,11.92,13.98,-,5.98,5.06,4.39,0.6,0.4
5730,19/05/2020,,-,0.1,0.41,37,,2.65,0.77,0.11,,0.03,0.02,7,0.07,1.62,3.39,4.5,1.6,9.5,-,1.4,0.5,0.09,0,0.03,0.38,0.05,0.65,0.1,17.2,,2.5,-,0.34,11.92,13.98,-,5.98,5.06,4.39,0.6,0.4
5731,20/05/2020,,-,0.1,0.41,37,,2.65,0.76,0.11,,0.03,0.02,6.99,0.07,1.61,3.39,4.49,1.59,9.5,-,1.4,0.5,0.09,0,0.03,0.38,0.05,0.65,0.1,17.1,,2.5,-,0.34,11.92,13.98,-,5.98,5.06,4.39,0.59,0.4
5732,21/05/2020,,-,0.1,0.41,37,,2.65,0.76,0.11,,0.03,0.02,7.5,0.07,1.5,3.39,4.49,1.59,9.5,-,1.4,0.5,0.09,0,0.03,0.38,0.05,0.65,0.1,17.1,,2.5,-,0.34,11.92,13.98,-,5.98,5.06,4.39,0.61,0.4
5733,22/05/2020,,-,0.1,0.41,37,,2.65,0.7,0.11,,0.03,0.02,7.45,0.07,1.49,3.39,4.48,1.59,9.5,-,1.4,0.49,0.09,0,0.03,0.38,0.05,0.65,0.1,17,,2.5,-,0.34,11.92,13.98,-,5.98,5.06,4.39,0.61,0.4
5734,26/05/2020,,-,0.1,0.41,37,,2.65,0.7,0.11,,0.03,0.02,7.45,0.07,1.49,3.39,4.48,1.59,9.5,-,1.4,0.49,0.09,0,0.03,0.38,0.05,0.65,0.1,17,,2.5,-,0.34,11.92,13.98,-,5.98,5.06,4.39,0.6,0.4
5735,27/05/2020,,-,0.1,0.41,37,,2.5,0.7,0.11,,0.03,0.02,7.45,0.07,1.49,3.38,4.48,1.59,9.5,-,1.4,0.49,0.09,0,0.03,0.38,0.05,0.65,0.1,17,,2.5,-,0.34,11.92,13.98,-,5.98,5.06,4.39,0.58,0.4
5736,28/05/2020,,-,0.1,0.41,37,,2.5,0.7,0.11,,0.03,0.02,7.45,0.07,1.49,3.38,4.48,1.59,9.5,-,1.4,0.49,0.09,0,0.03,0.38,0.05,0.65,0.1,17,,2.5,-,0.34,11.92,13.98,-,5.98,5.06,4.39,0.56,0.4
5737,29/05/2020,,-,0.1,0.41,37,,2.5,0.7,0.11,,0.03,0.02,7.49,0.07,1.49,3.38,4.48,1.58,9.5,-,1.4,0.49,0.09,0,0.03,0.38,0.05,0.65,0.1,17,,2.49,-,0.34,11.92,13.98,-,5.98,5.06,4.39,0.55,0.4
5738,06/01/2020,,-,0.1,0.41,37,,2.5,0.7,0.11,,0.03,0.02,7.49,0.07,1.49,3.38,4.48,1.58,9.5,-,1.4,0.49,0.09,0,0.03,0.38,0.05,0.65,0.1,17,,2.49,-,0.34,11.92,13.98,-,5.98,5.06,4.39,0.55,0.4
5739,06/02/2020,,-,0.1,0.41,37,,2.5,0.7,0.11,,0.03,0.02,7.49,0.07,1.49,3.38,4.48,1.58,9.5,-,1.4,0.49,0.09,0,0.03,0.38,0.05,0.65,0.1,17,,2.49,-,0.34,11.92,13.98,-,5.98,5.06,4.39,0.55,0.4
5740,06/03/2020,,-,0.1,0.41,37,,2.5,0.7,0.11,,0.03,0.02,7.49,0.07,1.49,2.88,4.48,1.55,9.5,-,1.4,0.49,0.09,0,0.03,0.38,0.05,0.65,0.1,17,,2.49,-,0.34,11.92,13.98,-,5.98,5.06,4.39,0.56,0.4
5741,06/04/2020,,-,0.1,0.41,37,,2.5,0.7,0.11,,0.03,0.02,7.45,0.07,1.49,2.45,4.48,1.55,9.5,-,1.4,0.49,0.09,0,0.03,0.38,0.05,0.6,0.1,17,,2.4,-,0.34,11.92,13.98,-,5.98,5.06,4.39,0.57,0.4
5742,06/05/2020,,-,0.1,0.41,37,,2.5,0.7,0.11,,0.03,0.02,7.49,0.07,1.49,2.45,4.48,1.55,9.5,-,1.4,0.49,0.09,0,0.03,0.38,0.05,0.6,0.1,17,,2.4,-,0.34,11.92,13.98,-,5.98,5.06,4.39,0.58,0.4
5743,06/08/2020,,-,0.1,0.41,37,,2.5,0.7,0.11,,0.03,0.02,7.49,0.07,1.49,2.45,4.48,1.55,9.5,-,1.2,0.45,0.09,0,0.03,0.38,0.05,0.6,0.1,17,,2.4,-,0.34,11.92,13.98,-,5.98,5.06,4.39,0.58,0.4
5744,06/09/2020,,-,0.1,0.41,37,,2.5,0.69,0.11,,0.03,0.02,7.49,0.07,1.49,2.45,4.4,1.55,9.5,-,1.2,0.45,0.09,0,0.03,0.38,0.05,0.6,0.1,17,,2.4,-,0.34,11.92,13.98,-,5.98,5.06,4.39,0.59,0.4
5745,06/10/2020,,-,0.1,0.41,37,,2.5,0.69,0.11,,0.03,0.02,7.49,0.07,1.49,2.45,4.3,1.55,9.5,-,1.2,0.45,0.09,0,0.03,0.38,0.05,0.6,0.1,17,,2.4,-,0.34,11.92,13.98,-,5.98,5.06,4.39,0.59,0.4
5746,06/11/2020,,-,0.1,0.41,37,,2.5,0.69,0.11,,0.03,0.02,7.45,0.07,1.45,2.45,4.2,1.55,9.5,-,1.2,0.4,0.09,0,0.03,0.38,0.05,0.6,0.1,17,,2.4,-,0.34,11.92,13.98,-,5.98,5.06,4.39,0.58,0.4
5747,06/12/2020,,-,0.1,0.41,37,,2.5,0.69,0.11,,0.03,0.02,7.49,0.07,1.44,2.09,4.05,1.5,9.5,-,1.2,0.4,0.09,0,0.03,0.38,0.05,0.6,0.1,17,,2.37,-,0.34,11.92,13.98,-,5.98,5.06,4.39,0.58,0.4
5748,15/06/2020,,-,0.1,0.41,37,,2.5,0.69,0.11,,0.03,0.02,7.49,0.07,1.44,2.09,4.05,1.5,9.5,-,1.2,0.4,0.09,0,0.03,0.38,0.05,0.6,0.1,17,,2.37,-,0.34,11.92,13.98,-,5.98,5.06,4.39,0.58,0.4
5749,16/06/2020,,-,0.1,0.41,37,,2.5,0.69,0.11,,0.03,0.02,7.49,0.07,1.44,2.09,3.8,1.5,9.5,-,1.2,0.4,0.09,0,0.03,0.38,0.05,0.6,0.1,17,,2.37,-,0.34,11.92,13.98,-,5.98,5.06,4.39,0.58,0.4
5750,17/06/2020,,-,0.11,0.41,37,,2.5,0.69,0.11,,0.03,0.02,7.49,0.07,1.44,2.08,3.8,1.5,9.5,-,1.2,0.4,0.09,0,0.03,0.38,0.05,0.6,0.1,17,,2.37,-,0.34,11.92,13.98,-,5.98,5.06,4.39,0.6,0.4
5751,18/06/2020,,-,0.11,0.41,37,,2.5,0.69,0.11,,0.03,0.02,7.5,0.07,1.44,2,3.8,1.5,9.5,-,1.2,0.4,0.09,0,0.03,0.38,0.05,0.6,0.1,17,,2.37,-,0.34,11.92,13.98,-,5.98,5.06,4.39,0.59,0.4
5752,19/06/2020,,-,0.11,0.41,37,,2.5,0.69,0.11,,0.03,0.02,7.5,0.06,1.44,2,3.6,1.5,9.5,-,1.2,0.4,0.09,0,0.03,0.38,0.05,0.6,0.1,17,,2.37,-,0.34,11.92,13.98,-,5.98,5.06,4.39,0.59,0.4
5753,22/06/2020,,-,0.11,0.41,37,,2.5,0.69,0.11,,0.03,0.02,7.5,0.06,1.43,2,3.55,1.5,9.5,-,1.2,0.4,0.09,0,0.03,0.38,0.05,0.6,0.1,17,,2.37,-,0.34,11.92,13.98,-,5.98,5.06,4.39,0.59,0.4
5754,23/06/2020,,-,0.11,0.41,37,,2.5,0.69,0.11,,0.03,0.02,7.5,0.06,1.43,2,3.4,1.5,9.5,-,1.2,0.4,0.09,0,0.03,0.38,0.05,0.6,0.1,16,,2.37,-,0.34,11.92,13.98,-,5.98,5.06,4.39,0.59,0.4
5755,24/06/2020,,-,0.11,0.41,37,,2.5,0.71,0.11,,0.03,0.02,7.5,0.06,1.43,2,3.4,1.5,9.5,-,1.2,0.4,0.09,0,0.03,0.38,0.05,0.6,0.1,16,,2.37,-,0.34,11.92,13.98,-,5.98,5.06,4.39,0.59,0.4
5756,25/06/2020,,-,0.11,0.41,37,,2.5,0.73,0.11,,0.03,0.02,7.5,0.06,1.4,2,3.4,1.5,9.5,-,1.2,0.4,0.09,0,0.03,0.38,0.05,0.6,0.1,16,,2.35,-,0.34,11.92,13.98,-,5.98,5.06,4.39,0.56,0.4
5757,26/06/2020,,-,0.11,0.41,37,,2.5,0.75,0.11,,0.03,0.02,7.5,0.06,1.43,2,3.4,1.55,9.5,-,1.2,0.4,0.09,0,0.03,0.38,0.05,0.6,0.1,16,,2.35,-,0.34,11.92,13.98,-,5.98,5.06,4.39,0.56,0.4
5758,29/06/2020,,-,0.11,0.41,37,,2.5,0.76,0.11,,0.03,0.02,7.5,0.06,1.43,2,3.4,1.55,9.5,-,1.2,0.4,0.09,0,0.03,0.38,0.05,0.6,0.1,15.5,,2.35,-,0.34,11.92,13.98,-,5.98,5.06,4.39,0.56,0.4
5759,30/06/2020,,-,0.11,0.41,37,,2.5,0.73,0.11,,0.03,0.02,7.5,0.06,1.43,1.8,3.4,1.59,9.5,-,1.2,0.4,0.09,0,0.03,0.38,0.05,0.6,0.1,15.5,,2.35,-,0.34,11.92,13.98,-,5.98,5.06,4.39,0.59,0.4
5760,07/01/2020,,-,0.11,0.41,37,,2.5,0.73,0.11,,0.03,0.02,7.5,0.06,1.43,1.75,3.4,1.59,9.5,-,1.2,0.4,0.09,0,0.03,0.38,0.05,0.6,0.1,15.5,,2.35,-,0.34,11.92,13.98,-,5.98,5.06,4.39,0.59,0.4
5761,07/02/2020,,-,0.11,0.41,37,,2.5,0.71,0.11,,0.03,0.02,7.5,0.06,1.43,1.75,3.4,1.59,9.5,-,1.2,0.4,0.09,0,0.03,0.38,0.05,0.62,0.1,15.5,,2.35,-,0.34,11.92,13.98,-,5.98,5.06,4.39,0.58,0.4
5762,07/03/2020,,-,0.11,0.41,37,,2.5,0.71,0.11,,0.03,0.02,7.5,0.06,1.43,1.75,3.4,1.59,9.5,-,1.2,0.4,0.09,0,0.03,0.38,0.05,0.62,0.1,15.5,,2.35,-,0.34,11.92,13.98,-,5.98,5.06,4.39,0.58,0.4
5763,07/06/2020,,-,0.11,0.41,37,,2.5,0.65,0.11,,0.03,0.02,7.5,0.06,1.43,1.75,3.4,1.59,9.5,-,1.2,0.4,0.09,0,0.03,0.38,0.05,0.62,0.1,15.5,,2.35,-,0.34,11.92,13.98,-,5.98,5.06,4.39,0.58,0.4
5764,07/07/2020,,-,0.11,0.41,37,,2.5,0.65,0.11,,0.03,0.02,7.5,0.06,1.43,1.75,3.4,1.59,9.5,-,1.2,0.4,0.09,0,0.03,0.38,0.05,0.62,0.1,15,,2.35,-,0.34,11.92,13.98,-,5.98,5.06,4.39,0.58,0.4
5765,07/08/2020,,-,0.11,0.41,37,,2.5,0.65,0.11,,0.03,0.02,7.5,0.06,1.43,1.75,3.4,1.59,9.5,-,1.2,0.4,0.09,0,0.03,0.38,0.05,0.62,0.1,15,,2.35,-,0.34,11.92,13.98,-,5.98,5.06,4.39,0.57,0.4
5766,07/09/2020,,-,0.11,0.41,37,,2.5,0.65,0.11,,0.03,0.02,7.5,0.07,1.42,1.75,3.4,1.59,9.5,-,1.2,0.4,0.09,0,0.03,0.38,0.05,0.62,0.1,15,,2.35,-,0.34,11.92,13.98,-,5.98,5.06,4.39,0.57,0.4
5767,07/10/2020,,-,0.11,0.41,37,,2.5,0.65,0.11,,0.03,0.02,7.5,0.07,1.42,1.75,3.4,1.59,9.5,-,1.2,0.4,0.09,0,0.03,0.38,0.05,0.62,0.1,15,,2.35,-,0.34,11.92,13.98,-,5.98,5.06,4.39,0.57,0.4
5768,13/07/2020,,-,0.11,0.41,37,,2.5,0.65,0.11,,0.03,0.02,7.5,0.07,1.42,1.75,3.74,1.59,9.5,-,1.2,0.4,0.09,0,0.03,0.38,0.05,0.62,0.1,15,,2.35,-,0.34,11.92,13.98,-,5.98,5.06,4.39,0.57,0.4
5769,14/07/2020,,-,0.11,0.41,37,,2.5,0.65,0.11,,0.03,0.02,7.5,0.07,1.42,1.75,3.74,1.59,9.5,-,1.2,0.4,0.09,0,0.03,0.38,0.05,0.62,0.1,15,,2.35,-,0.34,11.92,13.98,-,5.98,5.06,4.39,0.57,0.4
5770,15/07/2020,,-,0.11,0.41,37,,2.5,0.65,0.11,,0.03,0.02,7.5,0.07,1.42,1.75,3.74,1.59,9.5,-,1.2,0.4,0.09,0,0.03,0.38,0.05,0.62,0.1,15,,2.35,-,0.34,11.92,13.98,-,5.98,5.06,4.39,0.57,0.4
5771,16/07/2020,,-,0.11,0.41,37,,2.5,0.65,0.11,,0.03,0.02,7.5,0.06,1.42,1.75,3.74,1.59,9.5,-,1.2,0.4,0.09,0,0.03,0.38,0.05,0.62,0.1,15,,2.35,-,0.34,11.92,13.98,-,5.98,5.06,4.39,0.57,0.4
5772,17/07/2020,,-,0.11,0.41,37,,2.5,0.65,0.11,,0.03,0.02,7.5,0.06,1.42,1.65,3.74,1.59,9.5,-,1.2,0.4,0.09,0,0.03,0.38,0.05,0.62,0.1,15,,2.35,-,0.34,11.92,13.98,-,5.98,5.06,4.39,0.56,0.4
5773,20/07/2020,,-,0.11,0.41,37,,2.5,0.65,0.11,,0.03,0.02,7.5,0.06,1.42,1.65,3.8,1.59,9.5,-,1.2,0.4,0.09,0,0.03,0.38,0.05,0.62,0.1,15,,2.35,-,0.34,11.92,13.98,-,5.98,5.06,4.39,0.57,0.4
5774,21/07/2020,,-,0.11,0.41,37,,2.5,0.65,0.11,,0.03,0.02,7.5,0.06,1.42,1.65,3.8,1.59,9.5,-,1.2,0.4,0.09,0,0.03,0.38,0.05,0.62,0.1,15,,2.35,-,0.34,11.92,13.98,-,5.98,5.06,4.39,0.57,0.4
5775,22/07/2020,,-,0.11,0.41,37,,2.5,0.65,0.11,,0.03,0.02,7.5,0.06,1.42,1.65,3.8,1.59,9.5,-,1.2,0.4,0.09,0,0.03,0.38,0.05,0.62,0.1,15,,2.35,-,0.34,11.92,13.98,-,5.98,5.06,4.39,0.56,0.4
5776,23/07/2020,,-,0.11,0.41,37,,2.5,0.65,0.11,,0.03,0.02,7.5,0.06,1.42,1.65,3.8,1.59,9.5,-,1.2,0.4,0.09,0,0.03,0.38,0.05,0.62,0.1,15,,2.35,-,0.34,11.92,13.98,-,5.98,5.06,4.39,0.56,0.4
