Date,ABL,AGC,AGA,AADs,ALW,AYRTN,BAT,BOPP,CAL,CFAO,CLYD,CPC,EBG,EIC,ETI,FML,GBL,GCB,GGBL,GOIL,GSR,GWEB,HFC,KBL,MGL,MLC,MOGL,PKL,PBC,PZ,SCB,SIC,SPL,SPPC,SSB,SWL,TBL,TRANSOL,UNIL,UT,CMLT
2010-01-04,0.1,,30,0.3,0.44,0.13,,0.48,0.2,0.03,0.08,0.03,2.8,2.2,0.15,5.55,,0.74,1.35,0.17,3.1,0.05,0.62,,,0.2,6.8,0.07,0.19,1.1,30.0,0.26,0.05,0.1,0.45,0.03,1.33,0.09,3.4,0.21,0.16
2010-01-05,0.1,,30,0.3,0.44,0.13,,0.48,0.2,0.03,0.08,0.03,2.8,2.2,0.15,5.55,,0.74,1.35,0.17,3.1,0.05,0.62,,,0.2,6.8,0.07,0.19,1.1,30.0,0.26,0.05,0.1,0.45,0.03,1.33,0.09,3.4,0.21,0.16
2010-01-06,0.1,,30,0.3,0.44,0.13,,0.48,0.2,0.03,0.08,0.03,2.8,2.2,0.15,5.55,,0.74,1.35,0.17,3.1,0.05,0.62,,,0.2,6.8,0.07,0.19,1.1,30.0,0.27,0.05,0.1,0.45,0.03,1.33,0.09,3.4,0.21,0.16
2010-01-07,0.1,,30,0.3,0.44,0.13,,0.5,0.2,0.03,0.08,0.03,2.8,2.2,0.15,5.75,,0.74,1.35,0.17,3.1,0.05,0.62,,,0.2,6.8,0.07,0.19,1.1,30.0,0.27,0.05,0.1,0.45,0.03,1.33,0.09,3.4,0.21,0.16
2010-01-08,0.1,,30,0.3,0.44,0.13,,0.5,0.2,0.03,0.08,0.03,2.8,2.2,0.15,5.75,,0.74,1.35,0.17,3.1,0.05,0.62,,,0.2,6.8,0.07,0.19,1.1,30.0,0.27,0.05,0.1,0.45,0.03,1.33,0.09,3.4,0.21,0.16
2010-01-11,0.1,,30,0.3,0.44,0.13,,0.5,0.2,0.03,0.08,0.03,2.78,2.2,0.15,5.75,,0.74,1.35,0.17,3.1,0.05,0.62,,,0.2,6.8,0.07,0.19,1.1,30.0,0.27,0.05,0.1,0.45,0.03,1.33,0.09,3.4,0.21,0.16
2010-01-12,0.1,,30,0.3,0.44,0.13,,0.5,0.2,0.03,0.08,0.03,2.78,2.2,0.15,5.75,,0.74,1.35,0.17,3.1,0.05,0.62,,,0.2,6.8,0.07,0.19,1.1,30.0,0.27,0.05,0.1,0.45,0.03,1.33,0.09,3.4,0.21,0.16
2010-01-13,0.1,,30,0.3,0.44,0.13,,0.5,0.2,0.03,0.08,0.03,2.78,2.2,0.15,5.75,,0.74,1.35,0.17,3.1,0.05,0.62,,,0.2,6.8,0.07,0.19,1.1,30.0,0.28,0.05,0.1,0.45,0.03,1.33,0.09,3.4,0.21,0.16
2010-01-14,0.1,,30,0.3,0.44,0.13,,0.5,0.2,0.03,0.08,0.03,2.78,2.2,0.14,5.75,,0.74,1.35,0.18,3.1,0.05,0.62,,,0.2,6.8,0.07,0.19,1.1,30.0,0.29,0.05,0.1,0.45,0.03,1.33,0.09,3.4,0.21,0.16
2010-01-15,0.1,,30,0.3,0.44,0.13,,0.5,0.2,0.03,0.08,0.03,2.78,2.2,0.14,5.75,,0.74,1.35,0.2,3.1,0.05,0.62,,,0.2,6.8,0.07,0.19,1.1,30.0,0.3,0.05,0.1,0.45,0.03,1.33,0.09,3.4,0.21,0.16
2010-01-18,0.1,,30,0.3,0.44,0.13,,0.51,0.19,0.03,0.08,0.03,2.78,2.2,0.14,5.75,,0.73,1.35,0.2,3.1,0.05,0.62,,,0.2,6.8,0.07,0.19,1.1,30.0,0.3,0.05,0.1,0.45,0.03,1.33,0.09,3.4,0.21,0.16
2010-01-19,0.1,,30,0.3,0.44,0.13,,0.51,0.19,0.03,0.08,0.03,2.78,2.2,0.14,5.75,,0.73,1.35,0.2,3.0,0.05,0.62,,,0.2,6.8,0.07,0.19,1.1,30.0,0.3,0.05,0.1,0.45,0.03,1.33,0.09,3.4,0.21,0.16
2010-01-20,0.1,,30,0.3,0.44,0.13,,0.51,0.19,0.03,0.08,0.03,2.78,2.2,0.14,5.75,,0.73,1.35,0.2,3.0,0.05,0.62,,,0.2,6.8,0.07,0.19,1.1,30.0,0.3,0.05,0.1,0.45,0.03,1.33,0.09,3.4,0.21,0.16
2010-01-21,0.1,,30,0.3,0.44,0.13,,0.51,0.2,0.03,0.08,0.03,2.8,2.2,0.14,5.75,,0.73,1.35,0.2,3.0,0.05,0.62,,,0.2,6.8,0.07,0.19,1.1,30.0,0.3,0.05,0.1,0.45,0.03,1.33,0.09,3.4,0.21,0.16
2010-01-22,0.1,,30,0.3,0.44,0.13,,0.51,0.2,0.03,0.08,0.03,2.8,2.2,0.14,5.75,,0.73,1.35,0.2,3.0,0.05,0.62,,,0.2,6.8,0.07,0.19,1.1,30.0,0.3,0.05,0.1,0.45,0.03,1.33,0.09,3.4,0.21,0.16
2010-01-25,0.1,,30,0.3,0.44,0.13,,0.51,0.19,0.03,0.08,0.03,2.8,2.2,0.15,5.75,,0.73,1.35,0.21,3.0,0.05,0.62,,,0.2,6.8,0.07,0.19,1.1,30.0,0.3,0.05,0.1,0.45,0.03,1.33,0.09,3.4,0.22,0.16
2010-01-26,0.1,,30,0.3,0.44,0.13,,0.51,0.19,0.03,0.08,0.03,2.8,2.2,0.15,5.8,,0.73,1.35,0.21,3.0,0.05,0.62,,,0.2,6.8,0.07,0.19,1.1,30.0,0.3,0.05,0.1,0.45,0.03,1.33,0.09,3.4,0.22,0.16
2010-01-27,0.1,,30,0.3,0.44,0.13,,0.51,0.19,0.03,0.08,0.03,2.8,2.2,0.15,5.8,,0.73,1.34,0.21,3.0,0.05,0.62,,,0.2,6.8,0.07,0.19,1.1,30.0,0.29,0.05,0.1,0.45,0.03,1.33,0.09,3.4,0.22,0.16
2010-01-28,0.1,,30,0.3,0.44,0.13,,0.51,0.19,0.03,0.08,0.03,2.84,2.2,0.15,6.0,,0.73,1.34,0.21,3.0,0.05,0.62,,,0.2,6.8,0.07,0.19,1.1,30.2,0.3,0.05,0.1,0.45,0.03,1.33,0.09,3.4,0.23,0.16
2010-01-29,0.1,,30,0.3,0.44,0.13,,0.51,0.2,0.03,0.08,0.03,2.85,2.2,0.15,6.05,,0.73,1.35,0.21,3.0,0.05,0.62,,,0.2,6.8,0.07,0.18,1.1,31.0,0.3,0.05,0.1,0.45,0.03,1.33,0.09,3.39,0.23,0.16
2010-02-01,0.1,,30,0.3,0.44,0.13,,0.51,0.2,0.03,0.08,0.03,2.9,2.2,0.15,6.06,,0.73,1.34,0.21,3.0,0.05,0.62,,,0.2,6.8,0.07,0.18,1.1,30.2,0.3,0.05,0.1,0.48,0.03,1.33,0.09,3.4,0.23,0.16
2010-02-02,0.1,,30,0.3,0.44,0.13,,0.51,0.19,0.03,0.08,0.03,2.9,2.2,0.15,6.06,,0.73,1.34,0.21,3.0,0.05,0.62,,,0.2,6.8,0.07,0.18,1.1,30.2,0.29,0.05,0.1,0.48,0.03,1.33,0.09,3.39,0.23,0.16
2010-02-03,0.1,,30,0.3,0.44,0.13,,0.51,0.19,0.03,0.08,0.03,2.9,2.2,0.15,6.06,,0.73,1.34,0.21,3.0,0.05,0.62,,,0.2,6.8,0.07,0.18,1.1,30.31,0.29,0.05,0.1,0.48,0.03,1.33,0.09,3.39,0.23,0.16
2010-02-04,0.1,,30,0.3,0.44,0.13,,0.51,0.19,0.03,0.08,0.03,2.92,2.2,0.15,6.06,,0.73,1.33,0.21,3.0,0.05,0.62,,,0.2,6.8,0.07,0.18,1.1,30.35,0.29,0.05,0.1,0.48,0.03,1.33,0.09,3.39,0.23,0.16
2010-02-05,0.1,,30,0.3,0.44,0.13,,0.51,0.19,0.03,0.08,0.03,2.92,2.2,0.15,6.06,,0.73,1.33,0.21,3.0,0.05,0.62,,,0.2,6.8,0.07,0.18,1.1,30.35,0.29,0.05,0.1,0.48,0.03,1.33,0.09,3.39,0.23,0.16
2010-02-08,0.1,,30,0.3,0.44,0.13,,0.51,0.19,0.03,0.08,0.03,2.92,2.2,0.15,6.06,,0.73,1.33,0.21,3.0,0.05,0.62,,,0.2,6.8,0.07,0.18,1.1,30.39,0.29,0.05,0.1,0.48,0.03,1.33,0.09,3.39,0.24,0.16
2010-02-09,0.1,,30,0.3,0.44,0.13,,0.51,0.19,0.03,0.08,0.03,3.0,2.2,0.15,6.06,,0.73,1.32,0.21,3.0,0.05,0.62,,,0.2,6.8,0.07,0.18,1.1,30.39,0.29,0.05,0.1,0.48,0.03,1.33,0.09,3.39,0.25,0.16
2010-02-10,0.1,,30,0.3,0.44,0.13,,0.51,0.19,0.03,0.08,0.03,3.0,2.18,0.14,6.7,,0.76,1.33,0.21,3.0,0.05,0.62,,,0.2,6.8,0.07,0.18,1.1,30.45,0.29,0.05,0.1,0.48,0.03,1.33,0.09,3.39,0.25,0.16
2010-02-11,0.1,,30,0.3,0.44,0.13,,0.51,0.19,0.03,0.08,0.03,3.1,2.18,0.14,6.8,,0.76,1.34,0.21,3.0,0.05,0.62,,,0.2,6.8,0.07,0.17,1.1,30.66,0.29,0.05,0.1,0.48,0.03,1.33,0.09,3.39,0.25,0.16
2010-02-12,0.1,,30,0.3,0.44,0.13,,0.51,0.19,0.03,0.08,0.03,3.1,2.17,0.14,6.8,,0.76,1.34,0.21,3.0,0.05,0.62,,,0.2,6.8,0.07,0.17,1.1,30.66,0.29,0.05,0.1,0.45,0.03,1.33,0.09,3.39,0.25,0.16
2010-02-15,0.1,,30,0.3,0.44,0.13,,0.51,0.19,0.03,0.08,0.03,3.11,2.17,0.14,6.8,,0.78,1.34,0.21,3.0,0.05,0.62,,,0.2,6.8,0.07,0.17,1.1,30.66,0.29,0.05,0.1,0.45,0.03,1.33,0.09,3.39,0.25,0.16
2010-02-16,0.1,,30,0.3,0.44,0.13,,0.51,0.19,0.03,0.08,0.03,3.12,2.17,0.14,6.8,,0.79,1.34,0.21,3.0,0.05,0.62,,,0.2,6.8,0.07,0.17,1.1,30.66,0.29,0.05,0.1,0.45,0.03,1.33,0.09,3.39,0.25,0.16
2010-02-17,0.1,,30,0.3,0.44,0.14,,0.51,0.19,0.03,0.08,0.03,3.12,2.17,0.14,6.8,,0.79,1.34,0.21,3.0,0.05,0.62,,,0.2,6.8,0.07,0.17,1.1,30.7,0.29,0.05,0.1,0.45,0.03,1.33,0.09,3.39,0.25,0.16
2010-02-18,0.1,,30,0.3,0.44,0.14,,0.51,0.19,0.03,0.08,0.03,3.12,2.17,0.14,6.8,,0.8,1.34,0.21,3.0,0.05,0.62,,,0.2,6.8,0.07,0.17,1.1,30.7,0.29,0.05,0.1,0.45,0.03,1.33,0.09,3.39,0.24,0.16
2010-02-19,0.1,,30,0.3,0.44,0.14,,0.51,0.18,0.03,0.08,0.03,3.15,2.17,0.14,6.8,,0.79,1.34,0.21,3.0,0.05,0.62,,,0.2,6.8,0.07,0.17,1.1,30.7,0.3,0.05,0.1,0.45,0.03,1.33,0.09,3.39,0.24,0.16
2010-02-22,0.1,,30,0.3,0.44,0.14,,0.51,0.18,0.03,0.08,0.03,3.15,2.17,0.14,6.8,,0.8,1.35,0.21,3.0,0.05,0.62,,,0.18,6.8,0.07,0.17,1.1,30.7,0.3,0.05,0.1,0.45,0.03,1.33,0.09,3.39,0.24,0.16
2010-02-23,0.1,,30,0.3,0.44,0.14,,0.51,0.17,0.03,0.08,0.03,3.15,2.17,0.14,6.8,,0.8,1.35,0.21,3.0,0.05,0.62,,,0.18,6.8,0.07,0.17,1.1,30.7,0.3,0.05,0.1,0.45,0.03,1.33,0.09,3.39,0.24,0.16
2010-02-24,0.1,,30,0.3,0.44,0.14,,0.51,0.17,0.03,0.08,0.03,3.15,2.17,0.14,6.8,,0.8,1.35,0.21,3.0,0.05,0.62,,,0.18,6.8,0.07,0.17,1.1,30.85,0.3,0.05,0.1,0.45,0.03,1.33,0.09,3.39,0.24,0.16
2010-02-25,0.1,,30,0.3,0.44,0.14,,0.51,0.17,0.03,0.08,0.03,3.16,2.17,0.14,6.8,,0.8,1.35,0.21,3.0,0.05,0.62,,,0.18,7.0,0.07,0.17,1.1,31.0,0.3,0.05,0.1,0.45,0.03,1.33,0.09,3.39,0.24,0.16
2010-02-26,0.1,,30,0.3,0.44,0.14,,0.51,0.17,0.03,0.08,0.03,3.16,2.17,0.13,6.8,,0.8,1.35,0.21,3.0,0.05,0.62,,,0.18,7.0,0.07,0.17,1.1,31.05,0.3,0.05,0.1,0.45,0.03,1.33,0.09,3.39,0.24,0.16
2010-03-01,0.1,,30,0.3,0.44,0.14,,0.51,0.17,0.03,0.08,0.03,3.17,2.17,0.13,6.8,,0.84,1.35,0.21,3.0,0.05,0.62,,,0.18,7.0,0.07,0.17,1.1,31.05,0.3,0.05,0.1,0.45,0.03,1.33,0.09,3.39,0.24,0.16
2010-03-02,0.1,,30,0.3,0.44,0.14,,0.51,0.17,0.03,0.08,0.03,3.3,2.1,0.13,6.8,,0.84,1.35,0.21,3.0,0.05,0.62,,,0.18,7.0,0.07,0.17,1.1,31.05,0.3,0.05,0.1,0.45,0.03,1.33,0.09,3.39,0.24,0.16
2010-03-03,0.1,,30,0.3,0.44,0.14,,0.51,0.19,0.03,0.08,0.03,3.3,2.1,0.14,6.8,,0.85,1.35,0.21,3.0,0.05,0.62,,,0.18,7.0,0.07,0.15,1.1,31.05,0.3,0.05,0.1,0.45,0.03,1.33,0.09,3.39,0.23,0.16
2010-03-04,0.1,,30,0.3,0.44,0.14,,0.51,0.19,0.03,0.08,0.03,3.32,2.1,0.14,6.8,,0.85,1.35,0.2,3.0,0.05,0.62,,,0.18,7.01,0.07,0.15,1.1,31.05,0.3,0.05,0.1,0.45,0.03,1.33,0.09,3.39,0.23,0.16
2010-03-05,0.1,,30,0.3,0.44,0.14,,0.51,0.19,0.03,0.08,0.03,3.34,2.1,0.15,6.9,,0.87,1.35,0.2,3.0,0.05,0.62,,,0.18,7.01,0.07,0.15,1.1,31.05,0.3,0.05,0.1,0.45,0.03,1.33,0.09,3.39,0.23,0.16
2010-03-09,0.1,,30,0.3,0.44,0.14,,0.51,0.19,0.03,0.08,0.03,3.37,2.1,0.14,6.9,,0.9,1.35,0.2,3.0,0.05,0.62,,,0.18,7.01,0.07,0.15,1.1,31.2,0.3,0.05,0.1,0.45,0.03,1.33,0.09,3.39,0.23,0.16
2010-03-10,0.1,,34,0.3,0.44,0.14,,0.51,0.2,0.03,0.08,0.03,3.38,2.1,0.14,6.9,,0.95,1.36,0.2,3.0,0.05,0.62,,,0.18,7.01,0.07,0.15,1.1,31.22,0.3,0.05,0.1,0.45,0.03,1.33,0.09,3.39,0.23,0.16
2010-03-11,0.1,,34,0.3,0.44,0.14,,0.51,0.2,0.03,0.08,0.03,3.4,2.1,0.14,6.9,,0.95,1.36,0.2,3.0,0.05,0.62,,,0.18,7.01,0.07,0.15,1.1,31.23,0.3,0.05,0.1,0.45,0.03,1.33,0.09,3.39,0.23,0.16
2010-03-12,0.1,,34,0.3,0.44,0.14,,0.51,0.2,0.03,0.08,0.03,3.4,2.1,0.14,6.9,,0.95,1.36,0.2,3.0,0.05,0.62,,,0.18,7.01,0.07,0.15,1.1,31.23,0.3,0.05,0.1,0.45,0.03,1.33,0.09,3.39,0.23,0.16
2010-03-15,0.1,,34,0.3,0.44,0.14,,0.51,0.19,0.03,0.08,0.03,3.45,2.1,0.14,6.9,,0.97,1.37,0.2,3.0,0.05,0.62,,,0.18,7.01,0.07,0.13,1.1,31.23,0.3,0.05,0.1,0.45,0.03,1.33,0.09,3.39,0.23,0.16
2010-03-16,0.1,,34,0.3,0.44,0.14,,0.51,0.19,0.03,0.08,0.03,3.55,2.05,0.14,6.9,,0.97,1.38,0.19,3.0,0.05,0.62,,,0.18,7.01,0.07,0.12,1.1,31.23,0.3,0.05,0.1,0.45,0.03,1.33,0.09,3.39,0.23,0.16
2010-03-17,0.1,,34,0.3,0.44,0.14,,0.51,0.19,0.03,0.08,0.03,3.6,2.05,0.14,6.9,,0.97,1.38,0.2,3.0,0.05,0.62,,,0.18,7.1,0.07,0.11,1.1,31.3,0.3,0.05,0.1,0.45,0.03,1.33,0.09,3.39,0.23,0.16
2010-03-18,0.1,,34,0.3,0.44,0.14,,0.51,0.19,0.03,0.08,0.03,3.65,2.05,0.14,6.9,,0.97,1.38,0.2,3.0,0.05,0.62,,,0.18,7.1,0.07,0.1,1.1,31.33,0.3,0.05,0.1,0.45,0.03,1.33,0.09,3.39,0.23,0.16
2010-03-19,0.1,,34,0.3,0.44,0.14,,0.51,0.19,0.03,0.08,0.03,3.65,2.05,0.14,6.9,,0.96,1.38,0.2,3.0,0.05,0.62,,,0.18,7.1,0.07,0.1,1.1,31.33,0.29,0.05,0.1,0.45,0.03,1.33,0.09,3.39,0.22,0.16
2010-03-22,0.1,,34,0.3,0.44,0.14,,0.51,0.19,0.03,0.08,0.03,3.69,2.05,0.14,6.9,,0.96,1.38,0.19,3.0,0.05,0.62,,,0.18,7.1,0.07,0.1,1.1,31.37,0.3,0.05,0.1,0.45,0.03,1.33,0.09,3.39,0.23,0.16
2010-03-23,0.1,,34,0.3,0.44,0.14,,0.5,0.19,0.03,0.08,0.03,3.75,2.05,0.14,6.9,,0.92,1.39,0.19,3.0,0.05,0.6,,,0.18,7.1,0.07,0.1,1.1,31.37,0.3,0.05,0.1,0.45,0.03,1.33,0.09,3.39,0.22,0.16
2010-03-24,0.1,,34,0.3,0.44,0.14,,0.5,0.19,0.03,0.08,0.03,3.8,2.05,0.14,6.9,,0.85,1.39,0.19,3.0,0.05,0.6,,,0.18,7.1,0.07,0.1,1.1,32.0,0.29,0.05,0.1,0.45,0.03,1.33,0.09,3.39,0.23,0.16
2010-03-25,0.1,,34,0.3,0.44,0.14,,0.5,0.19,0.03,0.08,0.03,3.8,2.05,0.14,6.9,,0.88,1.39,0.19,3.0,0.05,0.6,,,0.18,7.1,0.07,0.1,1.1,32.08,0.29,0.05,0.1,0.45,0.03,1.33,0.09,3.39,0.23,0.16
2010-03-26,0.1,,34,0.3,0.44,0.14,,0.5,0.19,0.03,0.07,0.03,3.85,2.03,0.14,6.9,,0.91,1.39,0.19,3.0,0.05,0.6,,,0.18,7.1,0.07,0.1,1.1,32.08,0.29,0.05,0.1,0.45,0.03,1.33,0.09,3.39,0.22,0.16
2010-03-29,0.1,,34,0.3,0.44,0.14,,0.5,0.19,0.03,0.07,0.03,3.85,2.03,0.14,6.9,,0.92,1.39,0.19,3.0,0.05,0.6,,,0.18,7.13,0.07,0.09,1.1,32.25,0.29,0.05,0.1,0.45,0.03,1.33,0.09,3.39,0.24,0.16
2010-03-30,0.1,,34,0.3,0.44,0.14,,0.5,0.19,0.03,0.07,0.03,3.85,2.03,0.15,6.9,,0.95,1.39,0.19,3.0,0.05,0.6,,,0.18,7.15,0.07,0.09,1.1,32.64,0.29,0.05,0.1,0.45,0.03,1.33,0.09,3.39,0.25,0.16
2010-03-31,0.1,,34,0.3,0.44,0.14,,0.5,0.19,0.03,0.07,0.03,3.85,2.02,0.15,6.9,,0.95,1.39,0.19,3.0,0.05,0.55,,,0.18,7.16,0.07,0.09,1.1,32.75,0.27,0.05,0.09,0.45,0.03,1.33,0.09,3.39,0.25,0.16
2010-04-01,0.1,,34,0.3,0.44,0.14,,0.5,0.19,0.03,0.07,0.03,3.85,2.02,0.15,6.9,,0.98,1.39,0.19,3.0,0.05,0.55,,,0.18,7.16,0.07,0.09,1.1,32.85,0.29,0.05,0.09,0.47,0.03,1.33,0.09,3.39,0.25,0.16
2010-04-06,0.1,,34,0.3,0.44,0.14,,0.5,0.19,0.03,0.07,0.03,3.85,2.02,0.15,6.9,,0.98,1.39,0.19,3.0,0.05,0.55,,,0.18,7.16,0.07,0.09,1.1,32.85,0.29,0.05,0.09,0.47,0.03,1.33,0.09,3.39,0.25,0.16
2010-04-07,0.1,,34,0.3,0.44,0.14,,0.5,0.2,0.03,0.07,0.03,3.85,2.02,0.17,6.9,,0.98,1.4,0.19,3.0,0.05,0.55,,,0.18,7.16,0.07,0.09,1.1,32.9,0.29,0.05,0.09,0.47,0.03,1.33,0.09,3.4,0.25,0.16
2010-04-08,0.1,,34,0.3,0.44,0.14,,0.5,0.2,0.03,0.07,0.03,3.65,2.02,0.16,6.9,,0.97,1.4,0.19,3.0,0.05,0.55,,,0.18,7.16,0.07,0.09,1.1,32.9,0.29,0.05,0.09,0.51,0.03,1.33,0.09,3.4,0.25,0.16
2010-04-09,0.1,,34,0.3,0.44,0.16,,0.5,0.2,0.03,0.07,0.03,3.65,2.02,0.16,6.9,,0.96,1.4,0.19,3.0,0.05,0.6,,,0.18,7.16,0.07,0.09,1.1,32.9,0.29,0.05,0.09,0.51,0.03,1.33,0.09,3.4,0.25,0.16
2010-04-12,0.1,,34,0.3,0.44,0.16,,0.5,0.2,0.03,0.07,0.03,3.65,2.02,0.16,6.9,,0.96,1.4,0.19,3.0,0.05,0.6,,,0.18,7.16,0.07,0.09,1.1,32.9,0.29,0.05,0.09,0.52,0.03,1.33,0.09,3.4,0.25,0.16
2010-04-13,0.1,,34,0.3,0.44,0.16,,0.5,0.21,0.03,0.07,0.03,3.65,2.02,0.16,6.9,,0.95,1.4,0.19,3.0,0.05,0.6,,,0.18,7.16,0.07,0.09,1.1,33.2,0.29,0.05,0.09,0.55,0.03,1.33,0.09,3.45,0.24,0.16
2010-04-14,0.1,,34,0.3,0.44,0.16,,0.5,0.21,0.03,0.07,0.03,3.65,2.02,0.16,6.9,,0.95,1.4,0.19,3.0,0.05,0.6,,,0.18,7.16,0.07,0.09,1.1,33.4,0.29,0.05,0.09,0.57,0.03,1.33,0.09,3.46,0.23,0.16
2010-04-15,0.1,,34,0.3,0.4,0.16,,0.5,0.21,0.03,0.07,0.03,3.64,2.02,0.16,6.9,,0.96,1.4,0.19,3.0,0.05,0.6,,,0.18,7.16,0.07,0.1,1.1,33.4,0.28,0.05,0.09,0.6,0.03,1.33,0.09,3.46,0.23,0.16
2010-04-16,0.1,,34,0.3,0.4,0.16,,0.5,0.2,0.03,0.07,0.03,3.59,2.02,0.16,6.9,,0.95,1.4,0.18,3.0,0.05,0.6,,,0.18,7.16,0.07,0.11,1.1,33.4,0.28,0.05,0.09,0.6,0.03,1.33,0.09,3.46,0.23,0.16
2010-04-19,0.1,,34,0.3,0.4,0.16,,0.5,0.2,0.03,0.07,0.03,3.59,2.02,0.16,6.9,,0.95,1.4,0.2,3.0,0.05,0.6,,,0.18,7.16,0.07,0.1,1.1,33.4,0.28,0.05,0.09,0.6,0.03,1.33,0.09,3.46,0.23,0.16
2010-04-20,0.1,,34,0.3,0.4,0.16,,0.5,0.2,0.03,0.07,0.03,3.59,2.02,0.16,6.9,,1.0,1.4,0.18,3.0,0.05,0.6,,,0.18,7.16,0.07,0.11,1.1,33.4,0.28,0.05,0.09,0.59,0.03,1.33,0.09,3.46,0.23,0.16
2010-04-21,0.1,,34,0.32,0.4,0.16,,0.5,0.2,0.03,0.07,0.03,3.58,2.02,0.16,6.9,,1.0,1.4,0.18,3.0,0.05,0.6,,,0.18,7.16,0.07,0.11,1.1,34.52,0.29,0.05,0.09,0.59,0.03,1.33,0.09,3.46,0.23,0.16
2010-04-22,0.1,,34,0.32,0.4,0.16,,0.5,0.21,0.03,0.07,0.03,3.58,1.72,0.16,6.9,,1.01,1.4,0.18,3.0,0.05,0.6,,,0.18,7.16,0.07,0.11,1.1,39.69,0.3,0.05,0.09,0.55,0.03,1.33,0.09,3.46,0.23,0.16
2010-04-23,0.1,,34,0.32,0.4,0.16,,0.5,0.21,0.03,0.07,0.03,3.58,1.65,0.17,6.95,,1.03,1.4,0.19,3.0,0.05,0.6,,,0.18,7.16,0.07,0.12,1.1,39.71,0.3,0.05,0.09,0.55,0.03,1.33,0.09,3.46,0.23,0.16
2010-04-26,0.1,,34,0.32,0.4,0.16,,0.5,0.21,0.03,0.07,0.03,3.58,1.65,0.17,7.01,,1.05,1.41,0.19,3.0,0.05,0.6,,,0.18,7.16,0.07,0.13,1.1,39.71,0.31,0.05,0.09,0.53,0.03,1.33,0.09,3.46,0.22,0.16
2010-04-27,0.1,,34,0.33,0.4,0.16,,0.5,0.21,0.03,0.07,0.03,3.58,1.65,0.17,7.05,,1.07,1.42,0.19,3.0,0.05,0.6,,,0.18,7.16,0.07,0.13,1.1,39.71,0.31,0.05,0.09,0.52,0.03,1.33,0.09,3.52,0.22,0.16
2010-04-28,0.1,,34,0.33,0.4,0.16,,0.5,0.21,0.03,0.07,0.03,3.58,1.65,0.17,7.1,,1.07,1.42,0.19,3.0,0.05,0.6,,,0.18,7.16,0.07,0.13,1.1,39.71,0.31,0.05,0.09,0.5,0.03,1.33,0.09,3.56,0.21,0.16
2010-04-29,0.1,,34,0.33,0.4,0.16,,0.5,0.21,0.03,0.07,0.03,3.58,1.64,0.17,7.08,,1.11,1.45,0.2,3.0,0.05,0.6,,,0.18,7.17,0.07,0.13,1.1,39.71,0.33,0.05,0.09,0.5,0.03,1.33,0.09,3.6,0.21,0.16
2010-04-30,0.1,,34,0.33,0.4,0.16,,0.5,0.23,0.03,0.07,0.03,3.57,1.64,0.17,7.1,,1.13,1.45,0.2,3.0,0.05,0.6,,,0.18,7.17,0.07,0.14,1.1,39.71,0.34,0.05,0.09,0.51,0.03,1.33,0.09,3.62,0.21,0.16
2010-05-04,0.1,,34,0.33,0.4,0.16,,0.49,0.26,0.03,0.07,0.03,3.56,1.62,0.17,7.1,,1.12,1.6,0.2,3.0,0.05,0.6,,,0.18,7.17,0.07,0.14,1.1,39.72,0.37,0.05,0.09,0.54,0.03,1.33,0.09,3.62,0.19,0.16
2010-05-05,0.1,,34,0.33,0.4,0.16,,0.49,0.28,0.03,0.07,0.03,3.53,1.62,0.18,7.11,,1.13,1.6,0.2,3.0,0.05,0.59,,,0.18,7.17,0.07,0.15,1.1,40.01,0.37,0.05,0.09,0.56,0.03,1.33,0.09,3.65,0.2,0.16
2010-05-06,0.1,,34,0.33,0.4,0.16,,0.49,0.28,0.03,0.07,0.03,3.5,1.62,0.19,7.15,,1.13,1.6,0.2,3.0,0.05,0.59,,,0.18,7.17,0.07,0.15,1.1,40.01,0.36,0.05,0.09,0.6,0.03,1.33,0.09,3.68,0.2,0.16
2010-05-07,0.1,,34,0.33,0.4,0.16,,0.49,0.28,0.03,0.07,0.03,3.5,1.61,0.19,7.2,,1.2,1.6,0.2,3.0,0.05,0.59,,,0.18,7.17,0.07,0.15,1.1,40.01,0.35,0.05,0.09,0.59,0.03,1.33,0.09,3.68,0.2,0.16
2010-05-10,0.1,,34,0.33,0.4,0.16,,0.49,0.28,0.03,0.07,0.03,3.5,1.61,0.19,7.25,,1.22,1.6,0.21,3.0,0.05,0.59,,,0.18,7.23,0.07,0.15,1.1,40.01,0.35,0.05,0.09,0.6,0.03,1.33,0.09,3.69,0.2,0.16
2010-05-11,0.1,,34,0.33,0.4,0.16,,0.49,0.28,0.03,0.07,0.03,3.45,1.4,0.2,7.29,,1.3,1.55,0.23,3.0,0.05,0.57,,,0.18,7.23,0.07,0.15,1.1,40.01,0.34,0.05,0.09,0.66,0.03,1.33,0.09,3.72,0.2,0.16
2010-05-12,0.1,,34,0.33,0.4,0.16,,0.5,0.3,0.03,0.07,0.03,3.4,1.4,0.2,7.33,,1.33,1.55,0.26,3.0,0.05,0.55,,,0.18,7.27,0.07,0.15,1.1,40.01,0.34,0.05,0.09,0.69,0.03,1.33,0.09,3.72,0.2,0.16
2010-05-13,0.1,,34,0.33,0.4,0.17,,0.5,0.3,0.03,0.07,0.03,3.38,1.4,0.2,7.33,,1.34,1.6,0.27,3.0,0.05,0.6,,,0.18,7.27,0.07,0.15,1.1,40.5,0.34,0.05,0.09,0.69,0.03,1.33,0.09,3.72,0.2,0.16
2010-05-14,0.1,,34,0.33,0.4,0.17,,0.5,0.3,0.03,0.07,0.03,3.38,1.4,0.2,7.33,,1.36,1.65,0.27,3.0,0.05,0.55,,,0.18,7.27,0.07,0.16,1.1,40.5,0.35,0.05,0.09,0.7,0.03,1.33,0.09,3.72,0.2,0.16
2010-05-17,0.1,,34,0.33,0.4,0.17,,0.5,0.3,0.03,0.07,0.03,3.34,1.2,0.2,7.34,,1.36,1.65,0.27,3.0,0.05,0.59,,,0.18,7.27,0.07,0.16,1.1,40.5,0.34,0.05,0.09,0.7,0.03,1.33,0.09,3.72,0.2,0.16
2010-05-18,0.1,,34,0.33,0.4,0.16,,0.51,0.29,0.03,0.07,0.03,3.35,1.02,0.2,7.39,,1.36,1.65,0.25,3.0,0.05,0.59,,,0.17,7.27,0.07,0.16,1.1,40.55,0.32,0.05,0.09,0.65,0.03,1.33,0.09,3.77,0.2,0.16
2010-05-19,0.1,,34,0.33,0.4,0.16,,0.51,0.29,0.03,0.07,0.03,3.35,1.07,0.2,7.39,,1.4,1.65,0.26,2.7,0.05,0.62,,,0.17,7.27,0.07,0.15,1.1,38.0,0.33,0.05,0.09,0.65,0.03,1.33,0.09,3.8,0.2,0.16
2010-05-20,0.1,,34,0.33,0.4,0.16,,0.58,0.3,0.03,0.07,0.03,3.35,1.12,0.2,7.39,,1.4,1.65,0.28,2.7,0.05,0.62,,,0.17,7.27,0.07,0.16,1.1,40.59,0.33,0.05,0.09,0.65,0.03,1.33,0.09,3.8,0.21,0.16
2010-05-22,0.1,,34,0.33,0.4,0.16,,0.66,0.3,0.03,0.07,0.03,3.35,1.21,0.2,7.5,,1.46,1.6,0.27,2.7,0.05,0.62,,,0.17,7.27,0.07,0.15,1.1,41.5,0.32,0.05,0.09,0.65,0.03,1.33,0.09,3.8,0.21,0.16
2010-05-24,0.1,,34,0.33,0.4,0.16,,0.72,0.29,0.03,0.07,0.03,3.34,1.24,0.2,7.6,,1.47,1.65,0.28,2.7,0.05,0.62,,,0.17,7.27,0.07,0.15,1.1,41.5,0.33,0.05,0.09,0.65,0.03,1.33,0.09,3.8,0.21,0.16
2010-05-26,0.1,,34,0.33,0.4,0.16,,0.76,0.29,0.03,0.07,0.03,3.35,1.25,0.2,7.63,,1.48,1.65,0.28,2.7,0.05,0.62,,,0.17,7.27,0.07,0.15,1.1,41.5,0.33,0.05,0.09,0.65,0.03,1.33,0.09,3.8,0.21,0.16
2010-05-27,0.1,,34,0.33,0.4,0.16,,0.77,0.29,0.03,0.07,0.03,3.34,1.27,0.19,7.64,,1.58,1.65,0.29,2.7,0.05,0.62,,,0.17,7.27,0.07,0.15,1.1,41.5,0.32,0.05,0.09,0.65,0.03,1.33,0.09,3.8,0.24,0.16
2010-05-28,0.1,,34,0.33,0.4,0.17,,0.79,0.29,0.03,0.07,0.03,3.35,1.27,0.19,7.65,,1.71,1.65,0.29,2.7,0.05,0.62,,,0.17,7.27,0.07,0.15,1.1,41.5,0.32,0.05,0.09,0.65,0.03,1.33,0.09,3.82,0.26,0.16
2010-05-31,0.1,,34,0.33,0.4,0.16,,0.82,0.28,0.03,0.07,0.03,3.34,1.4,0.19,7.68,,1.78,1.65,0.3,2.7,0.05,0.62,,,0.17,7.27,0.07,0.15,1.1,41.51,0.32,0.05,0.09,0.67,0.03,1.33,0.09,3.82,0.29,0.16
2010-06-01,0.09,,34,0.33,0.4,0.16,,0.8,0.26,0.03,0.07,0.03,3.34,1.46,0.19,7.69,,1.82,1.65,0.31,2.7,0.05,0.55,,,0.17,7.27,0.07,0.15,1.1,41.51,0.33,0.05,0.09,0.68,0.03,1.33,0.09,3.86,0.32,0.16
2010-06-02,0.09,,34,0.33,0.4,0.16,,0.8,0.28,0.03,0.07,0.03,3.33,1.52,0.18,7.78,,1.8,1.65,0.34,2.7,0.05,0.55,,,0.17,7.27,0.07,0.15,1.1,41.65,0.34,0.05,0.09,0.67,0.03,1.33,0.09,3.87,0.36,0.16
2010-06-03,0.09,,34,0.33,0.4,0.16,,0.8,0.25,0.03,0.07,0.03,3.35,1.7,0.18,7.86,,1.77,1.65,0.34,2.7,0.05,0.55,,,0.17,7.27,0.07,0.15,1.1,42.12,0.33,0.05,0.09,0.68,0.03,1.33,0.09,3.87,0.34,0.16
2010-06-04,0.09,,34,0.34,0.4,0.16,,0.79,0.27,0.03,0.07,0.03,3.35,1.8,0.17,7.86,,1.76,1.65,0.34,2.7,0.05,0.62,,,0.17,7.27,0.07,0.15,1.1,42.12,0.33,0.05,0.09,0.68,0.03,1.33,0.09,3.87,0.323,0.16
2010-06-07,0.09,,34,0.34,0.4,0.16,,0.79,0.26,0.03,0.07,0.03,3.35,1.8,0.17,7.86,,1.74,1.65,0.33,2.7,0.05,0.53,,,0.17,7.27,0.07,0.15,1.1,42.12,0.32,0.05,0.09,0.68,0.03,1.33,0.09,3.92,0.323,0.16
2010-06-08,0.09,,34,0.34,0.4,0.16,,0.79,0.26,0.03,0.07,0.03,3.34,1.8,0.16,7.87,,1.65,1.65,0.32,2.7,0.05,0.5,,,0.17,7.38,0.07,0.15,1.1,42.14,0.31,0.05,0.09,0.66,0.03,1.33,0.09,3.92,0.323,0.16
2010-06-09,0.09,,34,0.34,0.4,0.16,,0.79,0.26,0.03,0.07,0.03,3.32,1.75,0.15,7.87,,1.6,1.65,0.3,2.7,0.05,0.49,,,0.17,7.38,0.07,0.15,1.1,42.14,0.3,0.05,0.09,0.65,0.03,1.33,0.09,3.92,0.323,0.16
2010-06-10,0.09,,34,0.35,0.4,0.16,,0.79,0.26,0.03,0.07,0.03,3.3,1.75,0.15,7.89,,1.55,1.65,0.3,2.7,0.05,0.49,,,0.17,7.38,0.07,0.15,1.1,42.5,0.3,0.05,0.09,0.65,0.03,1.33,0.09,3.92,0.323,0.16
2010-06-11,0.09,,34,0.35,0.4,0.16,,0.76,0.26,0.03,0.07,0.02,3.3,1.75,0.15,7.89,,1.49,1.65,0.3,2.7,0.05,0.48,,,0.17,7.38,0.07,0.15,1.1,42.5,0.3,0.05,0.09,0.65,0.03,1.33,0.09,3.95,0.323,0.16
2010-06-14,0.09,,34,0.35,0.4,0.16,,0.76,0.25,0.03,0.07,0.02,3.29,1.72,0.15,7.89,,1.4,1.65,0.3,2.7,0.05,0.47,,,0.17,7.38,0.07,0.15,1.1,42.5,0.3,0.05,0.09,0.65,0.03,1.33,0.09,3.4,0.323,0.16
2010-06-15,0.09,,34,0.35,0.4,0.16,,0.73,0.24,0.03,0.07,0.02,3.3,1.7,0.15,7.89,,1.3,1.65,0.3,2.7,0.05,0.47,,,0.17,7.38,0.07,0.15,1.1,42.5,0.3,0.05,0.09,0.65,0.03,1.33,0.09,3.4,0.32,0.16
2010-06-16,0.09,,34,0.35,0.4,0.16,,0.71,0.24,0.03,0.07,0.02,3.25,1.7,0.15,7.89,,1.28,1.55,0.3,2.7,0.05,0.47,,,0.17,7.38,0.07,0.15,1.1,42.56,0.3,0.05,0.09,0.65,0.03,1.33,0.09,3.41,0.32,0.16
2010-06-17,0.09,,34,0.35,0.4,0.16,,0.72,0.24,0.03,0.07,0.02,3.3,1.7,0.15,7.89,,1.47,1.55,0.29,2.7,0.05,0.53,,,0.17,7.38,0.07,0.15,1.1,42.65,0.32,0.05,0.09,0.65,0.03,1.33,0.08,3.41,0.32,0.16
2010-06-18,0.09,,34,0.35,0.4,0.16,,0.72,0.25,0.03,0.07,0.02,3.35,1.7,0.15,7.88,,1.65,1.55,0.29,2.7,0.05,0.53,,,0.17,7.38,0.07,0.15,1.1,42.7,0.34,0.05,0.09,0.65,0.03,1.33,0.08,3.41,0.32,0.16
2010-06-21,0.09,,34,0.35,0.4,0.16,,0.75,0.26,0.03,0.07,0.02,3.34,1.7,0.16,7.86,,1.79,1.56,0.29,2.7,0.05,0.53,,,0.17,7.38,0.07,0.15,1.1,42.7,0.34,0.05,0.09,0.65,0.03,1.33,0.08,3.41,0.32,0.16
2010-06-22,0.09,,34,0.35,0.4,0.16,,0.75,0.26,0.03,0.07,0.02,3.33,1.7,0.16,7.86,,1.6,1.55,0.27,2.7,0.05,0.52,,,0.17,7.38,0.07,0.15,1.1,42.8,0.34,0.05,0.09,0.66,0.03,1.33,0.08,3.41,0.32,0.16
2010-06-23,0.09,,34,0.35,0.4,0.16,,0.75,0.26,0.03,0.07,0.02,3.35,1.69,0.16,7.86,,1.55,1.55,0.27,2.7,0.05,0.52,,,0.17,7.38,0.07,0.15,1.1,42.8,0.34,0.05,0.09,0.66,0.03,1.33,0.08,3.5,0.32,0.16
2010-06-24,0.09,,34,0.35,0.4,0.16,,0.74,0.26,0.03,0.07,0.02,3.35,1.69,0.16,7.85,,1.55,1.55,0.27,2.7,0.05,0.52,,,0.17,7.38,0.07,0.15,1.1,42.8,0.34,0.05,0.09,0.67,0.03,1.33,0.08,3.5,0.31,0.16
2010-06-25,0.09,,34,0.35,0.4,0.16,,0.71,0.26,0.03,0.07,0.02,3.35,1.69,0.15,7.8,,1.56,1.55,0.27,2.7,0.05,0.52,,,0.17,7.38,0.07,0.15,1.1,42.8,0.34,0.05,0.09,0.67,0.03,1.33,0.08,3.55,0.3,0.16
2010-06-28,0.09,,34,0.37,0.4,0.16,,0.71,0.27,0.03,0.07,0.02,3.35,1.69,0.15,7.8,,1.62,1.55,0.23,2.7,0.05,0.52,,,0.17,7.38,0.07,0.15,1.1,42.8,0.34,0.05,0.09,0.64,0.03,1.33,0.08,3.55,0.3,0.16
2010-06-29,0.09,,34,0.37,0.4,0.17,,0.71,0.27,0.03,0.07,0.02,3.35,1.69,0.15,7.8,,1.62,1.55,0.23,2.7,0.05,0.52,,,0.17,7.38,0.07,0.15,1.1,42.8,0.33,0.05,0.09,0.63,0.03,1.33,0.08,3.6,0.29,0.16
2010-06-30,0.09,,34,0.37,0.4,0.17,,0.73,0.27,0.03,0.07,0.02,3.34,1.69,0.15,7.8,,1.62,1.55,0.24,2.7,0.05,0.59,,,0.17,7.38,0.07,0.13,1.1,42.9,0.33,0.05,0.09,0.62,0.02,1.33,0.08,3.6,0.29,0.16
2010-07-02,0.09,,34,0.37,0.34,0.17,,0.73,0.27,0.03,0.07,0.01,3.3,1.67,0.15,7.79,,1.6,1.55,0.25,2.7,0.05,0.59,,,0.17,7.38,0.07,0.13,1.1,42.9,0.33,0.05,0.09,0.6,0.02,1.33,0.08,3.6,0.29,0.16
2010-07-05,0.09,,34,0.37,0.34,0.17,,0.74,0.27,0.03,0.07,0.02,3.3,1.67,0.15,7.79,,1.6,1.55,0.25,2.7,0.05,0.59,,,0.17,7.38,0.07,0.13,1.1,42.9,0.33,0.05,0.09,0.6,0.02,1.33,0.08,3.6,0.29,0.16
2010-07-06,0.09,,34,0.37,0.34,0.17,,0.74,0.28,0.03,0.07,0.02,3.3,1.67,0.15,7.79,,1.57,1.56,0.24,2.7,0.05,0.59,,,0.17,7.38,0.07,0.13,1.1,42.9,0.33,0.05,0.09,0.59,0.02,1.33,0.07,3.6,0.29,0.16
2010-07-07,0.09,,34,0.37,0.34,0.17,,0.74,0.28,0.03,0.07,0.02,3.3,1.67,0.15,7.76,,1.56,1.56,0.24,2.7,0.05,0.59,,,0.17,7.38,0.07,0.13,1.1,42.9,0.33,0.05,0.09,0.56,0.02,1.33,0.07,3.6,0.29,0.16
2010-07-08,0.09,,34,0.37,0.34,0.16,,0.75,0.28,0.03,0.07,0.02,3.3,1.6,0.15,7.76,,1.52,1.56,0.24,2.7,0.05,0.57,,,0.17,7.38,0.07,0.13,1.1,40.55,0.34,0.05,0.09,0.54,0.02,1.33,0.07,3.65,0.29,0.16
2010-07-09,0.09,,34,0.37,0.34,0.16,,0.74,0.28,0.03,0.07,0.02,3.3,1.6,0.15,7.76,,1.53,1.56,0.23,2.84,0.05,0.57,,,0.17,8.25,0.07,0.13,1.1,42.9,0.33,0.05,0.09,0.55,0.02,1.33,0.07,3.65,0.29,0.16
2010-07-12,0.09,,34,0.37,0.34,0.16,,0.74,0.28,0.03,0.07,0.02,3.0,1.6,0.15,7.76,,1.5,1.56,0.23,2.84,0.05,0.57,,,0.17,8.25,0.07,0.13,1.1,42.9,0.33,0.05,0.09,0.54,0.02,1.33,0.07,3.65,0.28,0.16
2010-07-13,0.09,,34,0.37,0.29,0.16,,0.75,0.28,0.03,0.07,0.02,3.0,1.6,0.14,7.76,,1.48,1.56,0.23,2.84,0.05,0.55,,,0.17,8.25,0.07,0.13,1.1,42.7,0.33,0.05,0.09,0.54,0.02,1.33,0.07,3.65,0.28,0.16
2010-07-14,0.09,,34,0.36,0.29,0.16,,0.75,0.28,0.03,0.07,0.02,2.99,1.6,0.13,7.76,,1.5,1.56,0.23,2.84,0.05,0.55,,,0.17,8.25,0.07,0.13,1.1,42.7,0.33,0.05,0.09,0.53,0.02,1.33,0.07,3.7,0.28,0.16
2010-07-15,0.09,,34,0.36,0.29,0.16,,0.74,0.28,0.03,0.07,0.02,2.99,1.59,0.13,7.71,,1.5,1.57,0.23,2.84,0.05,0.55,,,0.17,8.25,0.07,0.13,1.1,42.7,0.35,0.05,0.09,0.53,0.02,1.33,0.07,3.7,0.28,0.16
2010-07-16,0.08,,34,0.36,0.29,0.16,,0.74,0.28,0.03,0.07,0.02,2.99,1.36,0.14,7.71,,1.52,1.56,0.23,2.88,0.05,0.55,,,0.17,8.25,0.07,0.13,1.1,42.7,0.36,0.05,0.09,0.55,0.02,1.33,0.07,3.7,0.28,0.16
2010-07-19,0.08,,34,0.36,0.29,0.16,,0.75,0.28,0.03,0.07,0.02,2.99,1.36,0.14,7.71,,1.52,1.56,0.23,3.3,0.05,0.55,,,0.17,8.25,0.07,0.13,1.1,42.7,0.36,0.05,0.09,0.55,0.02,1.33,0.07,3.7,0.27,0.16
2010-07-20,0.08,,34,0.36,0.29,0.16,,0.75,0.28,0.03,0.07,0.02,2.99,1.36,0.14,7.5,,1.51,1.56,0.25,3.5,0.05,0.55,,,0.17,8.25,0.07,0.12,1.1,42.72,0.36,0.05,0.09,0.55,0.02,1.33,0.07,3.56,0.26,0.16
2010-07-21,0.08,,34,0.36,0.29,0.16,,0.75,0.27,0.03,0.07,0.02,2.99,1.39,0.14,7.19,,1.5,1.56,0.25,3.5,0.05,0.55,,,0.17,8.25,0.07,0.13,1.1,42.72,0.37,0.05,0.09,0.55,0.02,1.33,0.07,3.56,0.26,0.16
2010-07-22,0.08,,34,0.36,0.29,0.16,,0.75,0.26,0.03,0.07,0.02,2.99,1.3,0.14,7.0,,1.49,1.56,0.25,3.5,0.05,0.55,,,0.17,8.25,0.07,0.13,1.1,42.72,0.37,0.05,0.09,0.54,0.02,1.33,0.07,3.56,0.27,0.16
2010-07-23,0.08,,34,0.36,0.29,0.16,,0.74,0.25,0.03,0.07,0.02,2.98,1.3,0.14,7.33,,1.48,1.56,0.25,3.5,0.05,0.56,,,0.17,8.25,0.07,0.13,1.1,42.73,0.37,0.05,0.09,0.55,0.02,1.33,0.07,3.56,0.26,0.16
2010-07-26,0.08,,34,0.36,0.29,0.16,,0.74,0.24,0.03,0.07,0.02,2.97,1.3,0.14,7.35,,1.6,1.56,0.25,3.5,0.05,0.56,,,0.17,8.25,0.07,0.13,1.1,42.73,0.39,0.05,0.09,0.55,0.02,1.33,0.07,3.56,0.26,0.16
2010-07-27,0.08,,34,0.36,0.29,0.16,,0.74,0.25,0.03,0.07,0.02,2.97,1.3,0.15,7.38,,1.48,1.58,0.23,3.5,0.05,0.56,,,0.17,8.25,0.07,0.13,1.1,42.73,0.42,0.05,0.09,0.55,0.02,1.33,0.07,3.56,0.25,0.16
2010-07-28,0.08,,34,0.36,0.29,0.16,,0.74,0.26,0.03,0.07,0.02,2.97,1.2,0.15,7.5,,1.55,1.58,0.23,3.5,0.05,0.56,,,0.17,8.25,0.07,0.13,1.1,42.75,0.41,0.05,0.09,0.55,0.02,1.33,0.07,3.6,0.23,0.16
2010-07-29,0.08,,34,0.36,0.29,0.16,,0.74,0.26,0.03,0.07,0.02,2.96,1.19,0.15,7.6,,1.56,1.56,0.24,3.4,0.05,0.56,,,0.17,8.25,0.07,0.13,1.1,43.0,0.39,0.05,0.09,0.55,0.02,1.33,0.07,3.6,0.23,0.16
2010-07-30,0.08,,34,0.36,0.33,0.16,,0.74,0.26,0.03,0.07,0.02,2.95,1.19,0.15,7.6,,1.56,1.56,0.25,3.4,0.05,0.56,,,0.17,8.3,0.07,0.13,1.1,43.0,0.39,0.05,0.09,0.55,0.02,1.33,0.07,3.6,0.23,0.16
2010-08-02,0.08,,34,0.36,0.33,0.16,,0.74,0.26,0.03,0.07,0.02,2.95,1.19,0.14,7.6,,1.56,1.56,0.25,3.4,0.05,0.54,,,0.17,8.3,0.07,0.14,1.1,43.0,0.39,0.05,0.09,0.55,0.02,1.33,0.07,3.6,0.25,0.16
2010-08-03,0.08,,34,0.36,0.33,0.16,,0.74,0.27,0.03,0.07,0.02,2.87,1.25,0.14,7.61,,1.57,1.56,0.25,3.4,0.05,0.54,,,0.17,8.3,0.07,0.15,1.1,43.0,0.39,0.05,0.09,0.55,0.02,1.33,0.07,3.6,0.25,0.16
2010-08-04,0.08,,34,0.36,0.33,0.16,,0.74,0.28,0.03,0.07,0.02,2.87,1.25,0.14,7.65,,1.57,1.56,0.24,3.3,0.05,0.54,,,0.17,8.3,0.07,0.16,1.1,43.0,0.4,0.05,0.09,0.56,0.02,1.33,0.07,3.6,0.25,0.16
2010-08-05,0.08,,34,0.36,0.33,0.16,,0.74,0.29,0.03,0.07,0.02,2.87,1.28,0.13,7.8,,1.7,1.56,0.25,3.3,0.05,0.54,,,0.17,8.3,0.07,0.16,1.1,43.0,0.4,0.05,0.09,0.57,0.02,1.33,0.07,3.61,0.25,0.16
2010-08-06,0.08,,34,0.36,0.33,0.16,,0.74,0.29,0.03,0.07,0.02,2.87,1.28,0.13,7.85,,1.7,1.56,0.25,3.3,0.05,0.54,,,0.17,8.3,0.07,0.17,1.1,43.0,0.4,0.05,0.09,0.57,0.02,1.33,0.07,3.65,0.25,0.16
2010-08-09,0.08,,34,0.36,0.33,0.16,,0.74,0.28,0.03,0.07,0.02,2.87,1.3,0.13,8.0,,1.7,1.56,0.25,3.3,0.05,0.54,,,0.17,8.3,0.07,0.17,1.1,43.0,0.4,0.05,0.09,0.57,0.02,1.33,0.07,3.65,0.25,0.16
2010-08-10,0.08,,34,0.36,0.33,0.16,,0.74,0.27,0.03,0.07,0.02,2.9,1.31,0.13,8.0,,1.71,1.56,0.25,3.4,0.05,0.54,,,0.17,8.3,0.07,0.17,1.1,43.0,0.4,0.05,0.09,0.57,0.02,1.33,0.07,3.65,0.25,0.16
2010-08-11,0.08,,34,0.36,0.33,0.16,,0.74,0.27,0.03,0.07,0.02,2.9,1.5,0.14,8.01,,1.72,1.56,0.25,3.4,0.05,0.54,,,0.17,8.3,0.07,0.17,1.1,43.05,0.4,0.05,0.09,0.57,0.02,1.33,0.07,3.65,0.25,0.16
2010-08-12,0.08,,34,0.36,0.33,0.16,,0.74,0.27,0.03,0.07,0.02,2.87,1.56,0.14,8.02,,1.75,1.56,0.25,3.4,0.05,0.54,,,0.17,8.3,0.07,0.17,1.1,43.05,0.37,0.05,0.09,0.57,0.02,1.33,0.07,3.65,0.25,0.16
2010-08-13,0.08,,34,0.36,0.33,0.16,,0.74,0.27,0.03,0.07,0.02,2.8,1.6,0.14,8.5,,1.9,1.56,0.23,3.4,0.05,0.46,,,0.17,8.3,0.07,0.17,1.1,43.05,0.38,0.05,0.09,0.57,0.02,1.33,0.07,3.85,0.25,0.16
2010-08-16,0.08,,34,0.36,0.34,0.16,,0.74,0.25,0.03,0.07,0.02,2.85,1.61,0.14,8.5,,1.9,1.56,0.23,3.4,0.05,0.52,,,0.17,8.3,0.07,0.17,1.1,43.05,0.37,0.05,0.09,0.56,0.02,1.33,0.07,4.0,0.25,0.16
2010-08-17,0.08,,34,0.36,0.34,0.16,,0.74,0.26,0.03,0.07,0.02,2.88,1.61,0.14,8.5,,1.85,1.56,0.23,3.4,0.05,0.52,,,0.17,8.3,0.07,0.17,1.1,43.05,0.37,0.05,0.09,0.56,0.02,1.33,0.07,4.0,0.26,0.16
2010-08-18,0.08,,34,0.36,0.34,0.16,,0.74,0.27,0.03,0.07,0.02,2.98,1.7,0.14,8.5,,1.85,1.56,0.23,3.41,0.05,0.52,,,0.17,8.3,0.07,0.17,1.1,43.05,0.35,0.05,0.09,0.56,0.02,1.33,0.07,4.15,0.26,0.16
2010-08-19,0.08,,34,0.36,0.34,0.16,,0.74,0.27,0.03,0.07,0.02,3.0,1.78,0.15,8.5,,1.85,1.56,0.24,3.41,0.05,0.52,,,0.17,8.3,0.07,0.16,1.1,43.05,0.37,0.05,0.08,0.56,0.02,1.33,0.07,4.25,0.26,0.16
2010-08-20,0.08,,34,0.38,0.34,0.16,,0.74,0.29,0.03,0.07,0.02,3.0,1.8,0.15,8.51,,1.85,1.55,0.24,3.41,0.05,0.52,,,0.17,8.3,0.07,0.17,1.1,43.05,0.37,0.05,0.08,0.57,0.02,1.33,0.07,4.3,0.26,0.16
2010-08-23,0.08,,34,0.42,0.34,0.16,,0.74,0.3,0.03,0.07,0.02,3.0,1.81,0.14,8.51,,1.85,1.55,0.24,3.6,0.05,0.51,,,0.17,8.3,0.07,0.16,1.1,43.05,0.36,0.05,0.08,0.6,0.02,1.33,0.07,4.3,0.26,0.16
2010-08-24,0.08,,34,0.4,0.34,0.16,,0.74,0.29,0.03,0.07,0.02,2.95,1.81,0.15,8.6,,1.85,1.56,0.27,3.6,0.05,0.51,,,0.17,8.45,0.07,0.16,1.1,43.06,0.36,0.05,0.08,0.6,0.02,1.33,0.07,4.3,0.26,0.16
2010-08-25,0.08,,34,0.4,0.34,0.16,,0.75,0.29,0.03,0.07,0.02,3.0,1.81,0.15,8.7,,1.85,1.56,0.26,3.61,0.05,0.51,,,0.17,8.45,0.07,0.16,1.1,43.06,0.36,0.05,0.08,0.61,0.02,1.33,0.07,4.3,0.26,0.16
2010-08-26,0.08,,34,0.4,0.34,0.16,,0.75,0.28,0.03,0.07,0.02,2.95,1.81,0.14,8.7,,1.85,1.56,0.26,3.61,0.05,0.51,,,0.17,8.45,0.07,0.16,1.1,43.1,0.36,0.05,0.08,0.66,0.02,1.33,0.07,4.4,0.26,0.16
2010-08-27,0.08,,34,0.4,0.34,0.16,,0.76,0.29,0.03,0.07,0.02,3.2,1.8,0.15,8.7,,1.85,1.56,0.25,3.61,0.05,0.51,,,0.17,8.45,0.07,0.16,1.1,43.11,0.37,0.05,0.08,0.7,0.02,1.33,0.07,4.4,0.27,0.16
2010-08-30,0.08,,34,0.4,0.34,0.16,,0.76,0.3,0.03,0.07,0.02,3.2,1.7,0.15,8.6,,1.83,1.56,0.28,3.61,0.05,0.51,,,0.17,8.45,0.07,0.17,1.1,43.11,0.38,0.05,0.08,0.7,0.02,1.33,0.07,4.4,0.27,0.16
2010-08-31,0.08,,34,0.4,0.34,0.16,,0.76,0.3,0.03,0.07,0.02,3.2,1.7,0.15,8.6,,1.9,1.56,0.28,3.62,0.05,0.52,,,0.17,8.45,0.07,0.17,1.1,43.11,0.38,0.05,0.08,0.7,0.02,1.33,0.07,4.4,0.27,0.16
2010-09-01,0.09,,34,0.4,0.34,0.16,,0.79,0.3,0.03,0.07,0.02,2.95,1.68,0.15,8.6,,1.9,1.56,0.27,3.62,0.05,0.52,,,0.17,8.45,0.07,0.17,1.1,43.12,0.37,0.05,0.08,0.69,0.02,1.33,0.07,4.4,0.26,0.16
2010-09-02,0.1,,34,0.4,0.34,0.16,,0.79,0.28,0.03,0.07,0.02,3.1,1.68,0.15,8.6,,1.85,1.56,0.27,3.62,0.05,0.52,,,0.17,8.5,0.07,0.17,1.1,43.12,0.37,0.05,0.08,0.7,0.02,1.33,0.07,4.4,0.26,0.16
2010-09-03,0.11,,34,0.4,0.34,0.16,,0.78,0.28,0.03,0.07,0.02,3.1,1.6,0.14,8.6,,1.85,1.56,0.27,3.62,0.05,0.52,,,0.17,8.51,0.07,0.17,1.1,43.12,0.38,0.05,0.08,0.71,0.02,1.33,0.07,4.4,0.27,0.16
2010-09-06,0.12,,34,0.4,0.34,0.16,,0.78,0.28,0.03,0.07,0.02,2.99,1.6,0.15,8.5,,1.85,1.56,0.27,3.62,0.05,0.52,,,0.17,8.51,0.07,0.17,1.1,43.15,0.38,0.05,0.08,0.69,0.02,1.33,0.07,4.4,0.26,0.16
2010-09-07,0.12,,34,0.4,0.34,0.16,,0.78,0.28,0.03,0.07,0.02,3.0,1.6,0.15,8.6,,1.85,1.56,0.28,3.62,0.05,0.52,,,0.17,8.51,0.07,0.17,1.1,43.15,0.38,0.05,0.08,0.69,0.02,1.33,0.07,5.0,0.26,0.16
2010-09-08,0.12,,34,0.4,0.29,0.16,,0.78,0.28,0.03,0.07,0.02,3.0,1.6,0.15,8.6,,1.85,1.56,0.28,3.62,0.05,0.52,,,0.17,8.51,0.07,0.17,1.1,43.15,0.37,0.05,0.08,0.69,0.02,1.33,0.07,5.0,0.25,0.16
2010-09-09,0.12,,34,0.4,0.29,0.16,,0.78,0.29,0.03,0.07,0.02,2.99,1.6,0.15,8.6,,1.8,1.56,0.28,3.62,0.05,0.49,,,0.17,8.51,0.07,0.17,1.1,43.16,0.37,0.05,0.08,0.7,0.02,1.33,0.07,5.0,0.26,0.16
2010-09-13,0.12,,34,0.4,0.29,0.16,,0.78,0.29,0.03,0.07,0.02,2.99,1.52,0.15,8.6,,1.8,1.57,0.27,3.62,0.05,0.5,,,0.17,8.51,0.07,0.17,1.1,43.16,0.37,0.05,0.08,0.69,0.02,1.33,0.07,5.0,0.26,0.16
2010-09-14,0.12,,34,0.42,0.29,0.16,,0.76,0.3,0.03,0.07,0.02,3.0,1.61,0.15,8.6,,1.82,1.57,0.28,3.62,0.05,0.5,,,0.15,8.51,0.07,0.17,1.1,43.16,0.37,0.05,0.08,0.7,0.02,1.33,0.07,5.0,0.26,0.16
2010-09-15,0.12,,34,0.42,0.29,0.16,,0.76,0.3,0.03,0.07,0.02,3.0,1.6,0.14,8.6,,1.85,1.56,0.28,3.62,0.05,0.5,,,0.15,8.71,0.07,0.17,1.1,43.2,0.38,0.05,0.08,0.7,0.02,1.33,0.07,5.0,0.25,0.16
2010-09-16,0.12,,34,0.42,0.29,0.16,,0.76,0.3,0.03,0.07,0.02,2.95,1.6,0.15,8.6,,1.85,1.56,0.28,3.62,0.05,0.5,,,0.15,8.83,0.07,0.17,1.1,43.2,0.38,0.05,0.08,0.7,0.02,1.33,0.07,5.0,0.25,0.16
2010-09-17,0.12,,34,0.42,0.29,0.16,,0.76,0.3,0.03,0.07,0.02,2.98,1.65,0.15,8.6,,1.86,1.56,0.27,3.8,0.05,0.5,,,0.15,8.83,0.07,0.17,1.11,43.22,0.38,0.05,0.08,0.69,0.02,1.33,0.07,5.01,0.26,0.16
2010-09-20,0.12,,34,0.42,0.29,0.16,,0.76,0.3,0.03,0.07,0.02,2.97,1.65,0.15,8.6,,1.87,1.56,0.27,3.8,0.05,0.5,,,0.15,9.0,0.07,0.16,1.11,44.0,0.38,0.05,0.08,0.69,0.02,1.33,0.07,5.01,0.26,0.16
2010-09-22,0.12,,34,0.42,0.29,0.16,,0.76,0.29,0.03,0.07,0.02,2.97,1.65,0.15,8.6,,1.87,1.56,0.27,3.8,0.05,0.5,,,0.15,9.0,0.07,0.16,1.11,44.0,0.38,0.05,0.08,0.69,0.02,1.33,0.07,5.01,0.26,0.16
2010-09-23,0.12,,34,0.45,0.29,0.16,,0.78,0.28,0.03,0.07,0.02,2.97,1.65,0.15,8.6,,1.87,1.52,0.27,4.0,0.05,0.5,,,0.14,9.0,0.07,0.16,1.11,44.0,0.38,0.05,0.08,0.68,0.02,1.33,0.07,5.6,0.26,0.16
2010-09-24,0.12,,34,0.46,0.29,0.16,,0.78,0.29,0.03,0.07,0.02,2.97,1.61,0.14,8.61,,1.87,1.52,0.27,4.5,0.05,0.5,,,0.14,9.0,0.07,0.15,1.11,44.0,0.37,0.05,0.08,0.65,0.02,1.33,0.07,5.05,0.26,0.16
2010-09-27,0.12,,34,0.46,0.29,0.16,,0.78,0.29,0.03,0.07,0.02,2.96,1.61,0.14,8.6,,1.87,1.52,0.25,4.81,0.05,0.5,,,0.14,9.06,0.07,0.15,1.11,44.0,0.38,0.05,0.08,0.63,0.02,1.33,0.07,5.05,0.25,0.16
2010-09-28,0.12,,34,0.46,0.29,0.16,,0.78,0.28,0.03,0.07,0.02,2.96,1.61,0.14,8.6,,1.87,1.56,0.25,4.81,0.05,0.5,,,0.14,9.06,0.07,0.14,1.11,44.0,0.39,0.05,0.08,0.63,0.02,1.33,0.07,5.05,0.25,0.16
2010-09-29,0.12,,34,0.46,0.29,0.16,,0.78,0.29,0.03,0.07,0.02,2.96,1.61,0.15,9.0,,1.86,1.56,0.26,4.81,0.05,0.5,,,0.14,9.06,0.07,0.14,1.11,44.0,0.38,0.05,0.08,0.64,0.02,1.33,0.07,5.05,0.25,0.16
2010-09-30,0.12,,34,0.46,0.29,0.16,,0.78,0.29,0.03,0.07,0.02,3.35,1.61,0.14,9.01,,2.0,1.56,0.26,4.85,0.05,0.49,,,0.14,9.06,0.07,0.14,1.11,44.0,0.38,0.05,0.08,0.65,0.02,1.33,0.07,5.06,0.25,0.16
2010-10-01,0.12,,34,0.45,0.29,0.16,,0.76,0.29,0.03,0.07,0.02,3.34,1.61,0.15,9.01,,2.0,1.56,0.26,4.85,0.05,0.49,,,0.14,9.06,0.07,0.14,1.11,44.0,0.38,0.05,0.08,0.65,0.02,1.33,0.07,5.11,0.25,0.16
2010-10-04,0.12,,34,0.45,0.29,0.16,,0.75,0.29,0.03,0.07,0.02,3.0,1.61,0.15,9.1,,1.86,1.56,0.26,4.85,0.05,0.47,,,0.14,9.06,0.07,0.14,1.11,44.0,0.38,0.05,0.08,0.65,0.02,1.33,0.07,5.11,0.26,0.16
2010-10-05,0.12,,34,0.45,0.29,0.16,,0.75,0.29,0.03,0.07,0.02,3.0,1.68,0.15,9.1,,1.86,1.56,0.26,5.1,0.05,0.47,,,0.14,9.06,0.07,0.14,1.12,44.0,0.38,0.05,0.08,0.67,0.02,1.33,0.07,5.11,0.26,0.16
2010-10-06,0.12,,34,0.45,0.25,0.16,,0.75,0.3,0.03,0.07,0.02,3.0,1.65,0.15,9.1,,1.88,1.56,0.26,5.1,0.05,0.48,,,0.14,9.06,0.07,0.14,1.12,44.0,0.38,0.05,0.08,0.67,0.02,1.33,0.07,5.11,0.26,0.16
2010-10-07,0.12,,34,0.47,0.25,0.16,,0.75,0.3,0.03,0.07,0.02,3.0,1.65,0.14,9.09,,1.87,1.56,0.25,5.1,0.05,0.48,,,0.14,9.2,0.07,0.14,1.12,44.0,0.38,0.05,0.08,0.66,0.02,1.33,0.07,5.11,0.25,0.16
2010-10-08,0.12,,34,0.47,0.22,0.16,,0.75,0.29,0.03,0.07,0.02,3.0,1.65,0.14,9.1,,1.87,1.56,0.25,5.8,0.05,0.48,,,0.14,9.2,0.07,0.14,1.12,44.0,0.38,0.05,0.08,0.65,0.02,1.33,0.07,5.11,0.26,0.16
2010-10-11,0.12,,34,0.47,0.22,0.16,,0.75,0.29,0.03,0.07,0.02,3.0,1.7,0.15,9.15,,1.9,1.56,0.25,5.8,0.05,0.48,,,0.14,9.2,0.07,0.14,1.12,44.0,0.38,0.05,0.08,0.65,0.02,1.33,0.07,5.3,0.26,0.16
2010-10-12,0.12,,34,0.47,0.22,0.16,,0.75,0.29,0.03,0.07,0.02,3.06,1.65,0.15,9.15,,1.91,1.56,0.26,5.82,0.05,0.48,,,0.14,9.2,0.07,0.14,1.12,44.0,0.38,0.05,0.08,0.7,0.02,1.33,0.07,5.3,0.25,0.16
2010-10-13,0.12,,34,0.47,0.22,0.16,,0.75,0.28,0.03,0.07,0.02,3.05,1.66,0.15,9.15,,1.9,1.56,0.26,5.82,0.05,0.48,,,0.14,9.2,0.07,0.14,1.12,44.0,0.38,0.05,0.08,0.7,0.02,1.33,0.07,5.3,0.25,0.16
2010-10-14,0.12,,34,0.47,0.22,0.16,,0.75,0.29,0.03,0.07,0.02,3.05,1.7,0.14,9.15,,1.9,1.56,0.25,5.83,0.05,0.48,,,0.14,9.2,0.07,0.14,1.12,44.2,0.38,0.05,0.08,0.7,0.02,1.33,0.07,5.3,0.25,0.16
2010-10-15,0.12,,34,0.47,0.22,0.16,,0.75,0.29,0.03,0.07,0.02,3.05,1.7,0.14,9.15,,1.85,1.56,0.25,5.91,0.05,0.48,,,0.14,9.2,0.07,0.14,1.12,44.2,0.38,0.05,0.08,0.68,0.02,1.33,0.07,5.35,0.24,0.16
2010-10-18,0.12,,34,0.47,0.22,0.16,,0.75,0.29,0.03,0.07,0.02,3.0,1.7,0.14,9.15,,1.91,1.56,0.25,5.91,0.05,0.48,,,0.14,9.2,0.07,0.14,1.15,44.2,0.38,0.05,0.08,0.67,0.02,1.33,0.07,5.36,0.24,0.16
2010-10-19,0.12,,34,0.47,0.22,0.16,,0.75,0.29,0.03,0.07,0.02,3.05,1.7,0.15,9.15,,1.9,1.56,0.25,5.93,0.05,0.48,,,0.14,9.2,0.07,0.14,1.15,44.2,0.38,0.05,0.08,0.68,0.02,1.33,0.07,5.38,0.24,0.16
2010-10-20,0.12,,34,0.47,0.19,0.16,,0.75,0.29,0.03,0.07,0.02,3.05,1.7,0.15,9.15,,1.9,1.56,0.25,5.94,0.05,0.47,,,0.14,9.2,0.07,0.14,1.15,44.2,0.38,0.05,0.08,0.67,0.02,1.33,0.07,5.38,0.26,0.16
2010-10-21,0.11,,34,0.47,0.19,0.16,,0.75,0.28,0.03,0.07,0.02,3.05,1.7,0.15,9.15,,1.9,1.56,0.25,6.0,0.05,0.47,,,0.14,9.21,0.07,0.14,1.15,44.2,0.38,0.05,0.08,0.67,0.02,1.33,0.07,5.45,0.27,0.16
2010-10-22,0.11,,34,0.47,0.19,0.16,,0.7,0.29,0.03,0.07,0.02,3.0,1.75,0.14,9.17,,1.9,1.56,0.25,6.07,0.05,0.47,,,0.14,9.35,0.07,0.14,1.15,44.2,0.38,0.05,0.08,0.67,0.02,1.33,0.07,5.45,0.3,0.16
2010-10-25,0.11,,34,0.47,0.19,0.16,,0.72,0.29,0.03,0.07,0.02,3.0,1.75,0.14,9.17,,1.9,1.56,0.26,6.07,0.05,0.47,,,0.14,9.35,0.07,0.14,1.15,44.2,0.38,0.05,0.08,0.67,0.02,1.33,0.07,5.45,0.3,0.16
2010-10-26,0.11,,34,0.47,0.19,0.16,,0.75,0.29,0.03,0.07,0.02,3.01,1.75,0.14,9.17,,1.9,1.56,0.25,6.07,0.05,0.47,,,0.14,9.35,0.07,0.14,1.15,44.2,0.38,0.05,0.08,0.66,0.02,1.33,0.07,5.45,0.3,0.16
2010-10-27,0.11,,34,0.47,0.19,0.16,,0.78,0.29,0.03,0.07,0.02,3.01,1.85,0.15,9.17,,1.9,1.56,0.25,6.07,0.05,0.47,,,0.14,9.35,0.07,0.14,1.15,44.3,0.38,0.05,0.08,0.66,0.02,1.33,0.07,5.45,0.3,0.16
2010-10-28,0.11,,34,0.48,0.19,0.16,,0.78,0.28,0.03,0.07,0.02,3.2,1.85,0.14,9.17,,1.91,1.56,0.25,6.07,0.05,0.47,,,0.14,9.35,0.07,0.14,1.15,44.41,0.38,0.05,0.08,0.65,0.02,1.33,0.07,5.45,0.3,0.16
2010-10-29,0.11,,34,0.48,0.19,0.16,,0.78,0.28,0.03,0.07,0.02,3.05,1.85,0.15,9.17,,1.9,1.56,0.25,6.07,0.05,0.47,,,0.14,9.35,0.07,0.14,1.15,44.41,0.38,0.05,0.08,0.64,0.02,1.33,0.07,5.52,0.3,0.16
2010-11-01,0.11,,34,0.51,0.19,0.16,,0.75,0.29,0.03,0.07,0.02,3.0,1.85,0.14,9.17,,1.9,1.56,0.25,6.07,0.05,0.47,,,0.14,9.35,0.07,0.14,1.15,44.41,0.36,0.05,0.08,0.62,0.02,1.33,0.07,5.45,0.3,0.16
2010-11-02,0.11,,34,0.51,0.19,0.16,,0.75,0.29,0.03,0.07,0.02,3.0,1.85,0.14,9.17,,1.9,1.56,0.25,6.07,0.05,0.47,,,0.14,9.35,0.07,0.14,1.15,44.41,0.36,0.05,0.08,0.62,0.02,1.33,0.07,5.55,0.3,0.16
2010-11-03,0.11,,34,0.51,0.19,0.16,,0.75,0.3,0.03,0.07,0.02,3.0,1.9,0.15,9.18,,2.0,1.56,0.25,6.07,0.05,0.47,,,0.14,9.35,0.07,0.14,1.15,44.41,0.36,0.05,0.08,0.6,0.02,1.33,0.07,5.55,0.3,0.16
2010-11-04,0.11,,34,0.58,0.19,0.16,,0.75,0.3,0.03,0.07,0.02,3.0,1.96,0.15,9.19,,2.0,1.56,0.25,6.07,0.05,0.47,,,0.14,9.35,0.07,0.14,1.15,44.42,0.36,0.05,0.08,0.6,0.02,1.33,0.07,5.55,0.3,0.16
2010-11-05,0.11,,34,0.58,0.17,0.16,,0.75,0.3,0.03,0.07,0.02,3.02,2.01,0.15,9.22,,2.0,1.56,0.25,6.07,0.05,0.47,,,0.14,9.36,0.07,0.14,1.15,44.45,0.36,0.05,0.08,0.6,0.02,1.33,0.07,5.55,0.3,0.16
2010-11-08,0.11,,34,0.59,0.17,0.16,,0.75,0.28,0.03,0.07,0.02,3.02,2.01,0.14,9.23,,2.0,1.56,0.25,6.07,0.05,0.47,,,0.14,9.36,0.07,0.14,1.15,44.6,0.36,0.05,0.08,0.55,0.02,1.33,0.07,5.55,0.3,0.16
2010-11-09,0.11,,34,0.59,0.17,0.16,,0.75,0.29,0.03,0.07,0.02,3.02,2.01,0.15,9.25,,2.0,1.56,0.26,6.07,0.05,0.47,,,0.14,9.36,0.07,0.14,1.15,44.5,0.36,0.05,0.08,0.56,0.02,1.33,0.07,5.55,0.3,0.16
2010-11-10,0.11,,34,0.6,0.17,0.16,,0.75,0.3,0.03,0.07,0.02,3.02,2.01,0.14,9.26,,2.0,1.56,0.25,6.1,0.05,0.47,,,0.14,9.36,0.07,0.14,1.15,44.5,0.38,0.05,0.08,0.59,0.02,1.33,0.07,5.55,0.3,0.16
2010-11-11,0.11,,34,0.6,0.17,0.16,,0.74,0.3,0.03,0.07,0.02,3.04,2.01,0.14,9.26,,2.0,1.56,0.26,6.1,0.05,0.47,,,0.14,9.39,0.07,0.14,1.15,44.5,0.39,0.05,0.08,0.59,0.02,1.33,0.07,5.55,0.3,0.16
2010-11-12,0.11,,34,0.6,0.17,0.16,,0.74,0.29,0.03,0.07,0.02,3.0,2.01,0.14,9.26,,2.0,1.56,0.26,6.1,0.05,0.47,,,0.14,9.39,0.07,0.14,1.15,44.5,0.4,0.05,0.08,0.59,0.02,1.33,0.07,5.55,0.3,0.16
2010-11-15,0.11,,34,0.6,0.17,0.16,,0.74,0.29,0.03,0.07,0.02,3.0,2.01,0.14,9.3,,2.0,1.56,0.26,6.1,0.05,0.47,,,0.14,9.39,0.07,0.14,1.16,44.5,0.4,0.05,0.08,0.59,0.02,1.33,0.07,5.56,0.3,0.16
2010-11-17,0.11,,34,0.6,0.17,0.16,,0.74,0.29,0.03,0.07,0.02,3.0,0.42,0.14,9.3,,2.05,1.56,0.26,5.9,0.05,0.47,,,0.14,9.4,0.07,0.14,1.16,44.5,0.4,0.05,0.08,0.58,0.02,1.33,0.07,5.56,0.3,0.16
2010-11-18,0.11,,34,0.6,0.17,0.16,,0.74,0.29,0.03,0.07,0.02,3.0,0.46,0.15,9.3,,2.05,1.56,0.26,5.9,0.05,0.47,,,0.14,9.4,0.07,0.15,1.16,44.5,0.4,0.05,0.08,0.58,0.02,1.33,0.07,5.56,0.3,0.16
2010-11-19,0.11,,34,0.6,0.17,0.16,,0.74,0.29,0.03,0.07,0.02,3.0,0.53,0.15,9.3,,2.15,1.56,0.25,5.9,0.05,0.47,,,0.12,9.4,0.07,0.15,1.16,45.0,0.4,0.05,0.08,0.58,0.02,1.33,0.07,5.55,0.3,0.16
2010-11-22,0.11,,34,0.6,0.17,0.16,,0.74,0.29,0.03,0.07,0.02,3.0,0.6,0.15,9.3,,2.11,1.56,0.25,5.9,0.05,0.47,,,0.12,9.4,0.07,0.14,1.16,45.0,0.4,0.05,0.08,0.57,0.02,1.33,0.07,5.6,0.3,0.16
2010-11-23,0.11,,34,0.6,0.17,0.16,,0.74,0.31,0.02,0.07,0.02,3.0,0.61,0.15,9.3,,2.2,1.56,0.24,5.9,0.05,0.47,,,0.12,9.4,0.07,0.14,1.16,45.01,0.4,0.05,0.08,0.56,0.02,1.33,0.07,5.6,0.3,0.16
2010-11-24,0.11,,34,0.6,0.17,0.16,,0.74,0.31,0.02,0.07,0.02,3.0,0.6,0.15,9.3,,2.2,1.56,0.25,5.9,0.05,0.47,,,0.12,9.4,0.07,0.14,1.16,45.01,0.4,0.05,0.08,0.56,0.02,1.33,0.07,5.56,0.3,0.16
2010-11-25,0.11,,34,0.6,0.17,0.16,,0.74,0.31,0.02,0.07,0.02,3.0,0.6,0.14,9.37,,2.25,1.56,0.25,5.9,0.05,0.47,,,0.12,9.4,0.07,0.14,1.16,45.01,0.42,0.05,0.08,0.57,0.02,1.33,0.07,5.56,0.3,0.16
2010-11-26,0.11,,34,0.6,0.17,0.16,,0.7,0.3,0.02,0.07,0.02,3.01,0.6,0.14,9.51,,2.25,1.56,0.24,5.9,0.05,0.47,,,0.12,9.4,0.07,0.14,1.16,45.02,0.42,0.05,0.08,0.6,0.02,1.33,0.07,5.6,0.29,0.16
2010-11-29,0.11,,34,0.6,0.17,0.16,,0.71,0.3,0.02,0.07,0.02,2.99,0.58,0.15,9.54,,2.25,1.56,0.25,5.9,0.05,0.47,,,0.12,9.4,0.07,0.14,1.16,45.11,0.42,0.05,0.08,0.6,0.02,1.33,0.07,5.6,0.29,0.16
2010-11-30,0.11,,34,0.6,0.17,0.16,,0.7,0.3,0.02,0.07,0.02,3.0,0.58,0.15,10.5,,2.3,1.56,0.23,5.9,0.05,0.47,,,0.12,9.4,0.07,0.14,1.16,45.13,0.42,0.05,0.08,0.6,0.02,1.33,0.07,5.6,0.3,0.16
2010-12-01,0.11,,34,0.6,0.17,0.16,,0.69,0.29,0.02,0.07,0.02,3.0,0.57,0.15,10.55,,2.3,1.56,0.24,5.9,0.05,0.45,,,0.12,9.45,0.07,0.14,1.16,45.13,0.41,0.05,0.08,0.61,0.02,1.33,0.07,5.61,0.28,0.16
2010-12-02,0.11,,34,0.6,0.17,0.16,,0.65,0.3,0.02,0.07,0.02,3.01,0.57,0.14,10.55,,2.33,1.56,0.25,5.9,0.05,0.45,,,0.12,9.45,0.07,0.14,1.16,45.13,0.41,0.05,0.08,0.59,0.02,1.33,0.07,5.61,0.29,0.16
2010-12-06,0.11,,34,0.6,0.17,0.16,,0.65,0.29,0.02,0.07,0.02,3.0,0.57,0.14,10.55,,2.33,1.56,0.25,5.9,0.05,0.45,,,0.12,9.45,0.07,0.14,1.16,45.13,0.41,0.05,0.08,0.58,0.02,1.33,0.07,5.61,0.28,0.16
2010-12-07,0.11,,34,0.6,0.17,0.16,,0.65,0.29,0.02,0.07,0.02,3.0,0.57,0.14,10.55,,2.6,1.56,0.25,5.9,0.05,0.45,,,0.12,9.45,0.07,0.14,1.16,45.13,0.42,0.05,0.08,0.59,0.02,1.33,0.07,5.7,0.28,0.16
2010-12-08,0.11,,34,0.6,0.16,0.16,,0.65,0.29,0.02,0.07,0.02,3.0,0.57,0.14,10.57,,2.7,1.56,0.24,5.9,0.05,0.45,,,0.12,9.45,0.07,0.14,1.16,45.5,0.42,0.05,0.08,0.59,0.02,1.33,0.07,5.7,0.28,0.16
2010-12-09,0.11,,34,0.6,0.16,0.16,,0.7,0.3,0.02,0.07,0.02,3.0,0.57,0.14,10.57,,2.73,1.56,0.24,5.9,0.05,0.45,,,0.12,9.45,0.07,0.14,1.16,45.4,0.42,0.05,0.08,0.59,0.02,1.33,0.07,5.7,0.28,0.16
2010-12-10,0.11,,34,0.6,0.17,0.16,,0.72,0.29,0.02,0.07,0.02,3.0,0.57,0.15,10.57,,2.69,1.56,0.24,5.9,0.05,0.45,,,0.12,9.51,0.07,0.14,1.16,45.4,0.43,0.05,0.08,0.59,0.02,1.33,0.07,5.7,0.28,0.16
2010-12-13,0.1,,34,0.6,0.16,0.16,,0.72,0.29,0.02,0.07,0.02,3.0,0.55,0.15,10.57,,2.61,1.56,0.24,5.9,0.05,0.45,,,0.12,9.51,0.07,0.14,1.16,45.4,0.42,0.05,0.08,0.58,0.02,1.33,0.07,5.7,0.28,0.16
2010-12-14,0.1,,34,0.6,0.14,0.16,,0.72,0.3,0.02,0.07,0.02,3.0,0.55,0.14,2.02,,2.61,1.56,0.24,5.9,0.05,0.45,,,0.1,9.62,0.07,0.14,1.16,45.5,0.43,0.05,0.08,0.55,0.02,1.33,0.07,5.7,0.28,0.16
2010-12-15,0.1,,34,0.6,0.12,0.16,,0.72,0.3,0.02,0.07,0.02,3.0,0.55,0.14,2.32,,2.36,1.56,0.24,5.9,0.05,0.45,,,0.1,9.62,0.07,0.14,1.16,45.5,0.43,0.05,0.08,0.56,0.02,1.33,0.07,5.7,0.28,0.16
2010-12-16,0.1,,34,0.6,0.12,0.16,,0.72,0.3,0.02,0.07,0.02,3.0,0.5,0.15,2.66,,2.45,1.56,0.25,5.9,0.05,0.45,,,0.1,9.62,0.07,0.14,1.16,45.5,0.43,0.05,0.08,0.58,0.02,1.33,0.07,5.7,0.29,0.16
2010-12-17,0.1,,34,0.6,0.12,0.16,,0.72,0.31,0.02,0.07,0.02,3.0,0.5,0.15,2.77,,2.4,1.56,0.26,5.9,0.05,0.45,,,0.1,9.62,0.07,0.13,1.16,45.05,0.43,0.05,0.08,0.62,0.02,1.33,0.07,5.7,0.29,0.16
2010-12-20,0.1,,34,0.6,0.11,0.16,,0.72,0.31,0.02,0.07,0.03,3.0,0.5,0.14,2.58,,2.6,1.56,0.25,5.9,0.05,0.45,,,0.1,9.76,0.07,0.13,1.16,45.05,0.43,0.05,0.08,0.62,0.02,1.33,0.07,5.7,0.27,0.16
2010-12-21,0.1,,34,0.6,0.12,0.16,,0.72,0.31,0.02,0.07,0.03,3.0,0.5,0.14,2.53,,2.5,1.56,0.25,5.9,0.05,0.45,,,0.1,9.76,0.07,0.13,1.16,45.05,0.43,0.05,0.08,0.64,0.02,1.33,0.07,5.7,0.27,0.16
2010-12-22,0.1,,34,0.6,0.11,0.16,,0.75,0.31,0.02,0.07,0.03,3.0,0.5,0.14,2.4,,2.5,1.56,0.25,5.9,0.05,0.45,,,0.1,10.0,0.07,0.13,1.2,45.05,0.43,0.05,0.08,0.64,0.02,1.33,0.07,5.7,0.28,0.16
2010-12-23,0.1,,34,0.6,0.11,0.16,,0.75,0.32,0.02,0.07,0.03,3.02,0.5,0.14,2.3,,2.5,1.56,0.26,5.9,0.05,0.45,,,0.1,10.0,0.07,0.13,1.2,45.15,0.43,0.05,0.08,0.64,0.02,1.33,0.07,5.7,0.28,0.16
2010-12-24,0.1,,34,0.6,0.11,0.16,,0.75,0.32,0.02,0.07,0.02,3.0,0.48,0.14,2.3,,2.51,1.56,0.26,5.9,0.05,0.45,,,0.1,10.0,0.07,0.13,1.2,45.15,0.43,0.05,0.08,0.64,0.02,1.33,0.07,5.7,0.28,0.16
2010-12-29,0.1,,34,0.6,0.11,0.16,,0.75,0.32,0.02,0.07,0.02,3.05,0.5,0.14,2.46,,2.51,1.56,0.27,5.9,0.05,0.45,,,0.1,10.0,0.07,0.13,1.2,45.15,0.43,0.05,0.08,0.64,0.02,1.33,0.07,5.7,0.28,0.16
2010-12-30,0.1,,34,0.6,0.11,0.16,,0.75,0.32,0.02,0.07,0.02,3.0,0.5,0.14,2.47,,2.6,1.56,0.27,5.9,0.05,0.44,,,0.1,10.0,0.07,0.13,1.2,45.15,0.43,0.05,0.08,0.64,0.02,1.33,0.07,5.7,0.3,0.16
2010-12-31,0.1,,34,0.6,0.13,0.16,,0.78,0.38,0.03,0.07,0.02,3.01,0.5,0.14,2.39,,2.62,1.56,0.29,5.2,0.05,0.36,,,0.1,10.94,0.07,0.17,1.2,45.18,0.47,0.04,0.08,0.6,0.02,1.33,0.07,5.69,0.28,0.16
